id,date,title,clean_text,corpus_source,sentiment_score,readability_index
4176,2026-08-27T00:00:00Z,Child-like Sexual Abuse Dolls (Offences) Bill,Title: Child-like Sexual Abuse Dolls (Offences) Bill | Summary: No summary available | Description: No description available,UK_Parliament_Bills_Enriched_Corpus,0.4,16.34
4128,2026-08-27T00:00:00Z,Commercial Payments Bill [HL],Title: Commercial Payments Bill [HL] | Summary: No summary available | Description: No description available,UK_Parliament_Bills_Enriched_Corpus,0.8,16.22
4137,2026-08-27T00:00:00Z,Genocide Determination Bill [HL],Title: Genocide Determination Bill [HL] | Summary: No summary available | Description: No description available,UK_Parliament_Bills_Enriched_Corpus,0.6,18.58
4276,2026-08-27T00:00:00Z,Home Cooling Bill,Title: Home Cooling Bill | Summary: No summary available | Description: No description available,UK_Parliament_Bills_Enriched_Corpus,0.8,15.16
4132,2026-08-27T00:00:00Z,Local Plans (Burial Space) Bill [HL],Title: Local Plans (Burial Space) Bill [HL] | Summary: No summary available | Description: No description available,UK_Parliament_Bills_Enriched_Corpus,0.3,15.33
4022,2026-08-27T00:00:00Z,Northern Ireland Troubles Bill,Title: Northern Ireland Troubles Bill | Summary: No summary available | Description: No description available,UK_Parliament_Bills_Enriched_Corpus,0.05,17.01
4167,2026-08-27T00:00:00Z,Northern Ireland Troubles (Criminal Investigations etc) Bill,Title: Northern Ireland Troubles (Criminal Investigations etc) Bill | Summary: No summary available | Description: No description available,UK_Parliament_Bills_Enriched_Corpus,-0.7,21.59
4198,2026-08-27T00:00:00Z,Ponds (Permitted Development) Bill,Title: Ponds (Permitted Development) Bill | Summary: No summary available | Description: No description available,UK_Parliament_Bills_Enriched_Corpus,0.8,17.79
4030,2026-08-27T00:00:00Z,Railways Bill,Title: Railways Bill | Summary: No summary available | Description: No description available,UK_Parliament_Bills_Enriched_Corpus,0.8,15.8
4080,2026-08-27T00:00:00Z,Representation of the People Bill,Title: Representation of the People Bill | Summary: No summary available | Description: No description available,UK_Parliament_Bills_Enriched_Corpus,0.8,17.2
4127,2026-08-27T00:00:00Z,Sporting Events Bill [HL],Title: Sporting Events Bill [HL] | Summary: No summary available | Description: No description available,UK_Parliament_Bills_Enriched_Corpus,0.8,15.43
4019,2026-08-26T00:00:00Z,Public Office (Accountability) Bill,Title: Public Office (Accountability) Bill | Summary: No summary available | Description: No description available,UK_Parliament_Bills_Enriched_Corpus,1.6,19.37
4146,2026-08-25T00:00:00Z,Microplastic Filters (Washing Machines) Bill [HL],Title: Microplastic Filters (Washing Machines) Bill [HL] | Summary: No summary available | Description: No description available,UK_Parliament_Bills_Enriched_Corpus,0.8,17.42
4143,2026-08-20T00:00:00Z,Leaseholder Remediation (Building Safety) Bill [HL],Title: Leaseholder Remediation (Building Safety) Bill [HL] | Summary: No summary available | Description: No description available,UK_Parliament_Bills_Enriched_Corpus,1.7,19.5
4142,2026-08-19T00:00:00Z,Creative Education Access Bill [HL],Title: Creative Education Access Bill [HL] | Summary: No summary available | Description: No description available,UK_Parliament_Bills_Enriched_Corpus,1.55,17.94
4140,2026-08-19T00:00:00Z,National Security (State Threats) Act 2026,Title: National Security (State Threats) Act 2026 | Summary: No summary available | Description: No description available,UK_Parliament_Bills_Enriched_Corpus,0.05,16.72
4123,2026-08-19T00:00:00Z,Steel Industry (Nationalisation) Act 2026,Title: Steel Industry (Nationalisation) Act 2026 | Summary: No summary available | Description: No description available,UK_Parliament_Bills_Enriched_Corpus,0.8,18.68
4279,2026-07-23T00:00:00Z,Co-operative Capital Bill [HL],Title: Co-operative Capital Bill [HL] | Summary: No summary available | Description: No description available,UK_Parliament_Bills_Enriched_Corpus,1.3,17.2
4278,2026-07-22T00:00:00Z,Hares (Close Season) Bill [HL],Title: Hares (Close Season) Bill [HL] | Summary: No summary available | Description: No description available,UK_Parliament_Bills_Enriched_Corpus,0.8,14.25
4139,2026-07-21T00:00:00Z,British Sovereignty Protection (Chagos Islands) Bill [HL],Title: British Sovereignty Protection (Chagos Islands) Bill [HL] | Summary: No summary available | Description: No description available,UK_Parliament_Bills_Enriched_Corpus,1.6,17.65
4125,2026-07-21T00:00:00Z,Civil Aviation (Consumer Protection and Regulatory Reform) Bill [HL],Title: Civil Aviation (Consumer Protection and Regulatory Reform) Bill [HL] | Summary: No summary available | Description: No description available,UK_Parliament_Bills_Enriched_Corpus,2.4,20.53
4138,2026-07-21T00:00:00Z,Cohabitation Rights Bill [HL],Title: Cohabitation Rights Bill [HL] | Summary: No summary available | Description: No description available,UK_Parliament_Bills_Enriched_Corpus,0.8,17.01
4133,2026-07-21T00:00:00Z,Conduct of Undercover Policing and Surveillance Operatives Bill [HL],Title: Conduct of Undercover Policing and Surveillance Operatives Bill [HL] | Summary: No summary available | Description: No description available,UK_Parliament_Bills_Enriched_Corpus,0.4,19.35
4136,2026-07-21T00:00:00Z,Corporate Waste Responsibility Bill [HL],Title: Corporate Waste Responsibility Bill [HL] | Summary: No summary available | Description: No description available,UK_Parliament_Bills_Enriched_Corpus,0.05,18.68
4135,2026-07-21T00:00:00Z,House of Lords (Alternative Second Chamber) Bill [HL],Title: House of Lords (Alternative Second Chamber) Bill [HL] | Summary: No summary available | Description: No description available,UK_Parliament_Bills_Enriched_Corpus,0.8,16.04
4141,2026-07-21T00:00:00Z,Rights of Boat Dwellers Bill [HL],Title: Rights of Boat Dwellers Bill [HL] | Summary: No summary available | Description: No description available,UK_Parliament_Bills_Enriched_Corpus,0.8,13.95
4126,2026-07-21T00:00:00Z,Social Housing Bill [HL],Title: Social Housing Bill [HL] | Summary: No summary available | Description: No description available,UK_Parliament_Bills_Enriched_Corpus,0.8,15.43
4254,2026-07-20T00:00:00Z,Immigration and Asylum Bill,Title: Immigration and Asylum Bill | Summary: No summary available | Description: No description available,UK_Parliament_Bills_Enriched_Corpus,0.8,17.79
4270,2026-07-20T00:00:00Z,Members of Parliament (Prohibition of Second Jobs) (Motion) Bill,Title: Members of Parliament (Prohibition of Second Jobs) (Motion) Bill | Summary: No summary available | Description: No description available,UK_Parliament_Bills_Enriched_Corpus,-0.2,17.58
4277,2026-07-20T00:00:00Z,Registration of Stillbirths (England and Wales) Bill,Title: Registration of Stillbirths (England and Wales) Bill | Summary: No summary available | Description: No description available,UK_Parliament_Bills_Enriched_Corpus,-0.2,16.34
4194,2026-07-20T00:00:00Z,Scotland (Independence Referendum) Bill,Title: Scotland (Independence Referendum) Bill | Summary: No summary available | Description: No description available,UK_Parliament_Bills_Enriched_Corpus,1.6,19.37
4157,2026-07-20T00:00:00Z,Terminally Ill Adults (End of Life) Bill,Title: Terminally Ill Adults (End of Life) Bill | Summary: No summary available | Description: No description available,UK_Parliament_Bills_Enriched_Corpus,-0.3,15.69
4273,2026-07-16T00:00:00Z,Access to Elected Office Fund (Report) Bill,Title: Access to Elected Office Fund (Report) Bill | Summary: No summary available | Description: No description available,UK_Parliament_Bills_Enriched_Corpus,0.8,16.34
4275,2026-07-16T00:00:00Z,Chalk Streams (Sewerage Investment) Bill,Title: Chalk Streams (Sewerage Investment) Bill | Summary: No summary available | Description: No description available,UK_Parliament_Bills_Enriched_Corpus,0.8,16.46
3896,2026-07-16T00:00:00Z,City of London (Markets) Bill,Title: City of London (Markets) Bill | Summary: No summary available | Description: No description available,UK_Parliament_Bills_Enriched_Corpus,0.9,15.73
4271,2026-07-16T00:00:00Z,Sale and Supply of Glue Traps (Prohibition) Bill,Title: Sale and Supply of Glue Traps (Prohibition) Bill | Summary: No summary available | Description: No description available,UK_Parliament_Bills_Enriched_Corpus,-0.7,15.42
4274,2026-07-16T00:00:00Z,Street Works (Penalties for Utility Companies) Bill Bill,Title: Street Works (Penalties for Utility Companies) Bill Bill | Summary: No summary available | Description: No description available,UK_Parliament_Bills_Enriched_Corpus,1.45,17.28
4253,2026-07-16T00:00:00Z,Supply and Appropriation (Main Estimates) Act 2026,Title: Supply and Appropriation (Main Estimates) Act 2026 | Summary: No summary available | Description: No description available,UK_Parliament_Bills_Enriched_Corpus,0.8,17.65
4264,2026-07-15T00:00:00Z,"Data Publication and Quality (Immigration, Nationality and Country of Birth) Bill","Title: Data Publication and Quality (Immigration, Nationality and Country of Birth) Bill | Summary: No summary available | Description: No description available",UK_Parliament_Bills_Enriched_Corpus,1.4,20.34
4263,2026-07-15T00:00:00Z,Maximum Workplace Temperature Bill,Title: Maximum Workplace Temperature Bill | Summary: No summary available | Description: No description available,UK_Parliament_Bills_Enriched_Corpus,0.8,17.79
4265,2026-07-15T00:00:00Z,Neurodivergence (Screening and Teacher Training) Bill,Title: Neurodivergence (Screening and Teacher Training) Bill | Summary: No summary available | Description: No description available,UK_Parliament_Bills_Enriched_Corpus,1.05,18.8
4266,2026-07-15T00:00:00Z,Short-term Let Accommodation Bill,Title: Short-term Let Accommodation Bill | Summary: No summary available | Description: No description available,UK_Parliament_Bills_Enriched_Corpus,1.2,16.46
4044,2026-07-14T00:00:00Z,Cheltenham Borough Council (Markets) Bill,Title: Cheltenham Borough Council (Markets) Bill | Summary: No summary available | Description: No description available,UK_Parliament_Bills_Enriched_Corpus,1.3,17.2
4262,2026-07-10T00:00:00Z,Early Release of Prisoners (Restriction) Bill,Title: Early Release of Prisoners (Restriction) Bill | Summary: No summary available | Description: No description available,UK_Parliament_Bills_Enriched_Corpus,-0.75,17.42
4130,2026-07-10T00:00:00Z,Lobbying Transparency (In-house Lobbyists) Bill [HL],Title: Lobbying Transparency (In-house Lobbyists) Bill [HL] | Summary: No summary available | Description: No description available,UK_Parliament_Bills_Enriched_Corpus,0.8,17.65
4261,2026-07-09T00:00:00Z,Mental Capacity (Duty to Assess) Bill,Title: Mental Capacity (Duty to Assess) Bill | Summary: No summary available | Description: No description available,UK_Parliament_Bills_Enriched_Corpus,0.8,17.42
4259,2026-07-09T00:00:00Z,Outdoor Education Bill,Title: Outdoor Education Bill | Summary: No summary available | Description: No description available,UK_Parliament_Bills_Enriched_Corpus,0.8,17.68
4186,2026-07-06T00:00:00Z,Multi-Storey Car Parks (Safety) Bill,Title: Multi-Storey Car Parks (Safety) Bill | Summary: No summary available | Description: No description available,UK_Parliament_Bills_Enriched_Corpus,1.6,15.33
4131,2026-07-06T00:00:00Z,Nature’s Rights Bill [HL],Title: Nature’s Rights Bill [HL] | Summary: No summary available | Description: No description available,UK_Parliament_Bills_Enriched_Corpus,0.8,15.43
4258,2026-07-03T00:00:00Z,Controlled Drugs (Procedure for Specification) Bill,Title: Controlled Drugs (Procedure for Specification) Bill | Summary: No summary available | Description: No description available,UK_Parliament_Bills_Enriched_Corpus,1.2,18.11
4256,2026-07-01T00:00:00Z,Child Savings Accounts (Mental Capacity and Disability) Bill,Title: Child Savings Accounts (Mental Capacity and Disability) Bill | Summary: No summary available | Description: No description available,UK_Parliament_Bills_Enriched_Corpus,1.1,19.15
3887,2026-06-29T00:00:00Z,Non-Domestic Rating (Multipliers and Private Schools) Act,Title: Non-Domestic Rating (Multipliers and Private Schools) Act | Summary: No summary available | Description: No description available,UK_Parliament_Bills_Enriched_Corpus,0.8,16.66
3909,2026-06-26T00:00:00Z,Children’s Wellbeing and Schools Act 2026,Title: Children’s Wellbeing and Schools Act 2026 | Summary: No summary available | Description: No description available,UK_Parliament_Bills_Enriched_Corpus,1.8,15.33
4222,2026-06-25T00:00:00Z,BBC Licence Fee Non-Payment (Decriminalisation for Over-75s) Bill,Title: BBC Licence Fee Non-Payment (Decriminalisation for Over-75s) Bill | Summary: No summary available | Description: No description available,UK_Parliament_Bills_Enriched_Corpus,0.2,19.01
4223,2026-06-25T00:00:00Z,British Broadcasting Corporation (Privatisation) Bill,Title: British Broadcasting Corporation (Privatisation) Bill | Summary: No summary available | Description: No description available,UK_Parliament_Bills_Enriched_Corpus,0.55,20.89
4224,2026-06-25T00:00:00Z,Caravan Site Licensing (Exemption of Motor Homes) Bill,Title: Caravan Site Licensing (Exemption of Motor Homes) Bill | Summary: No summary available | Description: No description available,UK_Parliament_Bills_Enriched_Corpus,0.55,17.28
4247,2026-06-25T00:00:00Z,Civil Aviation Authority (Ombudsman) Bill,Title: Civil Aviation Authority (Ombudsman) Bill | Summary: No summary available | Description: No description available,UK_Parliament_Bills_Enriched_Corpus,2.1,20.15
4226,2026-06-25T00:00:00Z,Covid-19 Vaccine Damage Bill,Title: Covid-19 Vaccine Damage Bill | Summary: No summary available | Description: No description available,UK_Parliament_Bills_Enriched_Corpus,0.05,15.73
4227,2026-06-25T00:00:00Z,Covid-19 Vaccine Damage Payments Bill,Title: Covid-19 Vaccine Damage Payments Bill | Summary: No summary available | Description: No description available,UK_Parliament_Bills_Enriched_Corpus,0.05,16.03
4251,2026-06-25T00:00:00Z,Domestic Abuse (Pets etc) Bill,Title: Domestic Abuse (Pets etc) Bill | Summary: No summary available | Description: No description available,UK_Parliament_Bills_Enriched_Corpus,-0.45,17.94
4242,2026-06-25T00:00:00Z,European Convention on Human Rights (Notification of Withdrawal) Bill,Title: European Convention on Human Rights (Notification of Withdrawal) Bill | Summary: No summary available | Description: No description available,UK_Parliament_Bills_Enriched_Corpus,1.2,19.94
4250,2026-06-25T00:00:00Z,Fur (Import and Sale) Bill,Title: Fur (Import and Sale) Bill | Summary: No summary available | Description: No description available,UK_Parliament_Bills_Enriched_Corpus,0.8,14.25
4232,2026-06-25T00:00:00Z,Green Belt (Protection) Bill,Title: Green Belt (Protection) Bill | Summary: No summary available | Description: No description available,UK_Parliament_Bills_Enriched_Corpus,1.6,15.43
4245,2026-06-25T00:00:00Z,Hong Kong Economic and Trade Office Act 1996 (Repeal) Bill,Title: Hong Kong Economic and Trade Office Act 1996 (Repeal) Bill | Summary: No summary available | Description: No description available,UK_Parliament_Bills_Enriched_Corpus,0.55,15.64
4235,2026-06-25T00:00:00Z,Illegal Immigration (Offences) Bill,Title: Illegal Immigration (Offences) Bill | Summary: No summary available | Description: No description available,UK_Parliament_Bills_Enriched_Corpus,-0.2,19.37
4246,2026-06-25T00:00:00Z,Lobular Breast Cancer Bill,Title: Lobular Breast Cancer Bill | Summary: No summary available | Description: No description available,UK_Parliament_Bills_Enriched_Corpus,0.05,16.22
4252,2026-06-25T00:00:00Z,Occupied Palestinian Territory (Trade with Israeli Settlements) Bill,Title: Occupied Palestinian Territory (Trade with Israeli Settlements) Bill | Summary: No summary available | Description: No description available,UK_Parliament_Bills_Enriched_Corpus,0.8,21.01
4243,2026-06-25T00:00:00Z,Planning Application Consultations (Mobile Network Operators) Bill,Title: Planning Application Consultations (Mobile Network Operators) Bill | Summary: No summary available | Description: No description available,UK_Parliament_Bills_Enriched_Corpus,1.05,20.93
4249,2026-06-25T00:00:00Z,Reciprocal Cross-Border Public Services Bill,Title: Reciprocal Cross-Border Public Services Bill | Summary: No summary available | Description: No description available,UK_Parliament_Bills_Enriched_Corpus,0.8,18.11
4239,2026-06-25T00:00:00Z,Regulatory Impact Assessments Bill,Title: Regulatory Impact Assessments Bill | Summary: No summary available | Description: No description available,UK_Parliament_Bills_Enriched_Corpus,0.55,19.37
4240,2026-06-25T00:00:00Z,Rule of Law (Enforcement by Public Authorities) Bill,Title: Rule of Law (Enforcement by Public Authorities) Bill | Summary: No summary available | Description: No description available,UK_Parliament_Bills_Enriched_Corpus,0.3,16.66
4248,2026-06-25T00:00:00Z,Rural Public Transport Bill,Title: Rural Public Transport Bill | Summary: No summary available | Description: No description available,UK_Parliament_Bills_Enriched_Corpus,0.8,16.22
4241,2026-06-25T00:00:00Z,Vaccine Damage Payments Act 1979 (Review) Bill,Title: Vaccine Damage Payments Act 1979 (Review) Bill | Summary: No summary available | Description: No description available,UK_Parliament_Bills_Enriched_Corpus,0.05,15.69
4217,2026-06-24T00:00:00Z,Anonymity of Suspects Bill,Title: Anonymity of Suspects Bill | Summary: No summary available | Description: No description available,UK_Parliament_Bills_Enriched_Corpus,0.05,17.79
4219,2026-06-24T00:00:00Z,Arm's-Length Bodies (Accountability to Parliament) Bill,Title: Arm's-Length Bodies (Accountability to Parliament) Bill | Summary: No summary available | Description: No description available,UK_Parliament_Bills_Enriched_Corpus,1.6,18.31
4218,2026-06-24T00:00:00Z,Arm's-Length Bodies (Review) Bill,Title: Arm's-Length Bodies (Review) Bill | Summary: No summary available | Description: No description available,UK_Parliament_Bills_Enriched_Corpus,0.8,14.99
4220,2026-06-24T00:00:00Z,Bailiffs (Warrants of Possession) Bill,Title: Bailiffs (Warrants of Possession) Bill | Summary: No summary available | Description: No description available,UK_Parliament_Bills_Enriched_Corpus,0.8,16.46
4221,2026-06-24T00:00:00Z,Bank of England (Inflation Targets) Bill,Title: Bank of England (Inflation Targets) Bill | Summary: No summary available | Description: No description available,UK_Parliament_Bills_Enriched_Corpus,-0.2,16.03
4214,2026-06-24T00:00:00Z,Meat (Information About Method of Killing) Bill,Title: Meat (Information About Method of Killing) Bill | Summary: No summary available | Description: No description available,UK_Parliament_Bills_Enriched_Corpus,0.45,17
4215,2026-06-24T00:00:00Z,Public Sector Exit Payments (Limitation) Bill,Title: Public Sector Exit Payments (Limitation) Bill | Summary: No summary available | Description: No description available,UK_Parliament_Bills_Enriched_Corpus,0.3,18.11
4213,2026-06-24T00:00:00Z,Vehicles (Registration) Bill,Title: Vehicles (Registration) Bill | Summary: No summary available | Description: No description available,UK_Parliament_Bills_Enriched_Corpus,0.8,18.53
3983,2026-06-23T00:00:00Z,British Indian Ocean Territory (Sovereignty and Constitutional Arrangements) Bill,Title: British Indian Ocean Territory (Sovereignty and Constitutional Arrangements) Bill | Summary: No summary available | Description: No description available,UK_Parliament_Bills_Enriched_Corpus,1.6,21.71
4193,2026-06-23T00:00:00Z,Chalk Streams (UNESCO Natural World Heritage Site) Bill,Title: Chalk Streams (UNESCO Natural World Heritage Site) Bill | Summary: No summary available | Description: No description available,UK_Parliament_Bills_Enriched_Corpus,1.4,16.66
4210,2026-06-23T00:00:00Z,Consumer Insurance (Disclosure and Representations) Bill,Title: Consumer Insurance (Disclosure and Representations) Bill | Summary: No summary available | Description: No description available,UK_Parliament_Bills_Enriched_Corpus,0.8,20.19
4199,2026-06-23T00:00:00Z,Debt Relief (Developing Countries) Bill,Title: Debt Relief (Developing Countries) Bill | Summary: No summary available | Description: No description available,UK_Parliament_Bills_Enriched_Corpus,0.55,17.2
4182,2026-06-23T00:00:00Z,Dementia (Specialist Support) Bill,Title: Dementia (Specialist Support) Bill | Summary: No summary available | Description: No description available,UK_Parliament_Bills_Enriched_Corpus,0.8,18.58
4197,2026-06-23T00:00:00Z,Domestic Building Works (Consumer Protection) Bill,Title: Domestic Building Works (Consumer Protection) Bill | Summary: No summary available | Description: No description available,UK_Parliament_Bills_Enriched_Corpus,1.7,18.11
4208,2026-06-23T00:00:00Z,Employment Bill,Title: Employment Bill | Summary: No summary available | Description: No description available,UK_Parliament_Bills_Enriched_Corpus,0.8,16.71
4190,2026-06-23T00:00:00Z,Environmental Impact Assessment (Downstream Emissions) Bill,Title: Environmental Impact Assessment (Downstream Emissions) Bill | Summary: No summary available | Description: No description available,UK_Parliament_Bills_Enriched_Corpus,0.8,20.19
4184,2026-06-23T00:00:00Z,Gambling Act 2005 (Mandatory Conditions of Lottery Operating Licences) Bill,Title: Gambling Act 2005 (Mandatory Conditions of Lottery Operating Licences) Bill | Summary: No summary available | Description: No description available,UK_Parliament_Bills_Enriched_Corpus,-0.05,20.7
4183,2026-06-23T00:00:00Z,Gaza (Independent Public Inquiry) Bill,Title: Gaza (Independent Public Inquiry) Bill | Summary: No summary available | Description: No description available,UK_Parliament_Bills_Enriched_Corpus,0.8,18.68
4195,2026-06-23T00:00:00Z,Heritage Trees Bill,Title: Heritage Trees Bill | Summary: No summary available | Description: No description available,UK_Parliament_Bills_Enriched_Corpus,0.8,16
4180,2026-06-23T00:00:00Z,Mobile Homes Bill,Title: Mobile Homes Bill | Summary: No summary available | Description: No description available,UK_Parliament_Bills_Enriched_Corpus,0.8,15.16
4202,2026-06-23T00:00:00Z,National Police Chiefs' Council (Guidance) Bill,Title: National Police Chiefs' Council (Guidance) Bill | Summary: No summary available | Description: No description available,UK_Parliament_Bills_Enriched_Corpus,1.45,16.72
4191,2026-06-23T00:00:00Z,Pets (Microchips) Bill,Title: Pets (Microchips) Bill | Summary: No summary available | Description: No description available,UK_Parliament_Bills_Enriched_Corpus,0.8,16
4189,2026-06-23T00:00:00Z,Public Sector Equality Duty (Repeal) Bill,Title: Public Sector Equality Duty (Repeal) Bill | Summary: No summary available | Description: No description available,UK_Parliament_Bills_Enriched_Corpus,1.6,18.11
4192,2026-06-23T00:00:00Z,UK Food Labelling (Country of Origin) Bill,Title: UK Food Labelling (Country of Origin) Bill | Summary: No summary available | Description: No description available,UK_Parliament_Bills_Enriched_Corpus,1.2,17
4203,2026-06-23T00:00:00Z,Vaccine Damage Payment Scheme (UK Covid-19 Inquiry) Bill,Title: Vaccine Damage Payment Scheme (UK Covid-19 Inquiry) Bill | Summary: No summary available | Description: No description available,UK_Parliament_Bills_Enriched_Corpus,-0.15,16.99
4200,2026-06-23T00:00:00Z,Welfare Reform Bill,Title: Welfare Reform Bill | Summary: No summary available | Description: No description available,UK_Parliament_Bills_Enriched_Corpus,1.05,16
4174,2026-06-19T00:00:00Z,Short-term Leases (Disclosure of Information) Bill [HL],Title: Short-term Leases (Disclosure of Information) Bill [HL] | Summary: No summary available | Description: No description available,UK_Parliament_Bills_Enriched_Corpus,1.2,16.66
4172,2026-06-18T00:00:00Z,Cancer (Reporting and Strategy) Bill,Title: Cancer (Reporting and Strategy) Bill | Summary: No summary available | Description: No description available,UK_Parliament_Bills_Enriched_Corpus,0.05,17.2
4166,2026-06-18T00:00:00Z,Ceramics (Country of Origin Marking) Bill,Title: Ceramics (Country of Origin Marking) Bill | Summary: No summary available | Description: No description available,UK_Parliament_Bills_Enriched_Corpus,0.8,17.42
4158,2026-06-18T00:00:00Z,Citizenship Education Bill [HL],Title: Citizenship Education Bill [HL] | Summary: No summary available | Description: No description available,UK_Parliament_Bills_Enriched_Corpus,0.8,18.58
4160,2026-06-18T00:00:00Z,Commercial Organisations and Public Authorities Duty (Human Rights and Environment) Bill [HL],Title: Commercial Organisations and Public Authorities Duty (Human Rights and Environment) Bill [HL] | Summary: No summary available | Description: No description available,UK_Parliament_Bills_Enriched_Corpus,0.8,20.57
4165,2026-06-18T00:00:00Z,Emergency and Life-saving Skills (Schools) Bill,Title: Emergency and Life-saving Skills (Schools) Bill | Summary: No summary available | Description: No description available,UK_Parliament_Bills_Enriched_Corpus,0.05,15.69
4168,2026-06-18T00:00:00Z,Fireworks Bill,Title: Fireworks Bill | Summary: No summary available | Description: No description available,UK_Parliament_Bills_Enriched_Corpus,0.8,15.8
4162,2026-06-18T00:00:00Z,First Cousins (Prohibited Relationships) Bill,Title: First Cousins (Prohibited Relationships) Bill | Summary: No summary available | Description: No description available,UK_Parliament_Bills_Enriched_Corpus,0.25,18.68
4169,2026-06-18T00:00:00Z,Group-based Child Sexual Offences (Mandatory Life Sentences) Bill,Title: Group-based Child Sexual Offences (Mandatory Life Sentences) Bill | Summary: No summary available | Description: No description available,UK_Parliament_Bills_Enriched_Corpus,0.8,18.17
4159,2026-06-18T00:00:00Z,Heritage Public Houses Bill,Title: Heritage Public Houses Bill | Summary: No summary available | Description: No description available,UK_Parliament_Bills_Enriched_Corpus,0.8,17.01
4161,2026-06-18T00:00:00Z,Homes and Planning Bill,Title: Homes and Planning Bill | Summary: No summary available | Description: No description available,UK_Parliament_Bills_Enriched_Corpus,1.05,14.65
4178,2026-06-18T00:00:00Z,Hospice Funding Bill,Title: Hospice Funding Bill | Summary: No summary available | Description: No description available,UK_Parliament_Bills_Enriched_Corpus,0.8,16
4156,2026-06-18T00:00:00Z,"Infants, Parents and Carers Bill","Title: Infants, Parents and Carers Bill | Summary: No summary available | Description: No description available",UK_Parliament_Bills_Enriched_Corpus,0.8,15.73
4173,2026-06-18T00:00:00Z,Planning (Solar Power Generation) Bill,Title: Planning (Solar Power Generation) Bill | Summary: No summary available | Description: No description available,UK_Parliament_Bills_Enriched_Corpus,1.45,17.94
4171,2026-06-18T00:00:00Z,Relationships and Sex Education (Further Education Sector) Bill,Title: Relationships and Sex Education (Further Education Sector) Bill | Summary: No summary available | Description: No description available,UK_Parliament_Bills_Enriched_Corpus,1.15,19.77
4163,2026-06-18T00:00:00Z,Strategic Litigation Against Public Participation Bill,Title: Strategic Litigation Against Public Participation Bill | Summary: No summary available | Description: No description available,UK_Parliament_Bills_Enriched_Corpus,1.5,20.89
4179,2026-06-18T00:00:00Z,Work Experience (Schools) Bill,Title: Work Experience (Schools) Bill | Summary: No summary available | Description: No description available,UK_Parliament_Bills_Enriched_Corpus,1.05,16.22
4153,2026-06-17T00:00:00Z,Local Elections (Proportional Representation) Bill [HL],Title: Local Elections (Proportional Representation) Bill [HL] | Summary: No summary available | Description: No description available,UK_Parliament_Bills_Enriched_Corpus,1.2,20.19
3381,2026-06-17T00:00:00Z,Royal Albert Hall Bill [HL],Title: Royal Albert Hall Bill [HL] | Summary: No summary available | Description: No description available,UK_Parliament_Bills_Enriched_Corpus,0.8,14.99
4155,2026-06-17T00:00:00Z,Strategic Litigation Against Public Participation Bill [HL],Title: Strategic Litigation Against Public Participation Bill [HL] | Summary: No summary available | Description: No description available,UK_Parliament_Bills_Enriched_Corpus,1.5,20.27
3897,2026-06-15T00:00:00Z,Malvern Hills Bill [HL],Title: Malvern Hills Bill [HL] | Summary: No summary available | Description: No description available,UK_Parliament_Bills_Enriched_Corpus,0.8,14.65
4147,2026-06-12T00:00:00Z,Infant (Born Alive) Protection Bill [HL],Title: Infant (Born Alive) Protection Bill [HL] | Summary: No summary available | Description: No description available,UK_Parliament_Bills_Enriched_Corpus,2.7,16.03
4148,2026-06-12T00:00:00Z,Regulated Professions (Freedom of Speech) Bill [HL],Title: Regulated Professions (Freedom of Speech) Bill [HL] | Summary: No summary available | Description: No description available,UK_Parliament_Bills_Enriched_Corpus,1.8,17
3168,2026-06-11T00:00:00Z,Identity and Language (Northern Ireland) Act 2022,Title: Identity and Language (Northern Ireland) Act 2022 | Summary: No summary available | Description: No description available,UK_Parliament_Bills_Enriched_Corpus,0.8,17.65
4144,2026-06-10T00:00:00Z,Complications from Abortions (Annual Report) Bill [HL],Title: Complications from Abortions (Annual Report) Bill [HL] | Summary: No summary available | Description: No description available,UK_Parliament_Bills_Enriched_Corpus,0.8,18.31
4134,2026-06-05T00:00:00Z,European Union (Withdrawal Arrangements) Bill [HL],Title: European Union (Withdrawal Arrangements) Bill [HL] | Summary: No summary available | Description: No description available,UK_Parliament_Bills_Enriched_Corpus,0.8,18.8
3094,2026-05-15T00:00:00Z,High Speed Rail (Crewe - Manchester) Bill,Title: High Speed Rail (Crewe - Manchester) Bill | Summary: No summary available | Description: No description available,UK_Parliament_Bills_Enriched_Corpus,0.8,14.64
4002,2026-05-14T00:00:00Z,English Devolution and Community Empowerment Act 2026,Title: English Devolution and Community Empowerment Act 2026 | Summary: No summary available | Description: No description available,UK_Parliament_Bills_Enriched_Corpus,1.8,19.62
4046,2026-05-14T00:00:00Z,National Insurance Contributions (Employer Pensions Contributions) Act 2026,Title: National Insurance Contributions (Employer Pensions Contributions) Act 2026 | Summary: No summary available | Description: No description available,UK_Parliament_Bills_Enriched_Corpus,0.8,21.01
3923,2026-05-13T00:00:00Z,Marine Protected Areas (Bottom Trawling) (England) Bill,Title: Marine Protected Areas (Bottom Trawling) (England) Bill | Summary: No summary available | Description: No description available,UK_Parliament_Bills_Enriched_Corpus,1.6,18.31
3938,2026-05-11T00:00:00Z,Crime and Policing Act 2026,Title: Crime and Policing Act 2026 | Summary: No summary available | Description: No description available,UK_Parliament_Bills_Enriched_Corpus,0.05,14.99
4082,2026-05-08T00:00:00Z,Grenfell Tower Memorial (Expenditure) Act 2026,Title: Grenfell Tower Memorial (Expenditure) Act 2026 | Summary: No summary available | Description: No description available,UK_Parliament_Bills_Enriched_Corpus,0.55,18.8
3982,2026-05-08T00:00:00Z,Pension Schemes Act 2026,Title: Pension Schemes Act 2026 | Summary: No summary available | Description: No description available,UK_Parliament_Bills_Enriched_Corpus,0.8,14.65
3879,2026-05-08T00:00:00Z,Tobacco and Vapes Act 2026,Title: Tobacco and Vapes Act 2026 | Summary: No summary available | Description: No description available,UK_Parliament_Bills_Enriched_Corpus,0.55,15.73
3947,2026-05-06T00:00:00Z,Sentencing Council (Powers of Secretary of State) Bill,Title: Sentencing Council (Powers of Secretary of State) Bill | Summary: No summary available | Description: No description available,UK_Parliament_Bills_Enriched_Corpus,0.95,17.28
4081,2026-05-06T00:00:00Z,Short-term Let Accommodation (Data Sharing Requirements) Bill,Title: Short-term Let Accommodation (Data Sharing Requirements) Bill | Summary: No summary available | Description: No description available,UK_Parliament_Bills_Enriched_Corpus,1.2,17.9
3980,2026-05-06T00:00:00Z,Short-term Lets (Planning Permission) Bill,Title: Short-term Lets (Planning Permission) Bill | Summary: No summary available | Description: No description available,UK_Parliament_Bills_Enriched_Corpus,1.85,15.33
4102,2026-05-06T00:00:00Z,Silica Dust (Exposure) Bill,Title: Silica Dust (Exposure) Bill | Summary: No summary available | Description: No description available,UK_Parliament_Bills_Enriched_Corpus,0.3,17.01
3839,2026-05-06T00:00:00Z,Social Media (Access to Accounts) Bill,Title: Social Media (Access to Accounts) Bill | Summary: No summary available | Description: No description available,UK_Parliament_Bills_Enriched_Corpus,0.8,16.72
4048,2026-05-06T00:00:00Z,Special Educational Needs and Disabilities Education (Profit Cap) Bill,Title: Special Educational Needs and Disabilities Education (Profit Cap) Bill | Summary: No summary available | Description: No description available,UK_Parliament_Bills_Enriched_Corpus,2.4,20.53
3803,2026-05-06T00:00:00Z,Special Envoy for Freedom of Religion or Belief Bill,Title: Special Envoy for Freedom of Religion or Belief Bill | Summary: No summary available | Description: No description available,UK_Parliament_Bills_Enriched_Corpus,2.35,16.4
4097,2026-05-06T00:00:00Z,State Actors (Proscription) Bill,Title: State Actors (Proscription) Bill | Summary: No summary available | Description: No description available,UK_Parliament_Bills_Enriched_Corpus,0.8,16.22
3837,2026-05-06T00:00:00Z,State-related Deaths (National Oversight Mechanism) Bill,Title: State-related Deaths (National Oversight Mechanism) Bill | Summary: No summary available | Description: No description available,UK_Parliament_Bills_Enriched_Corpus,0.3,18.96
3956,2026-05-06T00:00:00Z,Street Works (Penalties for Utility Companies) Bill,Title: Street Works (Penalties for Utility Companies) Bill | Summary: No summary available | Description: No description available,UK_Parliament_Bills_Enriched_Corpus,1.45,17.65
4061,2026-05-06T00:00:00Z,Student Finance (Review of Payment Schedules) Bill,Title: Student Finance (Review of Payment Schedules) Bill | Summary: No summary available | Description: No description available,UK_Parliament_Bills_Enriched_Corpus,0.7,16.34
3740,2026-05-06T00:00:00Z,Support for Infants and Parents etc (Information) Bill [HL],Title: Support for Infants and Parents etc (Information) Bill [HL] | Summary: No summary available | Description: No description available,UK_Parliament_Bills_Enriched_Corpus,1.7,18.17
3891,2026-05-06T00:00:00Z,Terminal Illness (Relief of Pain) Bill,Title: Terminal Illness (Relief of Pain) Bill | Summary: No summary available | Description: No description available,UK_Parliament_Bills_Enriched_Corpus,-0.45,16.03
3908,2026-05-06T00:00:00Z,Theft of Tools of Trade (Sentencing) Bill,Title: Theft of Tools of Trade (Sentencing) Bill | Summary: No summary available | Description: No description available,UK_Parliament_Bills_Enriched_Corpus,0.05,14.37
3957,2026-05-06T00:00:00Z,Transport (Duty to Cooperate) Bill,Title: Transport (Duty to Cooperate) Bill | Summary: No summary available | Description: No description available,UK_Parliament_Bills_Enriched_Corpus,1.6,17.2
4008,2026-05-06T00:00:00Z,Transport for London (Extension of Concessions) Bill,Title: Transport for London (Extension of Concessions) Bill | Summary: No summary available | Description: No description available,UK_Parliament_Bills_Enriched_Corpus,0.55,17
3893,2026-05-06T00:00:00Z,Treatment of Terminal Illness Bill,Title: Treatment of Terminal Illness Bill | Summary: No summary available | Description: No description available,UK_Parliament_Bills_Enriched_Corpus,-0.45,16.46
4109,2026-05-06T00:00:00Z,Type 1 Diabetes Screening (Children) Bill,Title: Type 1 Diabetes Screening (Children) Bill | Summary: No summary available | Description: No description available,UK_Parliament_Bills_Enriched_Corpus,0.8,16.72
4049,2026-05-06T00:00:00Z,UK-EU Customs Union (Duty to Negotiate) Bill,Title: UK-EU Customs Union (Duty to Negotiate) Bill | Summary: No summary available | Description: No description available,UK_Parliament_Bills_Enriched_Corpus,0.4,17.28
3966,2026-05-06T00:00:00Z,UK–USA Trade Agreements (Parliamentary Scrutiny) Bill,Title: UK–USA Trade Agreements (Parliamentary Scrutiny) Bill | Summary: No summary available | Description: No description available,UK_Parliament_Bills_Enriched_Corpus,0.2,20.27
4056,2026-05-06T00:00:00Z,Universal Credit (British Citizens) Bill,Title: Universal Credit (British Citizens) Bill | Summary: No summary available | Description: No description available,UK_Parliament_Bills_Enriched_Corpus,1.6,18.68
3763,2026-05-06T00:00:00Z,Universal Credit (Standard Allowance Entitlement of Care Leavers) Bill [HL],Title: Universal Credit (Standard Allowance Entitlement of Care Leavers) Bill [HL] | Summary: No summary available | Description: No description available,UK_Parliament_Bills_Enriched_Corpus,2.6,19.01
4009,2026-05-06T00:00:00Z,Unpaid Carers (Respite and Support) Bill,Title: Unpaid Carers (Respite and Support) Bill | Summary: No summary available | Description: No description available,UK_Parliament_Bills_Enriched_Corpus,1.25,16.03
4052,2026-05-06T00:00:00Z,Vacant Commercial Properties (Temporary Use) Bill,Title: Vacant Commercial Properties (Temporary Use) Bill | Summary: No summary available | Description: No description available,UK_Parliament_Bills_Enriched_Corpus,0.8,18.8
3850,2026-05-06T00:00:00Z,Vaccine Damage Payments Act (Review) Bill,Title: Vaccine Damage Payments Act (Review) Bill | Summary: No summary available | Description: No description available,UK_Parliament_Bills_Enriched_Corpus,0.05,16.03
3827,2026-05-06T00:00:00Z,Vehicle Registration Documents (Sale of Vehicle) Bill,Title: Vehicle Registration Documents (Sale of Vehicle) Bill | Summary: No summary available | Description: No description available,UK_Parliament_Bills_Enriched_Corpus,0.8,18.96
4014,2026-05-06T00:00:00Z,Vehicle Registration Marks (Misuse and Offences) Bill,Title: Vehicle Registration Marks (Misuse and Offences) Bill | Summary: No summary available | Description: No description available,UK_Parliament_Bills_Enriched_Corpus,0.3,18.31
3940,2026-05-06T00:00:00Z,Vehicle Registration Offences (Review) Bill,Title: Vehicle Registration Offences (Review) Bill | Summary: No summary available | Description: No description available,UK_Parliament_Bills_Enriched_Corpus,0.8,19.41
3974,2026-05-06T00:00:00Z,Victims of Rape and Serious Sexual Offences (Free Access to Sentencing Remarks) Bill,Title: Victims of Rape and Serious Sexual Offences (Free Access to Sentencing Remarks) Bill | Summary: No summary available | Description: No description available,UK_Parliament_Bills_Enriched_Corpus,-0.7,18.35
4043,2026-05-06T00:00:00Z,Waste Incinerators Bill,Title: Waste Incinerators Bill | Summary: No summary available | Description: No description available,UK_Parliament_Bills_Enriched_Corpus,0.05,17.68
4010,2026-05-06T00:00:00Z,Waste Tyres Bill,Title: Waste Tyres Bill | Summary: No summary available | Description: No description available,UK_Parliament_Bills_Enriched_Corpus,0.05,15.16
3777,2026-05-06T00:00:00Z,Water Bill,Title: Water Bill | Summary: No summary available | Description: No description available,UK_Parliament_Bills_Enriched_Corpus,0.8,15.8
3872,2026-05-06T00:00:00Z,Water (Agricultural Pollution) Bill,Title: Water (Agricultural Pollution) Bill | Summary: No summary available | Description: No description available,UK_Parliament_Bills_Enriched_Corpus,1.3,19.37
3933,2026-05-06T00:00:00Z,Water Safety Bill,Title: Water Safety Bill | Summary: No summary available | Description: No description available,UK_Parliament_Bills_Enriched_Corpus,1.6,16
3754,2026-05-06T00:00:00Z,"Women, Peace and Security Bill [HL]","Title: Women, Peace and Security Bill [HL] | Summary: No summary available | Description: No description available",UK_Parliament_Bills_Enriched_Corpus,1.55,16.03
3927,2026-05-06T00:00:00Z,Women’s State Pension Age (Ombudsman Report and Compensation Scheme) Bill,Title: Women’s State Pension Age (Ombudsman Report and Compensation Scheme) Bill | Summary: No summary available | Description: No description available,UK_Parliament_Bills_Enriched_Corpus,0.7,17.32
4047,2026-05-05T00:00:00Z,Fireworks (Noise Control etc) Bill,Title: Fireworks (Noise Control etc) Bill | Summary: No summary available | Description: No description available,UK_Parliament_Bills_Enriched_Corpus,0.8,17.2
4075,2026-05-05T00:00:00Z,Flooding Bill,Title: Flooding Bill | Summary: No summary available | Description: No description available,UK_Parliament_Bills_Enriched_Corpus,0.8,15.8
4111,2026-05-05T00:00:00Z,Food Bill,Title: Food Bill | Summary: No summary available | Description: No description available,UK_Parliament_Bills_Enriched_Corpus,1.2,14.9
4087,2026-05-05T00:00:00Z,Food labelling (Halal and Kosher Meat) Bill,Title: Food labelling (Halal and Kosher Meat) Bill | Summary: No summary available | Description: No description available,UK_Parliament_Bills_Enriched_Corpus,1.2,15.69
3833,2026-05-05T00:00:00Z,Football (Gender Inequality) Bill,Title: Football (Gender Inequality) Bill | Summary: No summary available | Description: No description available,UK_Parliament_Bills_Enriched_Corpus,0.3,18.58
3781,2026-05-05T00:00:00Z,Free School Meals (Automatic Registration of Eligible Children) Bill,Title: Free School Meals (Automatic Registration of Eligible Children) Bill | Summary: No summary available | Description: No description available,UK_Parliament_Bills_Enriched_Corpus,2.1,18.76
3984,2026-05-05T00:00:00Z,Freedom of Expression (Religion or Belief System) Bill,Title: Freedom of Expression (Religion or Belief System) Bill | Summary: No summary available | Description: No description available,UK_Parliament_Bills_Enriched_Corpus,1.55,17.28
3950,2026-05-05T00:00:00Z,Freight Crime Bill,Title: Freight Crime Bill | Summary: No summary available | Description: No description available,UK_Parliament_Bills_Enriched_Corpus,0.05,14.31
3792,2026-05-05T00:00:00Z,Gambling Act 2005 (Monetary Limits for Lotteries) Bill,Title: Gambling Act 2005 (Monetary Limits for Lotteries) Bill | Summary: No summary available | Description: No description available,UK_Parliament_Bills_Enriched_Corpus,0.7,17.9
4088,2026-05-05T00:00:00Z,Geotechnical Data Bill,Title: Geotechnical Data Bill | Summary: No summary available | Description: No description available,UK_Parliament_Bills_Enriched_Corpus,0.8,17.68
4069,2026-05-05T00:00:00Z,Glaucoma Care (England) Bill,Title: Glaucoma Care (England) Bill | Summary: No summary available | Description: No description available,UK_Parliament_Bills_Enriched_Corpus,1.8,16.22
3819,2026-05-05T00:00:00Z,Green Spaces Bill,Title: Green Spaces Bill | Summary: No summary available | Description: No description available,UK_Parliament_Bills_Enriched_Corpus,0.8,15.16
3958,2026-05-05T00:00:00Z,Groceries Labelling (Size Reduction) Bill,Title: Groceries Labelling (Size Reduction) Bill | Summary: No summary available | Description: No description available,UK_Parliament_Bills_Enriched_Corpus,0.8,17.94
3801,2026-05-05T00:00:00Z,Homelessness Prevention Bill,Title: Homelessness Prevention Bill | Summary: No summary available | Description: No description available,UK_Parliament_Bills_Enriched_Corpus,1.05,17.68
3886,2026-05-05T00:00:00Z,Horticultural Peat (Prohibition of Sale) Bill,Title: Horticultural Peat (Prohibition of Sale) Bill | Summary: No summary available | Description: No description available,UK_Parliament_Bills_Enriched_Corpus,-0.2,18.11
4024,2026-05-05T00:00:00Z,Hospices and Palliative Care Bill,Title: Hospices and Palliative Care Bill | Summary: No summary available | Description: No description available,UK_Parliament_Bills_Enriched_Corpus,1.7,17.2
3943,2026-05-05T00:00:00Z,Housing Estates Bill,Title: Housing Estates Bill | Summary: No summary available | Description: No description available,UK_Parliament_Bills_Enriched_Corpus,0.8,16
4077,2026-05-05T00:00:00Z,"Human Remains (Prohibition of Sale, Purchase and Advertising) Bill","Title: Human Remains (Prohibition of Sale, Purchase and Advertising) Bill | Summary: No summary available | Description: No description available",UK_Parliament_Bills_Enriched_Corpus,0.05,18.17
3809,2026-05-05T00:00:00Z,Hunting Trophies (Import Prohibition) Bill,Title: Hunting Trophies (Import Prohibition) Bill | Summary: No summary available | Description: No description available,UK_Parliament_Bills_Enriched_Corpus,-0.45,17.94
4045,2026-05-05T00:00:00Z,Iconic Trees and Nature Education Bill,Title: Iconic Trees and Nature Education Bill | Summary: No summary available | Description: No description available,UK_Parliament_Bills_Enriched_Corpus,0.8,17.42
4078,2026-05-05T00:00:00Z,Images (Non-consensual Recording and Distribution) Bill,Title: Images (Non-consensual Recording and Distribution) Bill | Summary: No summary available | Description: No description available,UK_Parliament_Bills_Enriched_Corpus,0.8,19.62
3970,2026-05-05T00:00:00Z,Immigration and Visas Bill,Title: Immigration and Visas Bill | Summary: No summary available | Description: No description available,UK_Parliament_Bills_Enriched_Corpus,0.8,17.01
3964,2026-05-05T00:00:00Z,Interpersonal Abuse and Violence Against Men and Boys (Strategy) Bill,Title: Interpersonal Abuse and Violence Against Men and Boys (Strategy) Bill | Summary: No summary available | Description: No description available,UK_Parliament_Bills_Enriched_Corpus,-0.7,18.45
4054,2026-05-05T00:00:00Z,Leases (Integrated Retirement Communities) Bill,Title: Leases (Integrated Retirement Communities) Bill | Summary: No summary available | Description: No description available,UK_Parliament_Bills_Enriched_Corpus,1.4,20.89
3986,2026-05-05T00:00:00Z,Letter Boxes (Positioning) Bill,Title: Letter Boxes (Positioning) Bill | Summary: No summary available | Description: No description available,UK_Parliament_Bills_Enriched_Corpus,0.8,17.79
3757,2026-05-05T00:00:00Z,Listed Investment Companies (Classification etc) Bill [HL],Title: Listed Investment Companies (Classification etc) Bill [HL] | Summary: No summary available | Description: No description available,UK_Parliament_Bills_Enriched_Corpus,0.8,20.93
4057,2026-05-05T00:00:00Z,Local Government and Elections Bill,Title: Local Government and Elections Bill | Summary: No summary available | Description: No description available,UK_Parliament_Bills_Enriched_Corpus,0.3,17.2
4073,2026-05-05T00:00:00Z,Local Government Reorganisation (Requirement for Referendum) Bill,Title: Local Government Reorganisation (Requirement for Referendum) Bill | Summary: No summary available | Description: No description available,UK_Parliament_Bills_Enriched_Corpus,0.3,20.93
3784,2026-05-05T00:00:00Z,Looked After Children (Distance Placements) Bill,Title: Looked After Children (Distance Placements) Bill | Summary: No summary available | Description: No description available,UK_Parliament_Bills_Enriched_Corpus,0.8,16.03
4101,2026-05-05T00:00:00Z,Lord Advocate Bill,Title: Lord Advocate Bill | Summary: No summary available | Description: No description available,UK_Parliament_Bills_Enriched_Corpus,1.4,16
4108,2026-05-05T00:00:00Z,Marine Mammals (Protection) Bill,Title: Marine Mammals (Protection) Bill | Summary: No summary available | Description: No description available,UK_Parliament_Bills_Enriched_Corpus,1.6,17.01
3907,2026-05-05T00:00:00Z,Marriage (Prohibited Degrees of Relationship) Bill,Title: Marriage (Prohibited Degrees of Relationship) Bill | Summary: No summary available | Description: No description available,UK_Parliament_Bills_Enriched_Corpus,0.6,18.8
4116,2026-05-05T00:00:00Z,Marriage and Civil Partnerships (Recognition) Bill,Title: Marriage and Civil Partnerships (Recognition) Bill | Summary: No summary available | Description: No description available,UK_Parliament_Bills_Enriched_Corpus,2.2,18.11
3965,2026-05-05T00:00:00Z,Maternity Units (Requirement for Bereavement Suite) Bill,Title: Maternity Units (Requirement for Bereavement Suite) Bill | Summary: No summary available | Description: No description available,UK_Parliament_Bills_Enriched_Corpus,0.9,18.31
4015,2026-05-05T00:00:00Z,Methanol Poisoning (Travel Advice) Bill,Title: Methanol Poisoning (Travel Advice) Bill | Summary: No summary available | Description: No description available,UK_Parliament_Bills_Enriched_Corpus,0.3,17.94
3878,2026-05-05T00:00:00Z,Microplastic Filters (Washing Machines) Bill,Title: Microplastic Filters (Washing Machines) Bill | Summary: No summary available | Description: No description available,UK_Parliament_Bills_Enriched_Corpus,0.8,17.94
3768,2026-05-05T00:00:00Z,Mortgage Prisoners Inquiry Bill [HL],Title: Mortgage Prisoners Inquiry Bill [HL] | Summary: No summary available | Description: No description available,UK_Parliament_Bills_Enriched_Corpus,-0.4,17.2
3949,2026-05-05T00:00:00Z,Mother and Baby Institutions Payment Scheme (Report) Bill,Title: Mother and Baby Institutions Payment Scheme (Report) Bill | Summary: No summary available | Description: No description available,UK_Parliament_Bills_Enriched_Corpus,1.2,17.28
3804,2026-05-05T00:00:00Z,National Cancer Strategy Bill,Title: National Cancer Strategy Bill | Summary: No summary available | Description: No description available,UK_Parliament_Bills_Enriched_Corpus,0.05,17.79
3838,2026-05-05T00:00:00Z,Nature-based Solutions (Water and Flooding) Bill,Title: Nature-based Solutions (Water and Flooding) Bill | Summary: No summary available | Description: No description available,UK_Parliament_Bills_Enriched_Corpus,1.3,16.34
3775,2026-05-05T00:00:00Z,New Homes (Solar Generation) Bill,Title: New Homes (Solar Generation) Bill | Summary: No summary available | Description: No description available,UK_Parliament_Bills_Enriched_Corpus,2,16.46
4118,2026-05-05T00:00:00Z,Newhaven West Beach (Public Access) Bill,Title: Newhaven West Beach (Public Access) Bill | Summary: No summary available | Description: No description available,UK_Parliament_Bills_Enriched_Corpus,0.8,16.03
3759,2026-05-05T00:00:00Z,Non-Consensual Sexually Explicit Images and Videos (Offences) Bill [HL],Title: Non-Consensual Sexually Explicit Images and Videos (Offences) Bill [HL] | Summary: No summary available | Description: No description available,UK_Parliament_Bills_Enriched_Corpus,0.8,20.7
3830,2026-05-05T00:00:00Z,Non-Disclosure Agreements Bill,Title: Non-Disclosure Agreements Bill | Summary: No summary available | Description: No description available,UK_Parliament_Bills_Enriched_Corpus,0.8,17.01
3914,2026-05-05T00:00:00Z,Office of the Whistleblower Bill,Title: Office of the Whistleblower Bill | Summary: No summary available | Description: No description available,UK_Parliament_Bills_Enriched_Corpus,0.8,16.46
3912,2026-05-05T00:00:00Z,Off-road Bikes (Police Powers) Bill,Title: Off-road Bikes (Police Powers) Bill | Summary: No summary available | Description: No description available,UK_Parliament_Bills_Enriched_Corpus,0.55,14.64
3796,2026-05-05T00:00:00Z,Palestine Statehood (Recognition) (No. 2) Bill,Title: Palestine Statehood (Recognition) (No. 2) Bill | Summary: No summary available | Description: No description available,UK_Parliament_Bills_Enriched_Corpus,0.8,14.1
3831,2026-05-05T00:00:00Z,Palestine Statehood (Recognition) (No. 3) Bill,Title: Palestine Statehood (Recognition) (No. 3) Bill | Summary: No summary available | Description: No description available,UK_Parliament_Bills_Enriched_Corpus,0.8,14.1
3967,2026-05-05T00:00:00Z,Parliamentary Scrutiny of Trade Agreements Bill,Title: Parliamentary Scrutiny of Trade Agreements Bill | Summary: No summary available | Description: No description available,UK_Parliament_Bills_Enriched_Corpus,0.2,18.8
3930,2026-05-05T00:00:00Z,Pavement Parking Bill,Title: Pavement Parking Bill | Summary: No summary available | Description: No description available,UK_Parliament_Bills_Enriched_Corpus,0.8,16
4105,2026-05-05T00:00:00Z,Personal Protective Equipment (Inclusive Standards) Bill,Title: Personal Protective Equipment (Inclusive Standards) Bill | Summary: No summary available | Description: No description available,UK_Parliament_Bills_Enriched_Corpus,2.1,19.5
3994,2026-05-05T00:00:00Z,Planning (Flooding) Bill,Title: Planning (Flooding) Bill | Summary: No summary available | Description: No description available,UK_Parliament_Bills_Enriched_Corpus,1.05,16
4018,2026-05-05T00:00:00Z,Planning and Development (Community Infrastructure) Bill,Title: Planning and Development (Community Infrastructure) Bill | Summary: No summary available | Description: No description available,UK_Parliament_Bills_Enriched_Corpus,1.65,20.19
3822,2026-05-05T00:00:00Z,Plant Protection Products (Prohibition on Public Sector Use) Bill,Title: Plant Protection Products (Prohibition on Public Sector Use) Bill | Summary: No summary available | Description: No description available,UK_Parliament_Bills_Enriched_Corpus,0.6,17.58
4099,2026-05-05T00:00:00Z,Police (Declaration) Bill,Title: Police (Declaration) Bill | Summary: No summary available | Description: No description available,UK_Parliament_Bills_Enriched_Corpus,0.55,17.68
4026,2026-05-05T00:00:00Z,Police and Crime Commissioners (Accountability and Review) Bill,Title: Police and Crime Commissioners (Accountability and Review) Bill | Summary: No summary available | Description: No description available,UK_Parliament_Bills_Enriched_Corpus,0.6,19.15
3937,2026-05-05T00:00:00Z,Political Donations Bill,Title: Political Donations Bill | Summary: No summary available | Description: No description available,UK_Parliament_Bills_Enriched_Corpus,0.8,18.53
3883,2026-05-05T00:00:00Z,Poly and Perfluorinated Alkyl Substances (Guidance) Bill,Title: Poly and Perfluorinated Alkyl Substances (Guidance) Bill | Summary: No summary available | Description: No description available,UK_Parliament_Bills_Enriched_Corpus,1.3,18.96
3892,2026-05-05T00:00:00Z,Powers of Attorney Bill,Title: Powers of Attorney Bill | Summary: No summary available | Description: No description available,UK_Parliament_Bills_Enriched_Corpus,0.55,16.22
4058,2026-05-05T00:00:00Z,Property (Registration and Valuation) Bill,Title: Property (Registration and Valuation) Bill | Summary: No summary available | Description: No description available,UK_Parliament_Bills_Enriched_Corpus,0.8,19.41
3999,2026-05-05T00:00:00Z,Public Authority (Accountability) Bill,Title: Public Authority (Accountability) Bill | Summary: No summary available | Description: No description available,UK_Parliament_Bills_Enriched_Corpus,2.1,20.94
3760,2026-05-05T00:00:00Z,Public Authority Algorithmic and Automated Decision-Making Systems Bill [HL],Title: Public Authority Algorithmic and Automated Decision-Making Systems Bill [HL] | Summary: No summary available | Description: No description available,UK_Parliament_Bills_Enriched_Corpus,1.3,21.26
3901,2026-05-05T00:00:00Z,Public Body Ethnicity Data (Inclusion of Jewish and Sikh Categories) Bill,Title: Public Body Ethnicity Data (Inclusion of Jewish and Sikh Categories) Bill | Summary: No summary available | Description: No description available,UK_Parliament_Bills_Enriched_Corpus,0.8,19.27
3836,2026-05-05T00:00:00Z,Public Services (Targets) Bill,Title: Public Services (Targets) Bill | Summary: No summary available | Description: No description available,UK_Parliament_Bills_Enriched_Corpus,0.4,17.01
3916,2026-05-05T00:00:00Z,Quantitative Easing (Prohibition) Bill,Title: Quantitative Easing (Prohibition) Bill | Summary: No summary available | Description: No description available,UK_Parliament_Bills_Enriched_Corpus,0.4,19.37
4070,2026-05-05T00:00:00Z,Rail Passengers’ Charter Bill,Title: Rail Passengers’ Charter Bill | Summary: No summary available | Description: No description available,UK_Parliament_Bills_Enriched_Corpus,0.8,16.22
3978,2026-05-05T00:00:00Z,Reasonable Adjustments (Duty on Employers to Respond) Bill,Title: Reasonable Adjustments (Duty on Employers to Respond) Bill | Summary: No summary available | Description: No description available,UK_Parliament_Bills_Enriched_Corpus,1.7,18.53
3990,2026-05-05T00:00:00Z,Registration of Births (Inclusion of Deceased Parents) Bill,Title: Registration of Births (Inclusion of Deceased Parents) Bill | Summary: No summary available | Description: No description available,UK_Parliament_Bills_Enriched_Corpus,-0.2,17.28
4025,2026-05-05T00:00:00Z,"Registration of Births, Deaths and Marriages (Welsh Language Provision) Bill","Title: Registration of Births, Deaths and Marriages (Welsh Language Provision) Bill | Summary: No summary available | Description: No description available",UK_Parliament_Bills_Enriched_Corpus,0.8,17.32
3876,2026-05-05T00:00:00Z,Registration of Death (Religion) Bill,Title: Registration of Death (Religion) Bill | Summary: No summary available | Description: No description available,UK_Parliament_Bills_Enriched_Corpus,0.05,17.2
3953,2026-05-05T00:00:00Z,Regulators (Growth Objective) Bill,Title: Regulators (Growth Objective) Bill | Summary: No summary available | Description: No description available,UK_Parliament_Bills_Enriched_Corpus,1.7,17.79
4050,2026-05-05T00:00:00Z,Reindeer (Licensing for Exhibition) Bill,Title: Reindeer (Licensing for Exhibition) Bill | Summary: No summary available | Description: No description available,UK_Parliament_Bills_Enriched_Corpus,0.8,17.94
4063,2026-05-05T00:00:00Z,Removal of Peerages Bill,Title: Removal of Peerages Bill | Summary: No summary available | Description: No description available,UK_Parliament_Bills_Enriched_Corpus,0.55,17.01
4028,2026-05-05T00:00:00Z,Removal of Titles Bill,Title: Removal of Titles Bill | Summary: No summary available | Description: No description available,UK_Parliament_Bills_Enriched_Corpus,0.55,16.22
3992,2026-05-05T00:00:00Z,Right to Manage and Leasehold Bill,Title: Right to Manage and Leasehold Bill | Summary: No summary available | Description: No description available,UK_Parliament_Bills_Enriched_Corpus,2,14.64
3939,2026-05-05T00:00:00Z,River Wye (Cleaning) Bill,Title: River Wye (Cleaning) Bill | Summary: No summary available | Description: No description available,UK_Parliament_Bills_Enriched_Corpus,1.4,15.43
3906,2026-05-05T00:00:00Z,"Rivers, Streams and Lakes (Protected Status) Bill","Title: Rivers, Streams and Lakes (Protected Status) Bill | Summary: No summary available | Description: No description available",UK_Parliament_Bills_Enriched_Corpus,1.6,15.69
4037,2026-05-05T00:00:00Z,Road Safety (Schools) Bill,Title: Road Safety (Schools) Bill | Summary: No summary available | Description: No description available,UK_Parliament_Bills_Enriched_Corpus,1.6,14.65
4113,2026-05-05T00:00:00Z,Road Surfaces (Maximum Noise Levels) Bill,Title: Road Surfaces (Maximum Noise Levels) Bill | Summary: No summary available | Description: No description available,UK_Parliament_Bills_Enriched_Corpus,0.8,16.72
4020,2026-05-05T00:00:00Z,Road Traffic (Horse and Rider Safety) Bill,Title: Road Traffic (Horse and Rider Safety) Bill | Summary: No summary available | Description: No description available,UK_Parliament_Bills_Enriched_Corpus,1.6,15.03
3932,2026-05-05T00:00:00Z,Road Traffic (Unlicensed Drivers) Bill,Title: Road Traffic (Unlicensed Drivers) Bill | Summary: No summary available | Description: No description available,UK_Parliament_Bills_Enriched_Corpus,0.3,16.46
3829,2026-05-05T00:00:00Z,Rough Sleeping (Decriminalisation) Bill,Title: Rough Sleeping (Decriminalisation) Bill | Summary: No summary available | Description: No description available,UK_Parliament_Bills_Enriched_Corpus,0.55,19.37
3981,2026-05-05T00:00:00Z,Royal Fleet Auxiliary (Report on Remit of Commissioner) Bill,Title: Royal Fleet Auxiliary (Report on Remit of Commissioner) Bill | Summary: No summary available | Description: No description available,UK_Parliament_Bills_Enriched_Corpus,0.55,18.17
3917,2026-05-05T00:00:00Z,Rural Crime (Strategy) Bill,Title: Rural Crime (Strategy) Bill | Summary: No summary available | Description: No description available,UK_Parliament_Bills_Enriched_Corpus,0.05,16.22
4036,2026-05-05T00:00:00Z,Russian Frozen Assets (Seizure and Aid to Ukraine) Bill,Title: Russian Frozen Assets (Seizure and Aid to Ukraine) Bill | Summary: No summary available | Description: No description available,UK_Parliament_Bills_Enriched_Corpus,1.45,15.81
3793,2026-05-05T00:00:00Z,Sale of Tickets (Sporting and Cultural Events) Bill,Title: Sale of Tickets (Sporting and Cultural Events) Bill | Summary: No summary available | Description: No description available,UK_Parliament_Bills_Enriched_Corpus,0.8,16.04
4003,2026-05-05T00:00:00Z,Schools (Allergy Safety) Bill,Title: Schools (Allergy Safety) Bill | Summary: No summary available | Description: No description available,UK_Parliament_Bills_Enriched_Corpus,0.6,16.22
4112,2026-05-01T00:00:00Z,Creative Arts and Culture (Broadcasting Requirements) Bill,Title: Creative Arts and Culture (Broadcasting Requirements) Bill | Summary: No summary available | Description: No description available,UK_Parliament_Bills_Enriched_Corpus,2.15,17.65
3997,2026-05-01T00:00:00Z,Criminal Cases Review (Public Petition) Bill,Title: Criminal Cases Review (Public Petition) Bill | Summary: No summary available | Description: No description available,UK_Parliament_Bills_Enriched_Corpus,0.05,18.11
3969,2026-05-01T00:00:00Z,Criminal Injuries Compensation Authority (Review) Bill,Title: Criminal Injuries Compensation Authority (Review) Bill | Summary: No summary available | Description: No description available,UK_Parliament_Bills_Enriched_Corpus,0.55,20.89
4114,2026-05-01T00:00:00Z,Criminal Proceedings (Juror Absence) Bill,Title: Criminal Proceedings (Juror Absence) Bill | Summary: No summary available | Description: No description available,UK_Parliament_Bills_Enriched_Corpus,-0.45,17.94
3762,2026-05-01T00:00:00Z,Crown Estate (Wales) Bill [HL],Title: Crown Estate (Wales) Bill [HL] | Summary: No summary available | Description: No description available,UK_Parliament_Bills_Enriched_Corpus,0.8,14.25
4011,2026-05-01T00:00:00Z,Crown Immunity (Prisons) Bill,Title: Crown Immunity (Prisons) Bill | Summary: No summary available | Description: No description available,UK_Parliament_Bills_Enriched_Corpus,0.8,17.01
4031,2026-05-01T00:00:00Z,Dairy Farming and Dairy Products Bill,Title: Dairy Farming and Dairy Products Bill | Summary: No summary available | Description: No description available,UK_Parliament_Bills_Enriched_Corpus,0.8,16.03
4041,2026-05-01T00:00:00Z,Declaration of Income and Gifts by Candidates for Elected Office (Russian Federation) Bill,Title: Declaration of Income and Gifts by Candidates for Elected Office (Russian Federation) Bill | Summary: No summary available | Description: No description available,UK_Parliament_Bills_Enriched_Corpus,1.6,19.34
3945,2026-05-01T00:00:00Z,Dentists (Indemnity Arrangements) Bill,Title: Dentists (Indemnity Arrangements) Bill | Summary: No summary available | Description: No description available,UK_Parliament_Bills_Enriched_Corpus,0.4,18.58
4060,2026-05-01T00:00:00Z,Deprivation of Citizenship (Promotion of Terrorism or Violence) Bill,Title: Deprivation of Citizenship (Promotion of Terrorism or Violence) Bill | Summary: No summary available | Description: No description available,UK_Parliament_Bills_Enriched_Corpus,-0.95,20.53
3799,2026-05-01T00:00:00Z,Devolution (Immigration) (Scotland) Bill,Title: Devolution (Immigration) (Scotland) Bill | Summary: No summary available | Description: No description available,UK_Parliament_Bills_Enriched_Corpus,0.2,19.37
3902,2026-05-01T00:00:00Z,Domestic Abuse (Aggravated Offences) Bill,Title: Domestic Abuse (Aggravated Offences) Bill | Summary: No summary available | Description: No description available,UK_Parliament_Bills_Enriched_Corpus,-1.2,19.41
4100,2026-05-01T00:00:00Z,Domestic Abuse (Pets) Bill,Title: Domestic Abuse (Pets) Bill | Summary: No summary available | Description: No description available,UK_Parliament_Bills_Enriched_Corpus,-0.45,16.22
3915,2026-05-01T00:00:00Z,Domestic Abuse (Safe Leave) Bill,Title: Domestic Abuse (Safe Leave) Bill | Summary: No summary available | Description: No description available,UK_Parliament_Bills_Enriched_Corpus,0.05,15.73
4039,2026-05-01T00:00:00Z,Driving Without Insurance (Penalties and Enforcement) Bill,Title: Driving Without Insurance (Penalties and Enforcement) Bill | Summary: No summary available | Description: No description available,UK_Parliament_Bills_Enriched_Corpus,0.3,18.31
4079,2026-05-01T00:00:00Z,Eating Disorders (Training) Bill,Title: Eating Disorders (Training) Bill | Summary: No summary available | Description: No description available,UK_Parliament_Bills_Enriched_Corpus,0.8,17.01
3746,2026-05-01T00:00:00Z,Education (Values of British Citizenship) Bill [HL],Title: Education (Values of British Citizenship) Bill [HL] | Summary: No summary available | Description: No description available,UK_Parliament_Bills_Enriched_Corpus,0.8,18.31
3926,2026-05-01T00:00:00Z,Elections (Accessibility for Blind Voters) Bill,Title: Elections (Accessibility for Blind Voters) Bill | Summary: No summary available | Description: No description available,UK_Parliament_Bills_Enriched_Corpus,0.05,18.8
3900,2026-05-01T00:00:00Z,Elections (Proportional Representation) Bill,Title: Elections (Proportional Representation) Bill | Summary: No summary available | Description: No description available,UK_Parliament_Bills_Enriched_Corpus,1.2,20.94
4072,2026-05-01T00:00:00Z,Electrically Assisted Pedal Cycles Bill,Title: Electrically Assisted Pedal Cycles Bill | Summary: No summary available | Description: No description available,UK_Parliament_Bills_Enriched_Corpus,0.8,19.41
4064,2026-05-01T00:00:00Z,Emergency and life-saving skills (schools) Bill,Title: Emergency and life-saving skills (schools) Bill | Summary: No summary available | Description: No description available,UK_Parliament_Bills_Enriched_Corpus,0.05,15.69
3813,2026-05-01T00:00:00Z,Employment Rights (Special Constables) Bill,Title: Employment Rights (Special Constables) Bill | Summary: No summary available | Description: No description available,UK_Parliament_Bills_Enriched_Corpus,1.6,17.2
3976,2026-05-01T00:00:00Z,Equitable Life Policyholders (Compensation) Bill,Title: Equitable Life Policyholders (Compensation) Bill | Summary: No summary available | Description: No description available,UK_Parliament_Bills_Enriched_Corpus,1.6,20.89
3898,2026-05-01T00:00:00Z,E-scooters (Review and Awareness) Bill,Title: E-scooters (Review and Awareness) Bill | Summary: No summary available | Description: No description available,UK_Parliament_Bills_Enriched_Corpus,0.8,16.03
3780,2026-05-01T00:00:00Z,European Union (Withdrawal Arrangements) Bill,Title: European Union (Withdrawal Arrangements) Bill | Summary: No summary available | Description: No description available,UK_Parliament_Bills_Enriched_Corpus,0.8,19.41
4032,2026-05-01T00:00:00Z,Fertility Treatment (Right to Time Off) Bill,Title: Fertility Treatment (Right to Time Off) Bill | Summary: No summary available | Description: No description available,UK_Parliament_Bills_Enriched_Corpus,1.35,15.69
3996,2026-05-01T00:00:00Z,Festivals Bill,Title: Festivals Bill | Summary: No summary available | Description: No description available,UK_Parliament_Bills_Enriched_Corpus,0.8,16.71
3948,2026-05-01T00:00:00Z,Financial Education Bill,Title: Financial Education Bill | Summary: No summary available | Description: No description available,UK_Parliament_Bills_Enriched_Corpus,0.8,18.53
3877,2026-05-01T00:00:00Z,Firearms (3D Printing) Bill,Title: Firearms (3D Printing) Bill | Summary: No summary available | Description: No description available,UK_Parliament_Bills_Enriched_Corpus,0.2,17.01
4038,2026-04-30T00:00:00Z,Access to Finance for Women in Business Bill,Title: Access to Finance for Women in Business Bill | Summary: No summary available | Description: No description available,UK_Parliament_Bills_Enriched_Corpus,0.8,15.42
4053,2026-04-30T00:00:00Z,Afghanistan Schemes Data Breaches (Independent Public Inquiry) Bill,Title: Afghanistan Schemes Data Breaches (Independent Public Inquiry) Bill | Summary: No summary available | Description: No description available,UK_Parliament_Bills_Enriched_Corpus,0.8,19.77
3814,2026-04-30T00:00:00Z,Agricultural Land (Planning) Bill,Title: Agricultural Land (Planning) Bill | Summary: No summary available | Description: No description available,UK_Parliament_Bills_Enriched_Corpus,1.05,17.79
4106,2026-04-30T00:00:00Z,Amenity Land (Purchase by Local Authorities) Bill,Title: Amenity Land (Purchase by Local Authorities) Bill | Summary: No summary available | Description: No description available,UK_Parliament_Bills_Enriched_Corpus,1.3,18.31
3985,2026-04-30T00:00:00Z,Animal Shelters (Licensing) Bill,Title: Animal Shelters (Licensing) Bill | Summary: No summary available | Description: No description available,UK_Parliament_Bills_Enriched_Corpus,0.8,17.79
3798,2026-04-30T00:00:00Z,Animal Welfare (Responsibility for Dog on Dog Attacks) Bill,Title: Animal Welfare (Responsibility for Dog on Dog Attacks) Bill | Summary: No summary available | Description: No description available,UK_Parliament_Bills_Enriched_Corpus,0.3,18.17
3855,2026-04-30T00:00:00Z,Arm’s-Length Bodies (Review) Bill,Title: Arm’s-Length Bodies (Review) Bill | Summary: No summary available | Description: No description available,UK_Parliament_Bills_Enriched_Corpus,0.8,14.99
4089,2026-04-30T00:00:00Z,Armed Conflict (Requirements) Bill,Title: Armed Conflict (Requirements) Bill | Summary: No summary available | Description: No description available,UK_Parliament_Bills_Enriched_Corpus,-0.2,16.22
3922,2026-04-30T00:00:00Z,Arms Trade (Inquiry and Suspension) Bill,Title: Arms Trade (Inquiry and Suspension) Bill | Summary: No summary available | Description: No description available,UK_Parliament_Bills_Enriched_Corpus,0.3,16.03
3971,2026-04-30T00:00:00Z,Assets of Community Value (Sports Facilities) Bill,Title: Assets of Community Value (Sports Facilities) Bill | Summary: No summary available | Description: No description available,UK_Parliament_Bills_Enriched_Corpus,1.9,18.31
3741,2026-04-30T00:00:00Z,Assisted Dying for Terminally Ill Adults Bill [HL],Title: Assisted Dying for Terminally Ill Adults Bill [HL] | Summary: No summary available | Description: No description available,UK_Parliament_Bills_Enriched_Corpus,-0.8,17.28
3758,2026-04-30T00:00:00Z,Asylum Support (Prescribed Period) Bill [HL],Title: Asylum Support (Prescribed Period) Bill [HL] | Summary: No summary available | Description: No description available,UK_Parliament_Bills_Enriched_Corpus,1.3,17.42
3890,2026-04-30T00:00:00Z,Aviation (Accessibility) Bill,Title: Aviation (Accessibility) Bill | Summary: No summary available | Description: No description available,UK_Parliament_Bills_Enriched_Corpus,0.8,21.06
4013,2026-04-30T00:00:00Z,Babies and infants (Allergy Guidance) Bill,Title: Babies and infants (Allergy Guidance) Bill | Summary: No summary available | Description: No description available,UK_Parliament_Bills_Enriched_Corpus,0.3,16.72
4067,2026-04-30T00:00:00Z,Banks (Financial Exclusion and Access to Finance) Bill,Title: Banks (Financial Exclusion and Access to Finance) Bill | Summary: No summary available | Description: No description available,UK_Parliament_Bills_Enriched_Corpus,0.05,16.66
3805,2026-04-30T00:00:00Z,Bereavement Support (Children and Young People) Bill,Title: Bereavement Support (Children and Young People) Bill | Summary: No summary available | Description: No description available,UK_Parliament_Bills_Enriched_Corpus,1.2,16.34
3903,2026-04-30T00:00:00Z,Breast Cancer Screening (Review) Bill,Title: Breast Cancer Screening (Review) Bill | Summary: No summary available | Description: No description available,UK_Parliament_Bills_Enriched_Corpus,0.05,15.73
4076,2026-04-30T00:00:00Z,British-Made Bricks (Proposals) Bill,Title: British-Made Bricks (Proposals) Bill | Summary: No summary available | Description: No description available,UK_Parliament_Bills_Enriched_Corpus,0.8,15.73
3807,2026-04-30T00:00:00Z,Bullying and Respect at Work Bill,Title: Bullying and Respect at Work Bill | Summary: No summary available | Description: No description available,UK_Parliament_Bills_Enriched_Corpus,0.8,15.33
3842,2026-04-30T00:00:00Z,Bus Services Bill,Title: Bus Services Bill | Summary: No summary available | Description: No description available,UK_Parliament_Bills_Enriched_Corpus,0.8,16
3861,2026-04-30T00:00:00Z,Caravan Site Licensing (Exemptions of Motor Homes) Bill,Title: Caravan Site Licensing (Exemptions of Motor Homes) Bill | Summary: No summary available | Description: No description available,UK_Parliament_Bills_Enriched_Corpus,0.8,17.28
3841,2026-04-30T00:00:00Z,Carers and Care Workers Bill,Title: Carers and Care Workers Bill | Summary: No summary available | Description: No description available,UK_Parliament_Bills_Enriched_Corpus,1.8,14.99
3823,2026-04-30T00:00:00Z,Chalk Streams (Protection) Bill,Title: Chalk Streams (Protection) Bill | Summary: No summary available | Description: No description available,UK_Parliament_Bills_Enriched_Corpus,1.6,15.43
3845,2026-04-30T00:00:00Z,Child Criminal Exploitation Bill,Title: Child Criminal Exploitation Bill | Summary: No summary available | Description: No description available,UK_Parliament_Bills_Enriched_Corpus,-0.35,17.79
4021,2026-04-30T00:00:00Z,Child Poverty Strategy (Removal of Two Child Limit) Bill,Title: Child Poverty Strategy (Removal of Two Child Limit) Bill | Summary: No summary available | Description: No description available,UK_Parliament_Bills_Enriched_Corpus,0.15,16.99
3875,2026-04-30T00:00:00Z,Children’s Hospices (Funding) Bill,Title: Children’s Hospices (Funding) Bill | Summary: No summary available | Description: No description available,UK_Parliament_Bills_Enriched_Corpus,0.8,17.01
3998,2026-04-30T00:00:00Z,Clean Air (Human Rights) Bill,Title: Clean Air (Human Rights) Bill | Summary: No summary available | Description: No description available,UK_Parliament_Bills_Enriched_Corpus,1.55,14.25
4103,2026-04-30T00:00:00Z,Clinical Negligence Bill,Title: Clinical Negligence Bill | Summary: No summary available | Description: No description available,UK_Parliament_Bills_Enriched_Corpus,0.3,17.68
3794,2026-04-30T00:00:00Z,Company Directors (Duties) Bill,Title: Company Directors (Duties) Bill | Summary: No summary available | Description: No description available,UK_Parliament_Bills_Enriched_Corpus,0.8,17.79
3925,2026-04-30T00:00:00Z,Consular Assistance (Journalists) Bill,Title: Consular Assistance (Journalists) Bill | Summary: No summary available | Description: No description available,UK_Parliament_Bills_Enriched_Corpus,1.6,18.58
3767,2026-04-30T00:00:00Z,Consumer Products (Control of Biocides) Bill [HL],Title: Consumer Products (Control of Biocides) Bill [HL] | Summary: No summary available | Description: No description available,UK_Parliament_Bills_Enriched_Corpus,0.8,17
3959,2026-04-30T00:00:00Z,Co-operative Housing Tenure Bill,Title: Co-operative Housing Tenure Bill | Summary: No summary available | Description: No description available,UK_Parliament_Bills_Enriched_Corpus,1.3,17.2
3954,2026-04-30T00:00:00Z,Cornish Language and Heritage (Education and Recognition) Bill,Title: Cornish Language and Heritage (Education and Recognition) Bill | Summary: No summary available | Description: No description available,UK_Parliament_Bills_Enriched_Corpus,0.8,19.15
3769,2026-04-30T00:00:00Z,Education (Assemblies) Bill [HL],Title: Education (Assemblies) Bill [HL] | Summary: No summary available | Description: No description available,UK_Parliament_Bills_Enriched_Corpus,0.8,17.79
3749,2026-04-30T00:00:00Z,Environmental Targets (Public Authorities) Bill [HL],Title: Environmental Targets (Public Authorities) Bill [HL] | Summary: No summary available | Description: No description available,UK_Parliament_Bills_Enriched_Corpus,0.4,19.5
3756,2026-04-30T00:00:00Z,Home School Education Registration and Support Bill [HL],Title: Home School Education Registration and Support Bill [HL] | Summary: No summary available | Description: No description available,UK_Parliament_Bills_Enriched_Corpus,1.3,17.28
3770,2026-04-30T00:00:00Z,House of Lords (Peerage Nominations) Bill [HL],Title: House of Lords (Peerage Nominations) Bill [HL] | Summary: No summary available | Description: No description available,UK_Parliament_Bills_Enriched_Corpus,0.8,15.69
3753,2026-04-30T00:00:00Z,Imprisonment for Public Protection (Re-sentencing) Bill [HL],Title: Imprisonment for Public Protection (Re-sentencing) Bill [HL] | Summary: No summary available | Description: No description available,UK_Parliament_Bills_Enriched_Corpus,1.1,17.9
4034,2026-04-30T00:00:00Z,Industry and Exports (Financial Assistance) Act 2026,Title: Industry and Exports (Financial Assistance) Act 2026 | Summary: No summary available | Description: No description available,UK_Parliament_Bills_Enriched_Corpus,1.6,17.65
3742,2026-04-30T00:00:00Z,Lithium-ion Battery Safety Bill [HL],Title: Lithium-ion Battery Safety Bill [HL] | Summary: No summary available | Description: No description available,UK_Parliament_Bills_Enriched_Corpus,1.6,17.42
3928,2026-04-30T00:00:00Z,Ministry for Poverty Prevention Bill [HL],Title: Ministry for Poverty Prevention Bill [HL] | Summary: No summary available | Description: No description available,UK_Parliament_Bills_Enriched_Corpus,0.3,17.42
3771,2026-04-30T00:00:00Z,Palestine Statehood (Recognition) Bill [HL],Title: Palestine Statehood (Recognition) Bill [HL] | Summary: No summary available | Description: No description available,UK_Parliament_Bills_Enriched_Corpus,0.8,17.94
3761,2026-04-30T00:00:00Z,Permitted Development Rights (Extension) Bill [HL],Title: Permitted Development Rights (Extension) Bill [HL] | Summary: No summary available | Description: No description available,UK_Parliament_Bills_Enriched_Corpus,0.8,18.11
3924,2026-04-30T00:00:00Z,"Public Service (Ethics, Integrity and Independence) Bill [HL]","Title: Public Service (Ethics, Integrity and Independence) Bill [HL] | Summary: No summary available | Description: No description available",UK_Parliament_Bills_Enriched_Corpus,2.5,18.53
3747,2026-04-30T00:00:00Z,Refugees (Family Reunion) Bill [HL],Title: Refugees (Family Reunion) Bill [HL] | Summary: No summary available | Description: No description available,UK_Parliament_Bills_Enriched_Corpus,1.6,17.94
3743,2026-04-30T00:00:00Z,Regulated and Other Activities (Mandatory Reporting of Child Sexual Abuse) Bill [HL],Title: Regulated and Other Activities (Mandatory Reporting of Child Sexual Abuse) Bill [HL] | Summary: No summary available | Description: No description available,UK_Parliament_Bills_Enriched_Corpus,-0.2,20.57
3911,2026-04-30T00:00:00Z,Road Traffic Offences (Cycling) Bill [HL],Title: Road Traffic Offences (Cycling) Bill [HL] | Summary: No summary available | Description: No description available,UK_Parliament_Bills_Enriched_Corpus,0.8,16.72
3773,2026-04-30T00:00:00Z,Still-Birth (Definition) Bill [HL],Title: Still-Birth (Definition) Bill [HL] | Summary: No summary available | Description: No description available,UK_Parliament_Bills_Enriched_Corpus,0.8,15.73
3894,2026-04-01T00:00:00Z,General Cemetery Act 2025,Title: General Cemetery Act 2025 | Summary: No summary available | Description: No description available,UK_Parliament_Bills_Enriched_Corpus,0.7,17.79
3895,2026-04-01T00:00:00Z,Norwich Livestock Market Act,Title: Norwich Livestock Market Act | Summary: No summary available | Description: No description available,UK_Parliament_Bills_Enriched_Corpus,0.8,16.22
4042,2026-03-20T00:00:00Z,Finance Act 2026,Title: Finance Act 2026 | Summary: No summary available | Description: No description available,UK_Parliament_Bills_Enriched_Corpus,0.8,15.16
3755,2026-03-20T00:00:00Z,House of Lords (Hereditary Peers) Act 2026,Title: House of Lords (Hereditary Peers) Act 2026 | Summary: No summary available | Description: No description available,UK_Parliament_Bills_Enriched_Corpus,0.8,15.69
4095,2026-03-20T00:00:00Z,Supply and Appropriation (Anticipation and Adjustments) Act 2026,Title: Supply and Appropriation (Anticipation and Adjustments) Act 2026 | Summary: No summary available | Description: No description available,UK_Parliament_Bills_Enriched_Corpus,1.05,19.77
4059,2026-03-20T00:00:00Z,Universal Credit (Removal of Two Child Limit) Act 2026,Title: Universal Credit (Removal of Two Child Limit) Act 2026 | Summary: No summary available | Description: No description available,UK_Parliament_Bills_Enriched_Corpus,1.7,16.99
3873,2026-03-19T00:00:00Z,Finance Act 2025,Title: Finance Act 2025 | Summary: No summary available | Description: No description available,UK_Parliament_Bills_Enriched_Corpus,0.8,15.16
3779,2026-03-06T00:00:00Z,Rare Cancers Act 2026,Title: Rare Cancers Act 2026 | Summary: No summary available | Description: No description available,UK_Parliament_Bills_Enriched_Corpus,0.8,14.65
3972,2026-03-06T00:00:00Z,Sustainable Aviation Fuel Act 2026,Title: Sustainable Aviation Fuel Act 2026 | Summary: No summary available | Description: No description available,UK_Parliament_Bills_Enriched_Corpus,1.8,18.68
3941,2026-03-04T00:00:00Z,Supply and Appropriation (Anticipation and Adjustments) Act 2025,Title: Supply and Appropriation (Anticipation and Adjustments) Act 2025 | Summary: No summary available | Description: No description available,UK_Parliament_Bills_Enriched_Corpus,1.05,19.77
3764,2026-02-27T00:00:00Z,Renters’ Rights Act 2025,Title: Renters’ Rights Act 2025 | Summary: No summary available | Description: No description available,UK_Parliament_Bills_Enriched_Corpus,0.8,14.65
3946,2026-02-19T00:00:00Z,Planning and Infrastructure Act 2025,Title: Planning and Infrastructure Act 2025 | Summary: No summary available | Description: No description available,UK_Parliament_Bills_Enriched_Corpus,1.05,16.46
4016,2026-02-16T00:00:00Z,Biodiversity Beyond National Jurisdiction Act 2026,Title: Biodiversity Beyond National Jurisdiction Act 2026 | Summary: No summary available | Description: No description available,UK_Parliament_Bills_Enriched_Corpus,0.55,20.89
3783,2026-02-16T00:00:00Z,Licensing Hours Extensions Act 2026,Title: Licensing Hours Extensions Act 2026 | Summary: No summary available | Description: No description available,UK_Parliament_Bills_Enriched_Corpus,0.8,17.2
3810,2026-02-16T00:00:00Z,Secure 16 to 19 Academies Act 2026,Title: Secure 16 to 19 Academies Act 2026 | Summary: No summary available | Description: No description available,UK_Parliament_Bills_Enriched_Corpus,1.3,15.69
1081,2026-02-12T00:00:00Z,Infrastructure (Financial Assistance) Act 2012,Title: Infrastructure (Financial Assistance) Act 2012 | Summary: No summary available | Description: No description available,UK_Parliament_Bills_Enriched_Corpus,1.6,18.68
3421,2026-01-29T00:00:00Z,Holocaust Memorial Act 2026,Title: Holocaust Memorial Act 2026 | Summary: No summary available | Description: No description available,UK_Parliament_Bills_Enriched_Corpus,-0.2,17.79
4012,2026-01-29T00:00:00Z,Sentencing Act 2026,Title: Sentencing Act 2026 | Summary: No summary available | Description: No description available,UK_Parliament_Bills_Enriched_Corpus,0.55,16
3786,2026-01-23T00:00:00Z,Unauthorised Entry to Football Matches Act 2026,Title: Unauthorised Entry to Football Matches Act 2026 | Summary: No summary available | Description: No description available,UK_Parliament_Bills_Enriched_Corpus,0.8,17.65
3737,2025-12-22T00:00:00Z,Employment Rights Act 2025,Title: Employment Rights Act 2025 | Summary: No summary available | Description: No description available,UK_Parliament_Bills_Enriched_Corpus,0.8,15.43
3787,2025-12-19T00:00:00Z,Space Industry (Indemnities) Act 2025,Title: Space Industry (Indemnities) Act 2025 | Summary: No summary available | Description: No description available,UK_Parliament_Bills_Enriched_Corpus,0.8,17.2
3929,2025-12-10T00:00:00Z,"Border Security, Asylum and Immigration Act 2025","Title: Border Security, Asylum and Immigration Act 2025 | Summary: No summary available | Description: No description available",UK_Parliament_Bills_Enriched_Corpus,0.8,18.96
3790,2025-12-03T00:00:00Z,"Animal Welfare (Import of Dogs, Cats and Ferrets) Act","Title: Animal Welfare (Import of Dogs, Cats and Ferrets) Act | Summary: No summary available | Description: No description available",UK_Parliament_Bills_Enriched_Corpus,0.8,15.81
3921,2025-12-03T00:00:00Z,"Public Authorities (Fraud, Error and Recovery) Act 2025","Title: Public Authorities (Fraud, Error and Recovery) Act 2025 | Summary: No summary available | Description: No description available",UK_Parliament_Bills_Enriched_Corpus,-0.7,17.28
3785,2025-10-31T00:00:00Z,Absent Voting (Elections in Scotland and Wales) Act 2025,Title: Absent Voting (Elections in Scotland and Wales) Act 2025 | Summary: No summary available | Description: No description available,UK_Parliament_Bills_Enriched_Corpus,0.2,15.81
3910,2025-10-29T00:00:00Z,Bus Services Act 2025,Title: Bus Services Act 2025 | Summary: No summary available | Description: No description available,UK_Parliament_Bills_Enriched_Corpus,0.8,15.43
3991,2025-10-28T00:00:00Z,Deprivation of Citizenship Orders (Effect during Appeal) Act 2025,Title: Deprivation of Citizenship Orders (Effect during Appeal) Act 2025 | Summary: No summary available | Description: No description available,UK_Parliament_Bills_Enriched_Corpus,0.4,18.76
3973,2025-09-16T00:00:00Z,A34 Slip Road Safety (East Ilsley and Beedon) Bill,Title: A34 Slip Road Safety (East Ilsley and Beedon) Bill | Summary: No summary available | Description: No description available,UK_Parliament_Bills_Enriched_Corpus,1.35,14.63
3962,2025-09-10T00:00:00Z,Littering from Vehicles (Offences) Bill,Title: Littering from Vehicles (Offences) Bill | Summary: No summary available | Description: No description available,UK_Parliament_Bills_Enriched_Corpus,0.8,17.94
4001,2025-09-10T00:00:00Z,Special Educational Needs and Disabilities (Training in Schools) Bill,Title: Special Educational Needs and Disabilities (Training in Schools) Bill | Summary: No summary available | Description: No description available,UK_Parliament_Bills_Enriched_Corpus,2.4,18.76
3988,2025-09-04T00:00:00Z,Universal Credit Act 2025,Title: Universal Credit Act 2025 | Summary: No summary available | Description: No description available,UK_Parliament_Bills_Enriched_Corpus,1.6,17.01
3734,2025-09-02T00:00:00Z,Bank Resolution (Recapitalisation) Act 2025,Title: Bank Resolution (Recapitalisation) Act 2025 | Summary: No summary available | Description: No description available,UK_Parliament_Bills_Enriched_Corpus,0.8,20.15
3832,2025-09-02T00:00:00Z,Football Governance Act 2025,Title: Football Governance Act 2025 | Summary: No summary available | Description: No description available,UK_Parliament_Bills_Enriched_Corpus,0.8,16.22
3825,2025-08-08T00:00:00Z,Data (Use and Access) Act 2025,Title: Data (Use and Access) Act 2025 | Summary: No summary available | Description: No description available,UK_Parliament_Bills_Enriched_Corpus,0.8,14.64
3955,2025-08-08T00:00:00Z,Sentencing Guidelines (Pre-sentence Reports) Act 2025,Title: Sentencing Guidelines (Pre-sentence Reports) Act 2025 | Summary: No summary available | Description: No description available,UK_Parliament_Bills_Enriched_Corpus,0.55,16.34
3993,2025-07-22T00:00:00Z,Supply and Appropriation (Main Estimates) Act 2025,Title: Supply and Appropriation (Main Estimates) Act 2025 | Summary: No summary available | Description: No description available,UK_Parliament_Bills_Enriched_Corpus,0.8,17.65
3802,2025-07-10T00:00:00Z,Pension (Special Rules for End of Life) Bill,Title: Pension (Special Rules for End of Life) Bill | Summary: No summary available | Description: No description available,UK_Parliament_Bills_Enriched_Corpus,1.6,14.18
3882,2025-07-09T00:00:00Z,Financial Assistance to Ukraine Act 2025,Title: Financial Assistance to Ukraine Act 2025 | Summary: No summary available | Description: No description available,UK_Parliament_Bills_Enriched_Corpus,1.6,16.72
1313,2025-06-27T00:00:00Z,High Speed Rail (London–West Midlands) Act 2017,Title: High Speed Rail (London–West Midlands) Act 2017 | Summary: No summary available | Description: No description available,UK_Parliament_Bills_Enriched_Corpus,0.8,14.18
3885,2025-06-23T00:00:00Z,Child Criminal Exploitation (No. 2) Bill,Title: Child Criminal Exploitation (No. 2) Bill | Summary: No summary available | Description: No description available,UK_Parliament_Bills_Enriched_Corpus,-0.35,13.41
2381,2025-06-04T00:00:00Z,European Union (Withdrawal) Act 2019,Title: European Union (Withdrawal) Act 2019 | Summary: No summary available | Description: No description available,UK_Parliament_Bills_Enriched_Corpus,0.8,17.94
3772,2025-05-16T00:00:00Z,Institute for Apprenticeships and Technical Education (Transfer of Functions etc) Act 2025,Title: Institute for Apprenticeships and Technical Education (Transfer of Functions etc) Act 2025 | Summary: No summary available | Description: No description available,UK_Parliament_Bills_Enriched_Corpus,0.8,20.57
3935,2025-05-16T00:00:00Z,Nurse (Use of Title) Bill,Title: Nurse (Use of Title) Bill | Summary: No summary available | Description: No description available,UK_Parliament_Bills_Enriched_Corpus,0.55,14.25
3961,2025-05-07T00:00:00Z,Steel Industry (Special Measures) Act,Title: Steel Industry (Special Measures) Act | Summary: No summary available | Description: No description available,UK_Parliament_Bills_Enriched_Corpus,1.6,16.46
3888,2025-04-30T00:00:00Z,National Insurance Contributions (Secondary Class 1 Contributions) Act,Title: National Insurance Contributions (Secondary Class 1 Contributions) Act | Summary: No summary available | Description: No description available,UK_Parliament_Bills_Enriched_Corpus,0.8,21.01
3936,2025-04-19T00:00:00Z,Church of Scotland (Lord High Commissioner) Act,Title: Church of Scotland (Lord High Commissioner) Act | Summary: No summary available | Description: No description available,UK_Parliament_Bills_Enriched_Corpus,0.9,15.69
3739,2025-04-19T00:00:00Z,Crown Estate Act 2025,Title: Crown Estate Act 2025 | Summary: No summary available | Description: No description available,UK_Parliament_Bills_Enriched_Corpus,0.8,14.65
3751,2025-04-19T00:00:00Z,Water (Special Measures) Act 2025,Title: Water (Special Measures) Act 2025 | Summary: No summary available | Description: No description available,UK_Parliament_Bills_Enriched_Corpus,1.6,15.73
3523,2025-04-15T00:00:00Z,Leasehold and Freehold Reform Act 2024,Title: Leasehold and Freehold Reform Act 2024 | Summary: No summary available | Description: No description available,UK_Parliament_Bills_Enriched_Corpus,1.05,15.33
3765,2025-04-07T00:00:00Z,Terrorism (Protection of Premises) Act,Title: Terrorism (Protection of Premises) Act | Summary: No summary available | Description: No description available,UK_Parliament_Bills_Enriched_Corpus,1.1,18.68
3812,2025-03-24T00:00:00Z,"Children Not in School (Registers, Support and Orders) Bill","Title: Children Not in School (Registers, Support and Orders) Bill | Summary: No summary available | Description: No description available",UK_Parliament_Bills_Enriched_Corpus,1.3,15.81
3733,2025-02-25T00:00:00Z,Arbitration Act 2025,Title: Arbitration Act 2025 | Summary: No summary available | Description: No description available,UK_Parliament_Bills_Enriched_Corpus,0.8,16.84
3601,2025-02-14T00:00:00Z,Veterans (Non-custodial Sentences) Bill,Title: Veterans (Non-custodial Sentences) Bill | Summary: No summary available | Description: No description available,UK_Parliament_Bills_Enriched_Corpus,0.8,18.68
3661,2025-02-14T00:00:00Z,"Welfare Benefits (Adequacy, Debt and Deductions) Bill","Title: Welfare Benefits (Adequacy, Debt and Deductions) Bill | Summary: No summary available | Description: No description available",UK_Parliament_Bills_Enriched_Corpus,1.85,18.31
3676,2025-02-14T00:00:00Z,Whistleblowing Bill,Title: Whistleblowing Bill | Summary: No summary available | Description: No description available,UK_Parliament_Bills_Enriched_Corpus,0.8,17.62
3655,2025-02-12T00:00:00Z,Affordable Housing (Conversion of Commercial Property) Bill,Title: Affordable Housing (Conversion of Commercial Property) Bill | Summary: No summary available | Description: No description available,UK_Parliament_Bills_Enriched_Corpus,1.6,19.62
3666,2025-02-12T00:00:00Z,Airports (Prohibition of Night Flights) Bill,Title: Airports (Prohibition of Night Flights) Bill | Summary: No summary available | Description: No description available,UK_Parliament_Bills_Enriched_Corpus,-0.2,16.03
3633,2025-02-12T00:00:00Z,Arm’s-length Bodies (Accountability to Parliament) Bill,Title: Arm’s-length Bodies (Accountability to Parliament) Bill | Summary: No summary available | Description: No description available,UK_Parliament_Bills_Enriched_Corpus,1.6,18.31
3610,2025-02-12T00:00:00Z,Armenian Genocide (Recognition) Bill,Title: Armenian Genocide (Recognition) Bill | Summary: No summary available | Description: No description available,UK_Parliament_Bills_Enriched_Corpus,-0.2,20.15
3722,2025-02-12T00:00:00Z,Assistance Dogs and Pavement Parking Bill,Title: Assistance Dogs and Pavement Parking Bill | Summary: No summary available | Description: No description available,UK_Parliament_Bills_Enriched_Corpus,1.6,16.03
3615,2025-02-12T00:00:00Z,Asylum Seekers (Accommodation Eviction Procedures) Bill,Title: Asylum Seekers (Accommodation Eviction Procedures) Bill | Summary: No summary available | Description: No description available,UK_Parliament_Bills_Enriched_Corpus,0.7,20.89
3627,2025-02-12T00:00:00Z,Asylum Seekers (Permission to Work) Bill,Title: Asylum Seekers (Permission to Work) Bill | Summary: No summary available | Description: No description available,UK_Parliament_Bills_Enriched_Corpus,1.85,16.72
3678,2025-02-12T00:00:00Z,Autism (Early Identification) Bill,Title: Autism (Early Identification) Bill | Summary: No summary available | Description: No description available,UK_Parliament_Bills_Enriched_Corpus,0.8,20.15
3647,2025-02-12T00:00:00Z,Barnett Formula (Replacement) Bill,Title: Barnett Formula (Replacement) Bill | Summary: No summary available | Description: No description available,UK_Parliament_Bills_Enriched_Corpus,1.2,17.79
3723,2025-02-12T00:00:00Z,Bathing Waters (Monitoring and Reporting) Bill,Title: Bathing Waters (Monitoring and Reporting) Bill | Summary: No summary available | Description: No description available,UK_Parliament_Bills_Enriched_Corpus,0.8,18.11
3617,2025-02-12T00:00:00Z,Benefit Sanctions (Warnings) Bill,Title: Benefit Sanctions (Warnings) Bill | Summary: No summary available | Description: No description available,UK_Parliament_Bills_Enriched_Corpus,1.05,17.01
3689,2025-02-12T00:00:00Z,Brain Tumours Bill,Title: Brain Tumours Bill | Summary: No summary available | Description: No description available,UK_Parliament_Bills_Enriched_Corpus,0.8,15.16
3605,2025-02-12T00:00:00Z,British Goods (Public Sector Purchasing Duty) Bill,Title: British Goods (Public Sector Purchasing Duty) Bill | Summary: No summary available | Description: No description available,UK_Parliament_Bills_Enriched_Corpus,1.4,17
3607,2025-02-12T00:00:00Z,Broadcasting (Listed Sporting Events) Bill,Title: Broadcasting (Listed Sporting Events) Bill | Summary: No summary available | Description: No description available,UK_Parliament_Bills_Enriched_Corpus,0.8,17.2
3686,2025-02-12T00:00:00Z,Broadcasting (Listed Sporting Events) (Scotland) Bill,Title: Broadcasting (Listed Sporting Events) (Scotland) Bill | Summary: No summary available | Description: No description available,UK_Parliament_Bills_Enriched_Corpus,0.8,17.42
3595,2025-02-12T00:00:00Z,Cancer Research Funding (Report to Parliament) Bill,Title: Cancer Research Funding (Report to Parliament) Bill | Summary: No summary available | Description: No description available,UK_Parliament_Bills_Enriched_Corpus,0.05,17
3651,2025-02-12T00:00:00Z,Caravan Sites Bill,Title: Caravan Sites Bill | Summary: No summary available | Description: No description available,UK_Parliament_Bills_Enriched_Corpus,0.8,16
3726,2025-02-12T00:00:00Z,Children (Parental Imprisonment) Bill,Title: Children (Parental Imprisonment) Bill | Summary: No summary available | Description: No description available,UK_Parliament_Bills_Enriched_Corpus,0.3,18.58
3589,2025-02-12T00:00:00Z,Conservation and Sustainable Use of Marine Biological Diversity (Ratification of Treaty) Bill,Title: Conservation and Sustainable Use of Marine Biological Diversity (Ratification of Treaty) Bill | Summary: No summary available | Description: No description available,UK_Parliament_Bills_Enriched_Corpus,2.6,22.62
3573,2025-02-12T00:00:00Z,Consular Assistance Bill,Title: Consular Assistance Bill | Summary: No summary available | Description: No description available,UK_Parliament_Bills_Enriched_Corpus,1.6,17.68
3606,2025-02-12T00:00:00Z,Consumer Pricing Bill,Title: Consumer Pricing Bill | Summary: No summary available | Description: No description available,UK_Parliament_Bills_Enriched_Corpus,0.8,16.84
3614,2025-02-12T00:00:00Z,Corporate Homicide Bill,Title: Corporate Homicide Bill | Summary: No summary available | Description: No description available,UK_Parliament_Bills_Enriched_Corpus,0.3,17.68
3638,2025-02-12T00:00:00Z,Covid-19 Vaccine Diagnosis and Treatment Bill,Title: Covid-19 Vaccine Diagnosis and Treatment Bill | Summary: No summary available | Description: No description available,UK_Parliament_Bills_Enriched_Corpus,0.3,17
3632,2025-02-12T00:00:00Z,Dangerous Dogs (Licensing) Bill,Title: Dangerous Dogs (Licensing) Bill | Summary: No summary available | Description: No description available,UK_Parliament_Bills_Enriched_Corpus,0.3,17.01
3613,2025-02-12T00:00:00Z,Deductions from Universal Credit (Report) Bill,Title: Deductions from Universal Credit (Report) Bill | Summary: No summary available | Description: No description available,UK_Parliament_Bills_Enriched_Corpus,1.6,18.11
3724,2025-02-12T00:00:00Z,Delivery Services (Driving Licence Requirements) Bill,Title: Delivery Services (Driving Licence Requirements) Bill | Summary: No summary available | Description: No description available,UK_Parliament_Bills_Enriched_Corpus,1.4,19.5
3623,2025-02-12T00:00:00Z,Devolution (Employment) (Scotland) Bill,Title: Devolution (Employment) (Scotland) Bill | Summary: No summary available | Description: No description available,UK_Parliament_Bills_Enriched_Corpus,0.2,18.58
3619,2025-02-12T00:00:00Z,Disability Benefit Assessments (Recording) Bill,Title: Disability Benefit Assessments (Recording) Bill | Summary: No summary available | Description: No description available,UK_Parliament_Bills_Enriched_Corpus,0.75,20.89
3709,2025-02-12T00:00:00Z,Disposal of waste (advertising and penalty provision) Bill,Title: Disposal of waste (advertising and penalty provision) Bill | Summary: No summary available | Description: No description available,UK_Parliament_Bills_Enriched_Corpus,-1.1,18.53
3608,2025-02-12T00:00:00Z,Employment (Application Requirements) Bill,Title: Employment (Application Requirements) Bill | Summary: No summary available | Description: No description available,UK_Parliament_Bills_Enriched_Corpus,0.8,19.37
3626,2025-02-12T00:00:00Z,Evictions (Universal Credit) Bill,Title: Evictions (Universal Credit) Bill | Summary: No summary available | Description: No description available,UK_Parliament_Bills_Enriched_Corpus,1.6,18.58
3684,2025-02-12T00:00:00Z,Family Visas (Minimum Income) Bill,Title: Family Visas (Minimum Income) Bill | Summary: No summary available | Description: No description available,UK_Parliament_Bills_Enriched_Corpus,0.8,17.94
3593,2025-02-12T00:00:00Z,Fertility Treatment (Employment Rights) Bill,Title: Fertility Treatment (Employment Rights) Bill | Summary: No summary available | Description: No description available,UK_Parliament_Bills_Enriched_Corpus,0.55,17.94
3711,2025-02-12T00:00:00Z,Fireworks (Noise Limits) Bill,Title: Fireworks (Noise Limits) Bill | Summary: No summary available | Description: No description available,UK_Parliament_Bills_Enriched_Corpus,0.55,15.43
3612,2025-02-12T00:00:00Z,Food Poverty Strategy Bill,Title: Food Poverty Strategy Bill | Summary: No summary available | Description: No description available,UK_Parliament_Bills_Enriched_Corpus,0.45,17.01
3620,2025-02-12T00:00:00Z,Full Employment Bill,Title: Full Employment Bill | Summary: No summary available | Description: No description available,UK_Parliament_Bills_Enriched_Corpus,0.8,16
3659,2025-02-12T00:00:00Z,Government of Wales (Referendum on Devolution) Bill,Title: Government of Wales (Referendum on Devolution) Bill | Summary: No summary available | Description: No description available,UK_Parliament_Bills_Enriched_Corpus,-0.3,18.31
3688,2025-02-12T00:00:00Z,High Income Child Benefit Charge (Review and Impact Assessment) Bill,Title: High Income Child Benefit Charge (Review and Impact Assessment) Bill | Summary: No summary available | Description: No description available,UK_Parliament_Bills_Enriched_Corpus,2.15,16.76
3687,2025-02-12T00:00:00Z,Higher Education (Student Finance and Skills Shortages) Bill,Title: Higher Education (Student Finance and Skills Shortages) Bill | Summary: No summary available | Description: No description available,UK_Parliament_Bills_Enriched_Corpus,-0.2,17.9
3611,2025-02-12T00:00:00Z,House of Lords (Hereditary Peers) (Abolition of By-Elections) (No. 2) Bill,Title: House of Lords (Hereditary Peers) (Abolition of By-Elections) (No. 2) Bill | Summary: No summary available | Description: No description available,UK_Parliament_Bills_Enriched_Corpus,0.8,13.01
3618,2025-02-12T00:00:00Z,Housing Standards (Refugees and Asylum Seekers) Bill,Title: Housing Standards (Refugees and Asylum Seekers) Bill | Summary: No summary available | Description: No description available,UK_Parliament_Bills_Enriched_Corpus,0.8,17.65
3704,2025-02-12T00:00:00Z,Illegal and Unsustainable Fishing (Due Diligence) Bill,Title: Illegal and Unsustainable Fishing (Due Diligence) Bill | Summary: No summary available | Description: No description available,UK_Parliament_Bills_Enriched_Corpus,-0.2,18.96
3721,2025-02-12T00:00:00Z,Medicines (Vitamin B12 Injections) Bill,Title: Medicines (Vitamin B12 Injections) Bill | Summary: No summary available | Description: No description available,UK_Parliament_Bills_Enriched_Corpus,0.55,17.94
3590,2025-02-12T00:00:00Z,Members of Parliament (Oil and Gas Companies) Bill,Title: Members of Parliament (Oil and Gas Companies) Bill | Summary: No summary available | Description: No description available,UK_Parliament_Bills_Enriched_Corpus,0.8,16.04
3663,2025-02-12T00:00:00Z,Miners’ Strike (Pardons) Bill,Title: Miners’ Strike (Pardons) Bill | Summary: No summary available | Description: No description available,UK_Parliament_Bills_Enriched_Corpus,0.85,15.43
3693,2025-02-12T00:00:00Z,Mortgages (Switching) Bill,Title: Mortgages (Switching) Bill | Summary: No summary available | Description: No description available,UK_Parliament_Bills_Enriched_Corpus,0.8,16.84
3720,2025-02-12T00:00:00Z,Motor Vehicles (Driving Licences) (New Drivers) Bill,Title: Motor Vehicles (Driving Licences) (New Drivers) Bill | Summary: No summary available | Description: No description available,UK_Parliament_Bills_Enriched_Corpus,1.6,17.65
3713,2025-02-12T00:00:00Z,Neurodivergent Conditions (Screening and Teacher Training) Bill,Title: Neurodivergent Conditions (Screening and Teacher Training) Bill | Summary: No summary available | Description: No description available,UK_Parliament_Bills_Enriched_Corpus,1.05,18.96
3602,2025-02-12T00:00:00Z,Nuclear Veterans (Compensation) Bill,Title: Nuclear Veterans (Compensation) Bill | Summary: No summary available | Description: No description available,UK_Parliament_Bills_Enriched_Corpus,0.4,19.37
3657,2025-02-12T00:00:00Z,Offences Against the Person Act 1861 (Sentencing Guidelines) Bill,Title: Offences Against the Person Act 1861 (Sentencing Guidelines) Bill | Summary: No summary available | Description: No description available,UK_Parliament_Bills_Enriched_Corpus,0.55,16.99
3674,2025-02-12T00:00:00Z,Offensive Weapons Bill,Title: Offensive Weapons Bill | Summary: No summary available | Description: No description available,UK_Parliament_Bills_Enriched_Corpus,0.3,16.84
3596,2025-02-12T00:00:00Z,Palestine Statehood (Recognition) Bill,Title: Palestine Statehood (Recognition) Bill | Summary: No summary available | Description: No description available,UK_Parliament_Bills_Enriched_Corpus,0.8,18.58
3696,2025-02-12T00:00:00Z,Personal Protective Equipment at Work (Protected Characteristics) Bill,Title: Personal Protective Equipment at Work (Protected Characteristics) Bill | Summary: No summary available | Description: No description available,UK_Parliament_Bills_Enriched_Corpus,2.35,20.39
3728,2025-02-12T00:00:00Z,Prime Minister (Nomination) and Cabinet (Appointment) Bill,Title: Prime Minister (Nomination) and Cabinet (Appointment) Bill | Summary: No summary available | Description: No description available,UK_Parliament_Bills_Enriched_Corpus,1.5,18.96
3705,2025-02-12T00:00:00Z,Private Parking (Regulator) Bill,Title: Private Parking (Regulator) Bill | Summary: No summary available | Description: No description available,UK_Parliament_Bills_Enriched_Corpus,0.8,17.79
3716,2025-02-12T00:00:00Z,Public Amenities (Adoption by Local Authorities) Bill,Title: Public Amenities (Adoption by Local Authorities) Bill | Summary: No summary available | Description: No description available,UK_Parliament_Bills_Enriched_Corpus,0.8,19.62
3604,2025-02-12T00:00:00Z,Public Liability (Compulsory Insurance) Bill,Title: Public Liability (Compulsory Insurance) Bill | Summary: No summary available | Description: No description available,UK_Parliament_Bills_Enriched_Corpus,-0.1,20.89
3609,2025-02-12T00:00:00Z,Public Sector Website Impersonation Bill,Title: Public Sector Website Impersonation Bill | Summary: No summary available | Description: No description available,UK_Parliament_Bills_Enriched_Corpus,0.4,18.68
3697,2025-02-12T00:00:00Z,Public Sector Websites (Data Charges) Bill,Title: Public Sector Websites (Data Charges) Bill | Summary: No summary available | Description: No description available,UK_Parliament_Bills_Enriched_Corpus,0.8,16.72
3658,2025-02-12T00:00:00Z,Public Transport (Rural Areas) Bill,Title: Public Transport (Rural Areas) Bill | Summary: No summary available | Description: No description available,UK_Parliament_Bills_Enriched_Corpus,0.8,17.2
3579,2025-02-12T00:00:00Z,Puppy Import (Prohibition) Bill,Title: Puppy Import (Prohibition) Bill | Summary: No summary available | Description: No description available,UK_Parliament_Bills_Enriched_Corpus,0.4,17.79
3718,2025-02-12T00:00:00Z,Road Traffic (Testing of Blood) Bill,Title: Road Traffic (Testing of Blood) Bill | Summary: No summary available | Description: No description available,UK_Parliament_Bills_Enriched_Corpus,0.8,14.64
3677,2025-02-12T00:00:00Z,Road Traffic and Street Works Bill,Title: Road Traffic and Street Works Bill | Summary: No summary available | Description: No description available,UK_Parliament_Bills_Enriched_Corpus,1.05,13.95
3717,2025-02-12T00:00:00Z,Russian State Assets and Reconstruction of Ukraine Bill,Title: Russian State Assets and Reconstruction of Ukraine Bill | Summary: No summary available | Description: No description available,UK_Parliament_Bills_Enriched_Corpus,1.4,16.66
3729,2025-02-12T00:00:00Z,Scotland (Independence) Bill,Title: Scotland (Independence) Bill | Summary: No summary available | Description: No description available,UK_Parliament_Bills_Enriched_Corpus,1.6,17.68
3691,2025-02-12T00:00:00Z,Senior Civil Service (Accountability and Appointment) Bill,Title: Senior Civil Service (Accountability and Appointment) Bill | Summary: No summary available | Description: No description available,UK_Parliament_Bills_Enriched_Corpus,2.4,19.62
3700,2025-02-12T00:00:00Z,Sites of Special Scientific Interest (Designation) Bill,Title: Sites of Special Scientific Interest (Designation) Bill | Summary: No summary available | Description: No description available,UK_Parliament_Bills_Enriched_Corpus,2.5,18.96
3622,2025-02-12T00:00:00Z,Social Security Benefits (Healthy Eating) Bill,Title: Social Security Benefits (Healthy Eating) Bill | Summary: No summary available | Description: No description available,UK_Parliament_Bills_Enriched_Corpus,2.55,18.8
3730,2025-02-12T00:00:00Z,Solent Ferry Regulator Bill,Title: Solent Ferry Regulator Bill | Summary: No summary available | Description: No description available,UK_Parliament_Bills_Enriched_Corpus,0.8,17.79
3706,2025-02-12T00:00:00Z,Standards in Public Life (Codes of Conduct) Bill,Title: Standards in Public Life (Codes of Conduct) Bill | Summary: No summary available | Description: No description available,UK_Parliament_Bills_Enriched_Corpus,0.8,14.8
3683,2025-02-12T00:00:00Z,State Pension Age (Compensation) Bill,Title: State Pension Age (Compensation) Bill | Summary: No summary available | Description: No description available,UK_Parliament_Bills_Enriched_Corpus,0.8,16.46
3715,2025-02-12T00:00:00Z,Tenant Farming Commissioner Bill,Title: Tenant Farming Commissioner Bill | Summary: No summary available | Description: No description available,UK_Parliament_Bills_Enriched_Corpus,0.8,17.79
3625,2025-02-12T00:00:00Z,Under-Occupancy Penalty (Report) Bill,Title: Under-Occupancy Penalty (Report) Bill | Summary: No summary available | Description: No description available,UK_Parliament_Bills_Enriched_Corpus,0.05,18.68
3621,2025-02-12T00:00:00Z,Universal Credit Sanctions (Zero Hours Contracts) Bill,Title: Universal Credit Sanctions (Zero Hours Contracts) Bill | Summary: No summary available | Description: No description available,UK_Parliament_Bills_Enriched_Corpus,1.6,18.31
3667,2025-02-12T00:00:00Z,Unpaid Trial Work Periods (Prohibition) Bill,Title: Unpaid Trial Work Periods (Prohibition) Bill | Summary: No summary available | Description: No description available,UK_Parliament_Bills_Enriched_Corpus,-0.75,18.11
3735,2025-01-17T00:00:00Z,Commonwealth Parliamentary Association and International Committee of the Red Cross (Status) Act 2025,Title: Commonwealth Parliamentary Association and International Committee of the Red Cross (Status) Act 2025 | Summary: No summary available | Description: No description available,UK_Parliament_Bills_Enriched_Corpus,0.8,21.3
3744,2025-01-17T00:00:00Z,Lords Spiritual (Women) Act 2015 (Extension) Act 2025,Title: Lords Spiritual (Women) Act 2015 (Extension) Act 2025 | Summary: No summary available | Description: No description available,UK_Parliament_Bills_Enriched_Corpus,0.9,16.66
3542,2025-01-17T00:00:00Z,Paternity Leave (Bereavement) Act 2024,Title: Paternity Leave (Bereavement) Act 2024 | Summary: No summary available | Description: No description available,UK_Parliament_Bills_Enriched_Corpus,0.05,17.2
3533,2025-01-08T00:00:00Z,Animal Welfare (Livestock Exports) Act 2024,Title: Animal Welfare (Livestock Exports) Act 2024 | Summary: No summary available | Description: No description available,UK_Parliament_Bills_Enriched_Corpus,0.8,16.72
1382,2025-01-08T00:00:00Z,House of Lords (Expulsion and Suspension) Act 2015,Title: House of Lords (Expulsion and Suspension) Act 2015 | Summary: No summary available | Description: No description available,UK_Parliament_Bills_Enriched_Corpus,-0.5,15.42
328,2024-12-18T00:00:00Z,Appropriation (No. 2) Act 2008,Title: Appropriation (No. 2) Act 2008 | Summary: No summary available | Description: No description available,UK_Parliament_Bills_Enriched_Corpus,0.4,13.34
3732,2024-11-29T00:00:00Z,Passenger Railway Services (Public Ownership) Act 2024,Title: Passenger Railway Services (Public Ownership) Act 2024 | Summary: No summary available | Description: No description available,UK_Parliament_Bills_Enriched_Corpus,1.4,18.31
3703,2024-11-21T00:00:00Z,Tobacco and Vapes Bill,Title: Tobacco and Vapes Bill | Summary: No summary available | Description: No description available,UK_Parliament_Bills_Enriched_Corpus,0.55,16.22
3443,2024-11-12T00:00:00Z,Victims and Prisoners Act 2024,Title: Victims and Prisoners Act 2024 | Summary: No summary available | Description: No description available,UK_Parliament_Bills_Enriched_Corpus,-0.75,15.73
3731,2024-11-11T00:00:00Z,Budget Responsibility Act 2024,Title: Budget Responsibility Act 2024 | Summary: No summary available | Description: No description available,UK_Parliament_Bills_Enriched_Corpus,0.8,18.58
3023,2024-10-11T00:00:00Z,Nationality and Borders Act 2022,Title: Nationality and Borders Act 2022 | Summary: No summary available | Description: No description available,UK_Parliament_Bills_Enriched_Corpus,0.8,17.2
2862,2024-10-03T00:00:00Z,Higher Education (Freedom of Speech) Act 2023,Title: Higher Education (Freedom of Speech) Act 2023 | Summary: No summary available | Description: No description available,UK_Parliament_Bills_Enriched_Corpus,1.8,16.34
2859,2024-10-02T00:00:00Z,Dissolution and Calling of Parliament Act 2022,Title: Dissolution and Calling of Parliament Act 2022 | Summary: No summary available | Description: No description available,UK_Parliament_Bills_Enriched_Corpus,0.3,17
3694,2024-10-02T00:00:00Z,Post Office (Horizon System) Offences Act 2024,Title: Post Office (Horizon System) Offences Act 2024 | Summary: No summary available | Description: No description available,UK_Parliament_Bills_Enriched_Corpus,1.05,17
2593,2024-09-26T00:00:00Z,Environment Act 2021,Title: Environment Act 2021 | Summary: No summary available | Description: No description available,UK_Parliament_Bills_Enriched_Corpus,0.8,16.84
3344,2024-09-25T00:00:00Z,Electronic Trade Documents Act 2023,Title: Electronic Trade Documents Act 2023 | Summary: No summary available | Description: No description available,UK_Parliament_Bills_Enriched_Corpus,0.8,17.2
3559,2024-09-23T00:00:00Z,Community and Suspended Sentences (Notification of Details) Bill,Title: Community and Suspended Sentences (Notification of Details) Bill | Summary: No summary available | Description: No description available,UK_Parliament_Bills_Enriched_Corpus,0.8,20.39
3475,2024-09-23T00:00:00Z,Economic Activity of Public Bodies (Overseas Matters) Bill,Title: Economic Activity of Public Bodies (Overseas Matters) Bill | Summary: No summary available | Description: No description available,UK_Parliament_Bills_Enriched_Corpus,0.55,19.77
3514,2024-09-23T00:00:00Z,Finance Act 2024,Title: Finance Act 2024 | Summary: No summary available | Description: No description available,UK_Parliament_Bills_Enriched_Corpus,0.8,15.16
3690,2024-09-23T00:00:00Z,Finance Act (No. 2) 2024,Title: Finance Act (No. 2) 2024 | Summary: No summary available | Description: No description available,UK_Parliament_Bills_Enriched_Corpus,0.8,11.13
3701,2024-09-23T00:00:00Z,Football Governance Bill,Title: Football Governance Bill | Summary: No summary available | Description: No description available,UK_Parliament_Bills_Enriched_Corpus,0.8,16.84
3587,2024-09-23T00:00:00Z,Local Government (Pay Accountability) Bill,Title: Local Government (Pay Accountability) Bill | Summary: No summary available | Description: No description available,UK_Parliament_Bills_Enriched_Corpus,1,19.41
3577,2024-09-23T00:00:00Z,Prison Media Bill,Title: Prison Media Bill | Summary: No summary available | Description: No description available,UK_Parliament_Bills_Enriched_Corpus,0.05,16.84
3462,2024-09-23T00:00:00Z,Renters (Reform) Bill,Title: Renters (Reform) Bill | Summary: No summary available | Description: No description available,UK_Parliament_Bills_Enriched_Corpus,1.05,16
3509,2024-09-23T00:00:00Z,Trade (Comprehensive and Progressive Agreement for Trans-Pacific Partnership) Act 2024,Title: Trade (Comprehensive and Progressive Agreement for Trans-Pacific Partnership) Act 2024 | Summary: No summary available | Description: No description available,UK_Parliament_Bills_Enriched_Corpus,3.1,18.74
3556,2024-09-23T00:00:00Z,Unauthorised Entry to Football Matches Bill,Title: Unauthorised Entry to Football Matches Bill | Summary: No summary available | Description: No description available,UK_Parliament_Bills_Enriched_Corpus,0.8,18.11
3506,2024-09-19T00:00:00Z,Automated Vehicles Act 2024,Title: Automated Vehicles Act 2024 | Summary: No summary available | Description: No description available,UK_Parliament_Bills_Enriched_Corpus,0.8,17.79
3511,2024-09-19T00:00:00Z,Criminal Justice Bill,Title: Criminal Justice Bill | Summary: No summary available | Description: No description available,UK_Parliament_Bills_Enriched_Corpus,1.05,16.84
3505,2024-09-19T00:00:00Z,Media Act 2024,Title: Media Act 2024 | Summary: No summary available | Description: No description available,UK_Parliament_Bills_Enriched_Corpus,0.8,16
3021,2024-09-18T00:00:00Z,Building Safety Act 2022,Title: Building Safety Act 2022 | Summary: No summary available | Description: No description available,UK_Parliament_Bills_Enriched_Corpus,1.7,15.43
2046,2024-09-18T00:00:00Z,High Speed Rail (West Midlands-Crewe) Act 2021,Title: High Speed Rail (West Midlands-Crewe) Act 2021 | Summary: No summary available | Description: No description available,UK_Parliament_Bills_Enriched_Corpus,0.8,13.56
3429,2024-09-12T00:00:00Z,Illegal Migration Act 2023,Title: Illegal Migration Act 2023 | Summary: No summary available | Description: No description available,UK_Parliament_Bills_Enriched_Corpus,-0.2,17.01
3745,2024-09-06T00:00:00Z,Marine Protected Areas (Bottom Trawling) Bill [HL],Title: Marine Protected Areas (Bottom Trawling) Bill [HL] | Summary: No summary available | Description: No description available,UK_Parliament_Bills_Enriched_Corpus,1.6,17.65
3435,2024-08-19T00:00:00Z,Finance (No. 2) Act 2023,Title: Finance (No. 2) Act 2023 | Summary: No summary available | Description: No description available,UK_Parliament_Bills_Enriched_Corpus,0.8,11.13
3154,2024-08-19T00:00:00Z,National Security Act 2023,Title: National Security Act 2023 | Summary: No summary available | Description: No description available,UK_Parliament_Bills_Enriched_Corpus,0.8,17.79
3160,2024-08-19T00:00:00Z,Northern Ireland Troubles (Legacy and Reconciliation) Act 2023,Title: Northern Ireland Troubles (Legacy and Reconciliation) Act 2023 | Summary: No summary available | Description: No description available,UK_Parliament_Bills_Enriched_Corpus,1.15,19.77
3526,2024-08-19T00:00:00Z,Post Office (Horizon System) Compensation Act 2024,Title: Post Office (Horizon System) Compensation Act 2024 | Summary: No summary available | Description: No description available,UK_Parliament_Bills_Enriched_Corpus,1.05,17.65
3187,2024-08-12T00:00:00Z,Social Security (Additional Payments) Act 2022,Title: Social Security (Additional Payments) Act 2022 | Summary: No summary available | Description: No description available,UK_Parliament_Bills_Enriched_Corpus,1.05,18.8
3414,2024-08-12T00:00:00Z,Social Security (Additional Payments) Act 2023,Title: Social Security (Additional Payments) Act 2023 | Summary: No summary available | Description: No description available,UK_Parliament_Bills_Enriched_Corpus,1.05,18.8
3736,2024-07-31T00:00:00Z,Supply and Appropriation (Main Estimates) Act 2024,Title: Supply and Appropriation (Main Estimates) Act 2024 | Summary: No summary available | Description: No description available,UK_Parliament_Bills_Enriched_Corpus,0.8,17.65
3540,2024-06-10T00:00:00Z,Safety of Rwanda (Asylum and Immigration) Act 2024,Title: Safety of Rwanda (Asylum and Immigration) Act 2024 | Summary: No summary available | Description: No description available,UK_Parliament_Bills_Enriched_Corpus,1.6,17.9
3558,2024-06-04T00:00:00Z,British Nationality (Irish Citizens) Act 2024,Title: British Nationality (Irish Citizens) Act 2024 | Summary: No summary available | Description: No description available,UK_Parliament_Bills_Enriched_Corpus,0.8,18.8
3562,2024-06-04T00:00:00Z,Off-Road Vehicles (Registration) Bill,Title: Off-Road Vehicles (Registration) Bill | Summary: No summary available | Description: No description available,UK_Parliament_Bills_Enriched_Corpus,0.8,17.2
3665,2024-06-04T00:00:00Z,Scottish Law Officers (Devolution) Bill,Title: Scottish Law Officers (Devolution) Bill | Summary: No summary available | Description: No description available,UK_Parliament_Bills_Enriched_Corpus,0.2,17.94
3510,2024-06-04T00:00:00Z,Sentencing Bill,Title: Sentencing Bill | Summary: No summary available | Description: No description available,UK_Parliament_Bills_Enriched_Corpus,0.55,16.71
3680,2024-06-04T00:00:00Z,Support for Infants and Parents etc (Information) Bill,Title: Support for Infants and Parents etc (Information) Bill | Summary: No summary available | Description: No description available,UK_Parliament_Bills_Enriched_Corpus,1.7,18.53
3712,2024-06-04T00:00:00Z,Thames Water (Special Administration) Bill,Title: Thames Water (Special Administration) Bill | Summary: No summary available | Description: No description available,UK_Parliament_Bills_Enriched_Corpus,1.6,17.94
3603,2024-06-03T00:00:00Z,Employment Equality (Insurance etc) Bill,Title: Employment Equality (Insurance etc) Bill | Summary: No summary available | Description: No description available,UK_Parliament_Bills_Enriched_Corpus,1.6,20.89
3576,2024-06-03T00:00:00Z,Groceries Code Adjudicator (Powers and Duties) Bill,Title: Groceries Code Adjudicator (Powers and Duties) Bill | Summary: No summary available | Description: No description available,UK_Parliament_Bills_Enriched_Corpus,0.8,18.31
3561,2024-06-03T00:00:00Z,Hereditary Titles (Female Succession) Bill,Title: Hereditary Titles (Female Succession) Bill | Summary: No summary available | Description: No description available,UK_Parliament_Bills_Enriched_Corpus,1.2,19.41
3550,2024-06-03T00:00:00Z,Joint Enterprise (Significant Contribution) Bill,Title: Joint Enterprise (Significant Contribution) Bill | Summary: No summary available | Description: No description available,UK_Parliament_Bills_Enriched_Corpus,1.8,19.41
3681,2024-06-03T00:00:00Z,Ministerial Severance (Reform) Bill,Title: Ministerial Severance (Reform) Bill | Summary: No summary available | Description: No description available,UK_Parliament_Bills_Enriched_Corpus,1.05,19.37
3546,2024-05-31T00:00:00Z,"Animal Welfare (Import of Dogs, Cats and Ferrets) Bill","Title: Animal Welfare (Import of Dogs, Cats and Ferrets) Bill | Summary: No summary available | Description: No description available",UK_Parliament_Bills_Enriched_Corpus,0.8,15.81
3584,2024-05-31T00:00:00Z,Animal Welfare (Responsibility for Dog Attacks) Bill,Title: Animal Welfare (Responsibility for Dog Attacks) Bill | Summary: No summary available | Description: No description available,UK_Parliament_Bills_Enriched_Corpus,0.3,18.96
3673,2024-05-31T00:00:00Z,Children Not in School (National Register and Support) Bill,Title: Children Not in School (National Register and Support) Bill | Summary: No summary available | Description: No description available,UK_Parliament_Bills_Enriched_Corpus,1.3,16.4
3545,2024-05-31T00:00:00Z,Conversion Practices (Prohibition) Bill,Title: Conversion Practices (Prohibition) Bill | Summary: No summary available | Description: No description available,UK_Parliament_Bills_Enriched_Corpus,-0.2,19.37
3549,2024-05-31T00:00:00Z,Pet Abduction Act 2024,Title: Pet Abduction Act 2024 | Summary: No summary available | Description: No description available,UK_Parliament_Bills_Enriched_Corpus,0.3,15.43
3554,2024-05-29T00:00:00Z,Abortion (Gestational Time Limit Reduction) Bill [HL],Title: Abortion (Gestational Time Limit Reduction) Bill [HL] | Summary: No summary available | Description: No description available,UK_Parliament_Bills_Enriched_Corpus,-0.25,18.31
3518,2024-05-29T00:00:00Z,Alternative Investment Fund Designation Bill [HL],Title: Alternative Investment Fund Designation Bill [HL] | Summary: No summary available | Description: No description available,UK_Parliament_Bills_Enriched_Corpus,0.8,18.8
3515,2024-05-29T00:00:00Z,Arbitration Bill [HL],Title: Arbitration Bill [HL] | Summary: No summary available | Description: No description available,UK_Parliament_Bills_Enriched_Corpus,0.8,16.84
3530,2024-05-29T00:00:00Z,Asylum Application (Entry to the United Kingdom) Bill [HL],Title: Asylum Application (Entry to the United Kingdom) Bill [HL] | Summary: No summary available | Description: No description available,UK_Parliament_Bills_Enriched_Corpus,1.3,18.17
3656,2024-05-29T00:00:00Z,Commonwealth Parliamentary Association and International Committee of the Red Cross (Status) Bill,Title: Commonwealth Parliamentary Association and International Committee of the Red Cross (Status) Bill | Summary: No summary available | Description: No description available,UK_Parliament_Bills_Enriched_Corpus,0.8,21.6
3512,2024-05-29T00:00:00Z,Conversion Therapy Prohibition (Sexual Orientation and Gender Identity) Bill [HL],Title: Conversion Therapy Prohibition (Sexual Orientation and Gender Identity) Bill [HL] | Summary: No summary available | Description: No description available,UK_Parliament_Bills_Enriched_Corpus,-0.2,22.38
3528,2024-05-29T00:00:00Z,Coroners (Determination of Suicide) Bill [HL],Title: Coroners (Determination of Suicide) Bill [HL] | Summary: No summary available | Description: No description available,UK_Parliament_Bills_Enriched_Corpus,0.85,18.8
3539,2024-05-29T00:00:00Z,Disestablishment of the Church of England Bill [HL],Title: Disestablishment of the Church of England Bill [HL] | Summary: No summary available | Description: No description available,UK_Parliament_Bills_Enriched_Corpus,0.9,16.04
3531,2024-05-29T00:00:00Z,Ecocide Bill [HL],Title: Ecocide Bill [HL] | Summary: No summary available | Description: No description available,UK_Parliament_Bills_Enriched_Corpus,0.8,16.84
3516,2024-05-29T00:00:00Z,Employment and Trade Union Rights (Dismissal and Re-engagement) Bill [HL],Title: Employment and Trade Union Rights (Dismissal and Re-engagement) Bill [HL] | Summary: No summary available | Description: No description available,UK_Parliament_Bills_Enriched_Corpus,0.3,16.59
3524,2024-05-29T00:00:00Z,Foetal Sentience Committee Bill [HL],Title: Foetal Sentience Committee Bill [HL] | Summary: No summary available | Description: No description available,UK_Parliament_Bills_Enriched_Corpus,0.8,17.2
3521,2024-05-29T00:00:00Z,Genocide (Prevention and Response) Bill [HL],Title: Genocide (Prevention and Response) Bill [HL] | Summary: No summary available | Description: No description available,UK_Parliament_Bills_Enriched_Corpus,0.05,16.72
3536,2024-05-29T00:00:00Z,Heritage Trees Bill [HL],Title: Heritage Trees Bill [HL] | Summary: No summary available | Description: No description available,UK_Parliament_Bills_Enriched_Corpus,0.8,15.43
3548,2024-05-29T00:00:00Z,"High Streets (Designation, Review and Improvement Plan) Bill","Title: High Streets (Designation, Review and Improvement Plan) Bill | Summary: No summary available | Description: No description available",UK_Parliament_Bills_Enriched_Corpus,1.55,16.66
3537,2024-05-29T00:00:00Z,House of Lords (Hereditary Peers) (Abolition of By-Elections) Bill [HL],Title: House of Lords (Hereditary Peers) (Abolition of By-Elections) Bill [HL] | Summary: No summary available | Description: No description available,UK_Parliament_Bills_Enriched_Corpus,0.8,17.66
3557,2024-05-29T00:00:00Z,Licensing Hours Extensions Bill,Title: Licensing Hours Extensions Bill | Summary: No summary available | Description: No description available,UK_Parliament_Bills_Enriched_Corpus,0.8,17.79
3702,2024-05-29T00:00:00Z,Litigation Funding Agreements (Enforceability) Bill [HL],Title: Litigation Funding Agreements (Enforceability) Bill [HL] | Summary: No summary available | Description: No description available,UK_Parliament_Bills_Enriched_Corpus,0.3,20.89
3543,2024-05-29T00:00:00Z,Pensions (Special Rules for End of Life) Bill,Title: Pensions (Special Rules for End of Life) Bill | Summary: No summary available | Description: No description available,UK_Parliament_Bills_Enriched_Corpus,1.6,14.18
3532,2024-05-29T00:00:00Z,Protection of Care Recipients and Carers Bill [HL],Title: Protection of Care Recipients and Carers Bill [HL] | Summary: No summary available | Description: No description available,UK_Parliament_Bills_Enriched_Corpus,2.6,16.66
3552,2024-05-29T00:00:00Z,Public Service (Integrity and Ethics) Bill [HL],Title: Public Service (Integrity and Ethics) Bill [HL] | Summary: No summary available | Description: No description available,UK_Parliament_Bills_Enriched_Corpus,1.7,17
3586,2024-05-29T00:00:00Z,School Attendance (Duties of Local Authorities and Proprietors of Schools) Bill,Title: School Attendance (Duties of Local Authorities and Proprietors of Schools) Bill | Summary: No summary available | Description: No description available,UK_Parliament_Bills_Enriched_Corpus,1.2,18.2
3654,2024-05-29T00:00:00Z,Secure 16 to 19 Academies Bill,Title: Secure 16 to 19 Academies Bill | Summary: No summary available | Description: No description available,UK_Parliament_Bills_Enriched_Corpus,1.3,16.03
3551,2024-05-29T00:00:00Z,Space Industry (Indemnities) Bill,Title: Space Industry (Indemnities) Bill | Summary: No summary available | Description: No description available,UK_Parliament_Bills_Enriched_Corpus,0.8,17.79
3538,2024-05-29T00:00:00Z,Status of Workers Bill [HL],Title: Status of Workers Bill [HL] | Summary: No summary available | Description: No description available,UK_Parliament_Bills_Enriched_Corpus,0.8,14.99
3513,2024-05-29T00:00:00Z,Succession to Peerages and Baronetcies Bill [HL],Title: Succession to Peerages and Baronetcies Bill [HL] | Summary: No summary available | Description: No description available,UK_Parliament_Bills_Enriched_Corpus,0.8,17.65
3534,2024-05-29T00:00:00Z,Wheelchair Access Bill [HL],Title: Wheelchair Access Bill [HL] | Summary: No summary available | Description: No description available,UK_Parliament_Bills_Enriched_Corpus,0.55,15.43
3195,2024-05-16T00:00:00Z,Supported Housing (Regulatory Oversight) Act 2023,Title: Supported Housing (Regulatory Oversight) Act 2023 | Summary: No summary available | Description: No description available,UK_Parliament_Bills_Enriched_Corpus,0.8,19.5
26,2024-05-10T00:00:00Z,Access To Contraceptive Services Bill,Title: Access To Contraceptive Services Bill | Summary: No summary available | Description: No description available,UK_Parliament_Bills_Enriched_Corpus,0.8,17.94
3507,2024-04-26T00:00:00Z,Pedicabs (London) Act 2024,Title: Pedicabs (London) Act 2024 | Summary: No summary available | Description: No description available,UK_Parliament_Bills_Enriched_Corpus,0.8,16.22
3060,2024-04-10T00:00:00Z,Finance Act 2022,Title: Finance Act 2022 | Summary: No summary available | Description: No description available,UK_Parliament_Bills_Enriched_Corpus,0.8,15.16
3380,2024-03-22T00:00:00Z,Bishop’s Stortford Cemetery Act 2024,Title: Bishop’s Stortford Cemetery Act 2024 | Summary: No summary available | Description: No description available,UK_Parliament_Bills_Enriched_Corpus,0.3,17.2
3692,2024-03-21T00:00:00Z,National Insurance Contributions (Reduction in Rates) Act 2024,Title: National Insurance Contributions (Reduction in Rates) Act 2024 | Summary: No summary available | Description: No description available,UK_Parliament_Bills_Enriched_Corpus,0.8,18.53
3699,2024-03-21T00:00:00Z,Supply and Appropriation (Anticipation and Adjustments) Act 2024,Title: Supply and Appropriation (Anticipation and Adjustments) Act 2024 | Summary: No summary available | Description: No description available,UK_Parliament_Bills_Enriched_Corpus,1.05,19.77
2801,2024-03-20T00:00:00Z,National Security and Investment Act 2021,Title: National Security and Investment Act 2021 | Summary: No summary available | Description: No description available,UK_Parliament_Bills_Enriched_Corpus,0.8,18.11
2551,2024-03-19T00:00:00Z,Agriculture Act 2020,Title: Agriculture Act 2020 | Summary: No summary available | Description: No description available,UK_Parliament_Bills_Enriched_Corpus,0.8,16.84
3339,2024-02-28T00:00:00Z,Economic Crime and Corporate Transparency Act 2023,Title: Economic Crime and Corporate Transparency Act 2023 | Summary: No summary available | Description: No description available,UK_Parliament_Bills_Enriched_Corpus,-0.2,18.31
3594,2024-02-21T00:00:00Z,Water Quality Monitoring Bill,Title: Water Quality Monitoring Bill | Summary: No summary available | Description: No description available,UK_Parliament_Bills_Enriched_Corpus,0.8,18.58
3155,2024-02-20T00:00:00Z,Levelling-up and Regeneration Act 2023,Title: Levelling-up and Regeneration Act 2023 | Summary: No summary available | Description: No description available,UK_Parliament_Bills_Enriched_Corpus,0.8,17.42
3583,2024-02-06T00:00:00Z,Support for Infants Bill,Title: Support for Infants Bill | Summary: No summary available | Description: No description available,UK_Parliament_Bills_Enriched_Corpus,1.3,15.43
3672,2024-01-26T00:00:00Z,Northern Ireland (Executive Formation) Act 2024,Title: Northern Ireland (Executive Formation) Act 2024 | Summary: No summary available | Description: No description available,UK_Parliament_Bills_Enriched_Corpus,0.8,18.8
3520,2023-12-19T00:00:00Z,National Insurance Contributions (Reduction in Rates) Act 2023,Title: National Insurance Contributions (Reduction in Rates) Act 2023 | Summary: No summary available | Description: No description available,UK_Parliament_Bills_Enriched_Corpus,0.8,18.53
3252,2023-11-03T00:00:00Z,Voter Registration Bill,Title: Voter Registration Bill | Summary: No summary available | Description: No description available,UK_Parliament_Bills_Enriched_Corpus,1.4,17.68
3439,2023-11-03T00:00:00Z,Water Quality (Sewage Discharge) Bill,Title: Water Quality (Sewage Discharge) Bill | Summary: No summary available | Description: No description available,UK_Parliament_Bills_Enriched_Corpus,-0.05,17.2
3444,2023-11-02T00:00:00Z,Humber2100+ Project Bill,Title: Humber2100+ Project Bill | Summary: No summary available | Description: No description available,UK_Parliament_Bills_Enriched_Corpus,0.8,15.43
3498,2023-11-02T00:00:00Z,Import of Dogs Bill,Title: Import of Dogs Bill | Summary: No summary available | Description: No description available,UK_Parliament_Bills_Enriched_Corpus,0.8,14.65
3368,2023-11-02T00:00:00Z,Independent Adviser on Ministers’ Interests (Appointment by Parliament) Bill,Title: Independent Adviser on Ministers’ Interests (Appointment by Parliament) Bill | Summary: No summary available | Description: No description available,UK_Parliament_Bills_Enriched_Corpus,1.9,19.94
3400,2023-11-02T00:00:00Z,Independent Anti-slavery Commissioner (Appointment by Parliament) Bill,Title: Independent Anti-slavery Commissioner (Appointment by Parliament) Bill | Summary: No summary available | Description: No description available,UK_Parliament_Bills_Enriched_Corpus,0.8,21.01
3441,2023-11-02T00:00:00Z,Inquests (Legal Representation) Bill,Title: Inquests (Legal Representation) Bill | Summary: No summary available | Description: No description available,UK_Parliament_Bills_Enriched_Corpus,1.05,18.58
3499,2023-11-02T00:00:00Z,International Freedom of Religion or Belief Bill,Title: International Freedom of Religion or Belief Bill | Summary: No summary available | Description: No description available,UK_Parliament_Bills_Enriched_Corpus,1.55,18.31
3359,2023-11-02T00:00:00Z,Internet Access (Children Eligible for Free School Meals) Bill,Title: Internet Access (Children Eligible for Free School Meals) Bill | Summary: No summary available | Description: No description available,UK_Parliament_Bills_Enriched_Corpus,2.1,16.99
3308,2023-11-02T00:00:00Z,Kinship Care Bill,Title: Kinship Care Bill | Summary: No summary available | Description: No description available,UK_Parliament_Bills_Enriched_Corpus,1.8,15.16
3336,2023-11-02T00:00:00Z,Lithium-ion Battery Storage (Fire Safety and Environmental Permits) Bill,Title: Lithium-ion Battery Storage (Fire Safety and Environmental Permits) Bill | Summary: No summary available | Description: No description available,UK_Parliament_Bills_Enriched_Corpus,1.35,20.13
3391,2023-11-02T00:00:00Z,Local Authority Boundaries Bill,Title: Local Authority Boundaries Bill | Summary: No summary available | Description: No description available,UK_Parliament_Bills_Enriched_Corpus,1.3,18.58
3234,2023-11-02T00:00:00Z,Local Authority Boundaries (Referendums) Bill,Title: Local Authority Boundaries (Referendums) Bill | Summary: No summary available | Description: No description available,UK_Parliament_Bills_Enriched_Corpus,1.3,20.15
3345,2023-11-02T00:00:00Z,Marine Activities (Licensing) Bill,Title: Marine Activities (Licensing) Bill | Summary: No summary available | Description: No description available,UK_Parliament_Bills_Enriched_Corpus,0.8,18.58
3402,2023-11-02T00:00:00Z,Markets and market traders (review of support) Bill,Title: Markets and market traders (review of support) Bill | Summary: No summary available | Description: No description available,UK_Parliament_Bills_Enriched_Corpus,1.4,16.04
3229,2023-11-02T00:00:00Z,Ministerial Code (Enforcement) Bill,Title: Ministerial Code (Enforcement) Bill | Summary: No summary available | Description: No description available,UK_Parliament_Bills_Enriched_Corpus,0.3,18.58
3324,2023-11-02T00:00:00Z,Ministerial Competence (External Review) Bill,Title: Ministerial Competence (External Review) Bill | Summary: No summary available | Description: No description available,UK_Parliament_Bills_Enriched_Corpus,1.6,20.15
3467,2023-11-02T00:00:00Z,Ministerial Conduct (Training) Bill,Title: Ministerial Conduct (Training) Bill | Summary: No summary available | Description: No description available,UK_Parliament_Bills_Enriched_Corpus,0.8,18.58
3230,2023-11-02T00:00:00Z,Ministerial Interests (Public Appointments) Bill,Title: Ministerial Interests (Public Appointments) Bill | Summary: No summary available | Description: No description available,UK_Parliament_Bills_Enriched_Corpus,1.3,19.41
3312,2023-11-02T00:00:00Z,Miscarriage Leave Bill,Title: Miscarriage Leave Bill | Summary: No summary available | Description: No description available,UK_Parliament_Bills_Enriched_Corpus,0.05,16
3367,2023-11-02T00:00:00Z,Motor Vehicle Tests (Diesel Particulate Filters) Bill,Title: Motor Vehicle Tests (Diesel Particulate Filters) Bill | Summary: No summary available | Description: No description available,UK_Parliament_Bills_Enriched_Corpus,0.8,18.31
3423,2023-11-02T00:00:00Z,Multi-storey car parks (safety) Bill,Title: Multi-storey car parks (safety) Bill | Summary: No summary available | Description: No description available,UK_Parliament_Bills_Enriched_Corpus,1.6,15.33
3461,2023-11-02T00:00:00Z,Nakba Commemoration Bill,Title: Nakba Commemoration Bill | Summary: No summary available | Description: No description available,UK_Parliament_Bills_Enriched_Corpus,1.6,18.53
3425,2023-11-02T00:00:00Z,National Insurance (Voluntary Class 2 and 3 Contributions) Bill,Title: National Insurance (Voluntary Class 2 and 3 Contributions) Bill | Summary: No summary available | Description: No description available,UK_Parliament_Bills_Enriched_Corpus,0.8,18.76
3457,2023-11-02T00:00:00Z,National Minimum Wage Bill,Title: National Minimum Wage Bill | Summary: No summary available | Description: No description available,UK_Parliament_Bills_Enriched_Corpus,0.8,17.01
3408,2023-11-02T00:00:00Z,National Parks (Camping) Bill,Title: National Parks (Camping) Bill | Summary: No summary available | Description: No description available,UK_Parliament_Bills_Enriched_Corpus,0.9,16.22
3492,2023-11-02T00:00:00Z,Offences against the Person Act 1861 (Sentencing Guidelines) Bill,Title: Offences against the Person Act 1861 (Sentencing Guidelines) Bill | Summary: No summary available | Description: No description available,UK_Parliament_Bills_Enriched_Corpus,0.55,16.99
3317,2023-11-02T00:00:00Z,Parliamentary Elections (Optional Preferential Vote) Bill,Title: Parliamentary Elections (Optional Preferential Vote) Bill | Summary: No summary available | Description: No description available,UK_Parliament_Bills_Enriched_Corpus,1.05,20.89
3502,2023-11-02T00:00:00Z,Parliamentary Sovereignty (Referendums) Bill,Title: Parliamentary Sovereignty (Referendums) Bill | Summary: No summary available | Description: No description available,UK_Parliament_Bills_Enriched_Corpus,0.8,20.94
3290,2023-11-02T00:00:00Z,Paternity (Leave and Pay) Bill,Title: Paternity (Leave and Pay) Bill | Summary: No summary available | Description: No description available,UK_Parliament_Bills_Enriched_Corpus,0.45,15.73
3433,2023-11-02T00:00:00Z,Pension Contributions Bill,Title: Pension Contributions Bill | Summary: No summary available | Description: No description available,UK_Parliament_Bills_Enriched_Corpus,0.8,17.68
3469,2023-11-02T00:00:00Z,Pets (Theft and Importation) Bill,Title: Pets (Theft and Importation) Bill | Summary: No summary available | Description: No description available,UK_Parliament_Bills_Enriched_Corpus,0.3,15.73
3434,2023-11-02T00:00:00Z,Planning (Quarries) Bill,Title: Planning (Quarries) Bill | Summary: No summary available | Description: No description available,UK_Parliament_Bills_Enriched_Corpus,1.05,16
3372,2023-11-02T00:00:00Z,Planning Application Fees Bill,Title: Planning Application Fees Bill | Summary: No summary available | Description: No description available,UK_Parliament_Bills_Enriched_Corpus,1.05,17.01
3364,2023-11-02T00:00:00Z,"Plastics (Recycling, Sustainability and Pollution Reduction) Bill","Title: Plastics (Recycling, Sustainability and Pollution Reduction) Bill | Summary: No summary available | Description: No description available",UK_Parliament_Bills_Enriched_Corpus,2.3,21.59
3232,2023-11-02T00:00:00Z,Plastics (Wet Wipes) Bill,Title: Plastics (Wet Wipes) Bill | Summary: No summary available | Description: No description available,UK_Parliament_Bills_Enriched_Corpus,0.8,14.65
3379,2023-11-02T00:00:00Z,Pre-Payment Meters (Self-Disconnection) Bill,Title: Pre-Payment Meters (Self-Disconnection) Bill | Summary: No summary available | Description: No description available,UK_Parliament_Bills_Enriched_Corpus,0.8,16.72
3390,2023-11-02T00:00:00Z,Pre-Payment Meters (Temporary Prohibition) Bill,Title: Pre-Payment Meters (Temporary Prohibition) Bill | Summary: No summary available | Description: No description available,UK_Parliament_Bills_Enriched_Corpus,-0.2,18.8
3489,2023-11-02T00:00:00Z,Primary care services (report) Bill,Title: Primary care services (report) Bill | Summary: No summary available | Description: No description available,UK_Parliament_Bills_Enriched_Corpus,2.4,17.2
3250,2023-11-02T00:00:00Z,Prime Minister (Accountability to House of Commons) Bill,Title: Prime Minister (Accountability to House of Commons) Bill | Summary: No summary available | Description: No description available,UK_Parliament_Bills_Enriched_Corpus,1.7,17.9
3251,2023-11-02T00:00:00Z,Prime Minister (Temporary Replacement) Bill,Title: Prime Minister (Temporary Replacement) Bill | Summary: No summary available | Description: No description available,UK_Parliament_Bills_Enriched_Corpus,0.9,18.68
3224,2023-11-02T00:00:00Z,Public Advocate (No. 2) Bill,Title: Public Advocate (No. 2) Bill | Summary: No summary available | Description: No description available,UK_Parliament_Bills_Enriched_Corpus,1.4,12.61
3233,2023-11-02T00:00:00Z,Public Bodies (Representation from Devolved Nations) Bill,Title: Public Bodies (Representation from Devolved Nations) Bill | Summary: No summary available | Description: No description available,UK_Parliament_Bills_Enriched_Corpus,0.55,18.31
3450,2023-11-02T00:00:00Z,Public office (child sexual abuse) Bill,Title: Public office (child sexual abuse) Bill | Summary: No summary available | Description: No description available,UK_Parliament_Bills_Enriched_Corpus,0.4,16.72
3305,2023-11-02T00:00:00Z,Recognition of Armenian Genocide Bill,Title: Recognition of Armenian Genocide Bill | Summary: No summary available | Description: No description available,UK_Parliament_Bills_Enriched_Corpus,-0.2,19.41
3361,2023-11-02T00:00:00Z,Referendums (Supermajority) Bill,Title: Referendums (Supermajority) Bill | Summary: No summary available | Description: No description available,UK_Parliament_Bills_Enriched_Corpus,0.8,21.06
3503,2023-11-02T00:00:00Z,Register of Derelict Buildings Bill,Title: Register of Derelict Buildings Bill | Summary: No summary available | Description: No description available,UK_Parliament_Bills_Enriched_Corpus,0,17.2
3480,2023-11-02T00:00:00Z,Relationships and Sex Education (Transparency) Bill,Title: Relationships and Sex Education (Transparency) Bill | Summary: No summary available | Description: No description available,UK_Parliament_Bills_Enriched_Corpus,1.15,19.5
3401,2023-11-02T00:00:00Z,Relocation of the House of Lords (Report to Parliament) Bill,Title: Relocation of the House of Lords (Report to Parliament) Bill | Summary: No summary available | Description: No description available,UK_Parliament_Bills_Enriched_Corpus,0.8,16.2
3485,2023-11-02T00:00:00Z,Republic of Somaliland (Recognition) Bill,Title: Republic of Somaliland (Recognition) Bill | Summary: No summary available | Description: No description available,UK_Parliament_Bills_Enriched_Corpus,0.8,19.41
3472,2023-11-02T00:00:00Z,Road Safety (Cycle Helmets) Bill,Title: Road Safety (Cycle Helmets) Bill | Summary: No summary available | Description: No description available,UK_Parliament_Bills_Enriched_Corpus,1.6,15.73
3486,2023-11-02T00:00:00Z,Safety cameras Bill,Title: Safety cameras Bill | Summary: No summary available | Description: No description available,UK_Parliament_Bills_Enriched_Corpus,1.6,16.84
3365,2023-11-02T00:00:00Z,Sale of Tobacco (Licensing) Bill,Title: Sale of Tobacco (Licensing) Bill | Summary: No summary available | Description: No description available,UK_Parliament_Bills_Enriched_Corpus,0.55,16.46
3438,2023-11-02T00:00:00Z,Same Sex Marriage (Church of England) Bill,Title: Same Sex Marriage (Church of England) Bill | Summary: No summary available | Description: No description available,UK_Parliament_Bills_Enriched_Corpus,1.6,14.37
3413,2023-11-02T00:00:00Z,Scotland (Self-Determination) Bill,Title: Scotland (Self-Determination) Bill | Summary: No summary available | Description: No description available,UK_Parliament_Bills_Enriched_Corpus,0.8,17.79
3411,2023-11-02T00:00:00Z,Seat Belts (Penalty Points) Bill,Title: Seat Belts (Penalty Points) Bill | Summary: No summary available | Description: No description available,UK_Parliament_Bills_Enriched_Corpus,0.05,14.99
3415,2023-11-02T00:00:00Z,Seizure of Russian State Assets and Support for Ukraine Bill,Title: Seizure of Russian State Assets and Support for Ukraine Bill | Summary: No summary available | Description: No description available,UK_Parliament_Bills_Enriched_Corpus,1.2,15.64
3428,2023-11-02T00:00:00Z,Sexual Offences (Prohibition of Name Change) Bill,Title: Sexual Offences (Prohibition of Name Change) Bill | Summary: No summary available | Description: No description available,UK_Parliament_Bills_Enriched_Corpus,-0.2,17.65
3395,2023-11-02T00:00:00Z,Shared Parental Leave and Pay (Bereavement) Bill,Title: Shared Parental Leave and Pay (Bereavement) Bill | Summary: No summary available | Description: No description available,UK_Parliament_Bills_Enriched_Corpus,0.75,15.69
3220,2023-11-02T00:00:00Z,Short-term and Holiday-let Accommodation (Licensing) Bill,Title: Short-term and Holiday-let Accommodation (Licensing) Bill | Summary: No summary available | Description: No description available,UK_Parliament_Bills_Enriched_Corpus,1.2,17.9
3473,2023-11-02T00:00:00Z,Spiking Bill,Title: Spiking Bill | Summary: No summary available | Description: No description available,UK_Parliament_Bills_Enriched_Corpus,0.8,15.8
3374,2023-11-02T00:00:00Z,Teenagers (Safety and Wellbeing) Bill,Title: Teenagers (Safety and Wellbeing) Bill | Summary: No summary available | Description: No description available,UK_Parliament_Bills_Enriched_Corpus,2.6,17.2
3201,2023-11-02T00:00:00Z,Terminal Illness (Support and Rights) Bill,Title: Terminal Illness (Support and Rights) Bill | Summary: No summary available | Description: No description available,UK_Parliament_Bills_Enriched_Corpus,0.3,16.03
3483,2023-11-02T00:00:00Z,Thames Water (Public Benefit Corporation) Bill,Title: Thames Water (Public Benefit Corporation) Bill | Summary: No summary available | Description: No description available,UK_Parliament_Bills_Enriched_Corpus,1.3,18.11
3373,2023-11-02T00:00:00Z,Trade (Australia and New Zealand) (Parliamentary Approval) Bill,Title: Trade (Australia and New Zealand) (Parliamentary Approval) Bill | Summary: No summary available | Description: No description available,UK_Parliament_Bills_Enriched_Corpus,2.6,18.53
3419,2023-11-02T00:00:00Z,Tyre Manufacture (Toxic Chemicals) Bill,Title: Tyre Manufacture (Toxic Chemicals) Bill | Summary: No summary available | Description: No description available,UK_Parliament_Bills_Enriched_Corpus,0.3,18.68
3454,2023-11-02T00:00:00Z,Universal Jurisdiction (Extension) Bill,Title: Universal Jurisdiction (Extension) Bill | Summary: No summary available | Description: No description available,UK_Parliament_Bills_Enriched_Corpus,0.95,20.15
3446,2023-11-01T00:00:00Z,Elections (Voter Identification Requirements) Bill,Title: Elections (Voter Identification Requirements) Bill | Summary: No summary available | Description: No description available,UK_Parliament_Bills_Enriched_Corpus,1.4,20.89
3245,2023-11-01T00:00:00Z,Electoral Commission (Abolition) Bill,Title: Electoral Commission (Abolition) Bill | Summary: No summary available | Description: No description available,UK_Parliament_Bills_Enriched_Corpus,0.8,20.15
3494,2023-11-01T00:00:00Z,"Electronic Cigarettes (Branding, Promotion and Advertising) Bill","Title: Electronic Cigarettes (Branding, Promotion and Advertising) Bill | Summary: No summary available | Description: No description available",UK_Parliament_Bills_Enriched_Corpus,1.3,20.27
3362,2023-11-01T00:00:00Z,Employee Share Ownership (Reform) Bill,Title: Employee Share Ownership (Reform) Bill | Summary: No summary available | Description: No description available,UK_Parliament_Bills_Enriched_Corpus,2.15,17.2
3291,2023-11-01T00:00:00Z,Employment (Dismissal and Re-engagement) Bill,Title: Employment (Dismissal and Re-engagement) Bill | Summary: No summary available | Description: No description available,UK_Parliament_Bills_Enriched_Corpus,0.3,17.42
3320,2023-11-01T00:00:00Z,Fashion Supply Chain (Code and Adjudicator) Bill,Title: Fashion Supply Chain (Code and Adjudicator) Bill | Summary: No summary available | Description: No description available,UK_Parliament_Bills_Enriched_Corpus,0.8,17
3404,2023-11-01T00:00:00Z,Fertility Treatment (Transparency) Bill,Title: Fertility Treatment (Transparency) Bill | Summary: No summary available | Description: No description available,UK_Parliament_Bills_Enriched_Corpus,0.55,19.37
3347,2023-11-01T00:00:00Z,Financial Investment and Deforestation Bill,Title: Financial Investment and Deforestation Bill | Summary: No summary available | Description: No description available,UK_Parliament_Bills_Enriched_Corpus,0.8,19.41
3329,2023-11-01T00:00:00Z,Firearms and Hate Crime Bill,Title: Firearms and Hate Crime Bill | Summary: No summary available | Description: No description available,UK_Parliament_Bills_Enriched_Corpus,-1.3,14.99
3356,2023-11-01T00:00:00Z,Former Ministers and Prime Ministers (Abolition of Payments) Bill,Title: Former Ministers and Prime Ministers (Abolition of Payments) Bill | Summary: No summary available | Description: No description available,UK_Parliament_Bills_Enriched_Corpus,0.9,18.17
3393,2023-11-01T00:00:00Z,Free School Meals (Primary Schools) Bill,Title: Free School Meals (Primary Schools) Bill | Summary: No summary available | Description: No description available,UK_Parliament_Bills_Enriched_Corpus,1.9,14.64
3355,2023-11-01T00:00:00Z,General Election (Date) Bill,Title: General Election (Date) Bill | Summary: No summary available | Description: No description available,UK_Parliament_Bills_Enriched_Corpus,1.2,17.01
3246,2023-11-01T00:00:00Z,General Election (Leaders' Debates) Bill,Title: General Election (Leaders' Debates) Bill | Summary: No summary available | Description: No description available,UK_Parliament_Bills_Enriched_Corpus,1.2,17.94
3407,2023-11-01T00:00:00Z,General Election (Public Support) Bill,Title: General Election (Public Support) Bill | Summary: No summary available | Description: No description available,UK_Parliament_Bills_Enriched_Corpus,1.7,17.94
3173,2023-11-01T00:00:00Z,Government of Wales (Devolved Powers) Bill [HL],Title: Government of Wales (Devolved Powers) Bill [HL] | Summary: No summary available | Description: No description available,UK_Parliament_Bills_Enriched_Corpus,0.05,15.69
3394,2023-11-01T00:00:00Z,Green Jobs (Definition and Promotion) Bill,Title: Green Jobs (Definition and Promotion) Bill | Summary: No summary available | Description: No description available,UK_Parliament_Bills_Enriched_Corpus,1.3,16.72
3358,2023-11-01T00:00:00Z,Healthy Start Scheme (Take-Up) Bill,Title: Healthy Start Scheme (Take-Up) Bill | Summary: No summary available | Description: No description available,UK_Parliament_Bills_Enriched_Corpus,1.45,13.95
3474,2023-11-01T00:00:00Z,Healthy Start Scheme (Take-Up) (No. 2) Bill,Title: Healthy Start Scheme (Take-Up) (No. 2) Bill | Summary: No summary available | Description: No description available,UK_Parliament_Bills_Enriched_Corpus,1.45,9.85
3491,2023-11-01T00:00:00Z,High Income Child Benefit Charge (report to Parliament) Bill,Title: High Income Child Benefit Charge (report to Parliament) Bill | Summary: No summary available | Description: No description available,UK_Parliament_Bills_Enriched_Corpus,2.15,16.4
3478,2023-11-01T00:00:00Z,Higher Education (Duty of Care) Bill,Title: Higher Education (Duty of Care) Bill | Summary: No summary available | Description: No description available,UK_Parliament_Bills_Enriched_Corpus,1.8,16.72
3292,2023-11-01T00:00:00Z,House of Lords (Elected Senate) Bill,Title: House of Lords (Elected Senate) Bill | Summary: No summary available | Description: No description available,UK_Parliament_Bills_Enriched_Corpus,0.8,15.33
3302,2023-11-01T00:00:00Z,House of Lords (Hereditary Peers) (Abolition of By-Elections) Bill,Title: House of Lords (Hereditary Peers) (Abolition of By-Elections) Bill | Summary: No summary available | Description: No description available,UK_Parliament_Bills_Enriched_Corpus,0.8,17.89
3248,2023-11-01T00:00:00Z,Human Trafficking (Child Protection) Bill,Title: Human Trafficking (Child Protection) Bill | Summary: No summary available | Description: No description available,UK_Parliament_Bills_Enriched_Corpus,2.2,17.2
3249,2023-11-01T00:00:00Z,Human Trafficking (Sentencing) Bill,Title: Human Trafficking (Sentencing) Bill | Summary: No summary available | Description: No description available,UK_Parliament_Bills_Enriched_Corpus,0.55,17.79
3385,2023-10-31T00:00:00Z,Bank Holidays (Wales) Bill [HL],Title: Bank Holidays (Wales) Bill [HL] | Summary: No summary available | Description: No description available,UK_Parliament_Bills_Enriched_Corpus,0.8,14.99
3242,2023-10-31T00:00:00Z,British Bill of Rights and Withdrawal from the European Convention on Human Rights Bill,Title: British Bill of Rights and Withdrawal from the European Convention on Human Rights Bill | Summary: No summary available | Description: No description available,UK_Parliament_Bills_Enriched_Corpus,1.2,17.29
3488,2023-10-31T00:00:00Z,Bullying and respect at work Bill,Title: Bullying and respect at work Bill | Summary: No summary available | Description: No description available,UK_Parliament_Bills_Enriched_Corpus,0.8,15.33
3451,2023-10-31T00:00:00Z,Burglary (Police Response) Bill,Title: Burglary (Police Response) Bill | Summary: No summary available | Description: No description available,UK_Parliament_Bills_Enriched_Corpus,-0.45,17.01
3445,2023-10-31T00:00:00Z,Bus Services (Consultation) Bill,Title: Bus Services (Consultation) Bill | Summary: No summary available | Description: No description available,UK_Parliament_Bills_Enriched_Corpus,0.8,17.79
3244,2023-10-31T00:00:00Z,Business of the House Commission Bill,Title: Business of the House Commission Bill | Summary: No summary available | Description: No description available,UK_Parliament_Bills_Enriched_Corpus,0.8,15.33
3212,2023-10-31T00:00:00Z,Care Bill,Title: Care Bill | Summary: No summary available | Description: No description available,UK_Parliament_Bills_Enriched_Corpus,1.8,14.9
3470,2023-10-31T00:00:00Z,Care Supporters Bill,Title: Care Supporters Bill | Summary: No summary available | Description: No description available,UK_Parliament_Bills_Enriched_Corpus,2.6,16
3316,2023-10-31T00:00:00Z,Certificate of Loss Bill [HL],Title: Certificate of Loss Bill [HL] | Summary: No summary available | Description: No description available,UK_Parliament_Bills_Enriched_Corpus,0.65,15.73
3463,2023-10-31T00:00:00Z,Children not in school (register) Bill,Title: Children not in school (register) Bill | Summary: No summary available | Description: No description available,UK_Parliament_Bills_Enriched_Corpus,0.8,15.33
3459,2023-10-31T00:00:00Z,Cladding Remediation Works (Code of Practice) Bill,Title: Cladding Remediation Works (Code of Practice) Bill | Summary: No summary available | Description: No description available,UK_Parliament_Bills_Enriched_Corpus,1.45,17
3412,2023-10-31T00:00:00Z,Clean Air Bill,Title: Clean Air Bill | Summary: No summary available | Description: No description available,UK_Parliament_Bills_Enriched_Corpus,1.55,14.31
3161,2023-10-31T00:00:00Z,Clean Air (Human Rights) Bill [HL],Title: Clean Air (Human Rights) Bill [HL] | Summary: No summary available | Description: No description available,UK_Parliament_Bills_Enriched_Corpus,1.55,13.95
3392,2023-10-31T00:00:00Z,Coal Extraction and Use Bill,Title: Coal Extraction and Use Bill | Summary: No summary available | Description: No description available,UK_Parliament_Bills_Enriched_Corpus,0.8,14.99
3357,2023-10-31T00:00:00Z,Consumer Telephone Service Standards Bill,Title: Consumer Telephone Service Standards Bill | Summary: No summary available | Description: No description available,UK_Parliament_Bills_Enriched_Corpus,0.8,17.94
3448,2023-10-31T00:00:00Z,Co-operatives (Permanent Shares) Bill,Title: Co-operatives (Permanent Shares) Bill | Summary: No summary available | Description: No description available,UK_Parliament_Bills_Enriched_Corpus,0.65,17.2
3452,2023-10-31T00:00:00Z,Dartmoor National Park (Access) Bill,Title: Dartmoor National Park (Access) Bill | Summary: No summary available | Description: No description available,UK_Parliament_Bills_Enriched_Corpus,0.8,16.46
3378,2023-10-31T00:00:00Z,Disposable Barbecues Bill,Title: Disposable Barbecues Bill | Summary: No summary available | Description: No description available,UK_Parliament_Bills_Enriched_Corpus,0.8,18.53
3417,2023-10-31T00:00:00Z,Disposable Electronic Cigarettes (Prohibition of Sale) Bill,Title: Disposable Electronic Cigarettes (Prohibition of Sale) Bill | Summary: No summary available | Description: No description available,UK_Parliament_Bills_Enriched_Corpus,-0.2,20.27
3166,2023-10-31T00:00:00Z,Domestic Premises (Electrical Safety Certificate) Bill [HL],Title: Domestic Premises (Electrical Safety Certificate) Bill [HL] | Summary: No summary available | Description: No description available,UK_Parliament_Bills_Enriched_Corpus,2.2,20.27
3208,2023-10-31T00:00:00Z,Dyslexia Screening and Teacher Training Bill,Title: Dyslexia Screening and Teacher Training Bill | Summary: No summary available | Description: No description available,UK_Parliament_Bills_Enriched_Corpus,1.05,17.42
3170,2023-10-31T00:00:00Z,Ecology Bill [HL],Title: Ecology Bill [HL] | Summary: No summary available | Description: No description available,UK_Parliament_Bills_Enriched_Corpus,0.8,16.84
3186,2023-10-31T00:00:00Z,Education (Non-religious Philosophical Convictions) Bill [HL],Title: Education (Non-religious Philosophical Convictions) Bill [HL] | Summary: No summary available | Description: No description available,UK_Parliament_Bills_Enriched_Corpus,0.8,20.27
3397,2023-10-31T00:00:00Z,Elected Representatives (Codes of Conduct) Bill,Title: Elected Representatives (Codes of Conduct) Bill | Summary: No summary available | Description: No description available,UK_Parliament_Bills_Enriched_Corpus,0.8,18.11
3293,2023-10-31T00:00:00Z,Elected Representatives (Prohibition of Deception) Bill,Title: Elected Representatives (Prohibition of Deception) Bill | Summary: No summary available | Description: No description available,UK_Parliament_Bills_Enriched_Corpus,-1.2,20.89
3437,2023-10-31T00:00:00Z,Elections Bill,Title: Elections Bill | Summary: No summary available | Description: No description available,UK_Parliament_Bills_Enriched_Corpus,0.8,16.71
3162,2023-10-31T00:00:00Z,Front-loaded Child Benefit Bill [HL],Title: Front-loaded Child Benefit Bill [HL] | Summary: No summary available | Description: No description available,UK_Parliament_Bills_Enriched_Corpus,2.15,15.33
3171,2023-10-31T00:00:00Z,Healthy Homes Bill [HL],Title: Healthy Homes Bill [HL] | Summary: No summary available | Description: No description available,UK_Parliament_Bills_Enriched_Corpus,1.55,14.65
3169,2023-10-31T00:00:00Z,Heritage Railways and Tramways (Voluntary Work) Bill [HL],Title: Heritage Railways and Tramways (Voluntary Work) Bill [HL] | Summary: No summary available | Description: No description available,UK_Parliament_Bills_Enriched_Corpus,1.05,17.28
3370,2023-10-31T00:00:00Z,Higher Education (Widening Access and Participation) Bill [HL],Title: Higher Education (Widening Access and Participation) Bill [HL] | Summary: No summary available | Description: No description available,UK_Parliament_Bills_Enriched_Corpus,1.4,19.77
3323,2023-10-31T00:00:00Z,House of Lords (Hereditary Peers) (Abolition of By-Elections) (No. 2) Bill [HL],Title: House of Lords (Hereditary Peers) (Abolition of By-Elections) (No. 2) Bill [HL] | Summary: No summary available | Description: No description available,UK_Parliament_Bills_Enriched_Corpus,0.8,12.69
3493,2023-10-31T00:00:00Z,International Higher Education and Research Bill [HL],Title: International Higher Education and Research Bill [HL] | Summary: No summary available | Description: No description available,UK_Parliament_Bills_Enriched_Corpus,0.8,18.96
3321,2023-10-31T00:00:00Z,Leasehold Reform (Disclosure and Insurance Commissions) Bill [HL],Title: Leasehold Reform (Disclosure and Insurance Commissions) Bill [HL] | Summary: No summary available | Description: No description available,UK_Parliament_Bills_Enriched_Corpus,1.05,17.9
3387,2023-10-31T00:00:00Z,Leasehold Reform (Forfeiture) Bill [HL],Title: Leasehold Reform (Forfeiture) Bill [HL] | Summary: No summary available | Description: No description available,UK_Parliament_Bills_Enriched_Corpus,0.25,16.46
3319,2023-10-31T00:00:00Z,Leasehold Reform (Reasonableness of Service Charges) Bill [HL],Title: Leasehold Reform (Reasonableness of Service Charges) Bill [HL] | Summary: No summary available | Description: No description available,UK_Parliament_Bills_Enriched_Corpus,1.05,17.9
3165,2023-10-31T00:00:00Z,Local Authority (Housing Allocation) Bill [HL],Title: Local Authority (Housing Allocation) Bill [HL] | Summary: No summary available | Description: No description available,UK_Parliament_Bills_Enriched_Corpus,1.3,18.8
3309,2023-10-31T00:00:00Z,Marriage (Same Sex Couples) (Overseas Territories) Bill [HL],Title: Marriage (Same Sex Couples) (Overseas Territories) Bill [HL] | Summary: No summary available | Description: No description available,UK_Parliament_Bills_Enriched_Corpus,1.5,17.28
3442,2023-10-31T00:00:00Z,Non-Domestic Rating Act 2023,Title: Non-Domestic Rating Act 2023 | Summary: No summary available | Description: No description available,UK_Parliament_Bills_Enriched_Corpus,0.8,15.73
3182,2023-10-31T00:00:00Z,Northern Ireland Protocol Bill,Title: Northern Ireland Protocol Bill | Summary: No summary available | Description: No description available,UK_Parliament_Bills_Enriched_Corpus,0.8,17.79
3174,2023-10-31T00:00:00Z,OFCOM (Duty regarding Prevention of Serious Self-harm and Suicide) Bill [HL],Title: OFCOM (Duty regarding Prevention of Serious Self-harm and Suicide) Bill [HL] | Summary: No summary available | Description: No description available,UK_Parliament_Bills_Enriched_Corpus,0.3,18.01
3188,2023-10-31T00:00:00Z,Private Burial Grounds and Cemeteries Bill [HL],Title: Private Burial Grounds and Cemeteries Bill [HL] | Summary: No summary available | Description: No description available,UK_Parliament_Bills_Enriched_Corpus,0.3,17
3184,2023-10-31T00:00:00Z,Protection for Whistleblowing Bill [HL],Title: Protection for Whistleblowing Bill [HL] | Summary: No summary available | Description: No description available,UK_Parliament_Bills_Enriched_Corpus,1.6,17.2
3181,2023-10-31T00:00:00Z,Public Advocate Bill [HL],Title: Public Advocate Bill [HL] | Summary: No summary available | Description: No description available,UK_Parliament_Bills_Enriched_Corpus,1.4,16.22
3183,2023-10-31T00:00:00Z,School (Reform of Pupil Selection) Bill [HL],Title: School (Reform of Pupil Selection) Bill [HL] | Summary: No summary available | Description: No description available,UK_Parliament_Bills_Enriched_Corpus,1.05,15.69
3156,2023-10-31T00:00:00Z,Schools Bill [HL],Title: Schools Bill [HL] | Summary: No summary available | Description: No description available,UK_Parliament_Bills_Enriched_Corpus,0.8,14.31
3335,2023-10-31T00:00:00Z,Strategic Litigation Against Public Participation (Freedom of Expression) Bill [HL],Title: Strategic Litigation Against Public Participation (Freedom of Expression) Bill [HL] | Summary: No summary available | Description: No description available,UK_Parliament_Bills_Enriched_Corpus,2.25,20.7
3163,2023-10-31T00:00:00Z,Universal Credit (Removal of Two Child Limit) Bill [HL],Title: Universal Credit (Removal of Two Child Limit) Bill [HL] | Summary: No summary available | Description: No description available,UK_Parliament_Bills_Enriched_Corpus,1.7,16.99
3185,2023-10-31T00:00:00Z,Water Safety (Curriculum) Bill [HL],Title: Water Safety (Curriculum) Bill [HL] | Summary: No summary available | Description: No description available,UK_Parliament_Bills_Enriched_Corpus,1.35,17.2
3315,2023-10-31T00:00:00Z,Wellbeing of Future Generations Bill [HL],Title: Wellbeing of Future Generations Bill [HL] | Summary: No summary available | Description: No description available,UK_Parliament_Bills_Enriched_Corpus,2.2,17.42
3424,2023-10-30T00:00:00Z,Air Pollution (Local Authority Audits) Bill,Title: Air Pollution (Local Authority Audits) Bill | Summary: No summary available | Description: No description available,UK_Parliament_Bills_Enriched_Corpus,1.8,18.11
3497,2023-10-30T00:00:00Z,Asbestos (national register) Bill,Title: Asbestos (national register) Bill | Summary: No summary available | Description: No description available,UK_Parliament_Bills_Enriched_Corpus,0.8,18.58
3304,2023-10-30T00:00:00Z,Asylum Seekers (Permission to Work) (No. 2) Bill,Title: Asylum Seekers (Permission to Work) (No. 2) Bill | Summary: No summary available | Description: No description available,UK_Parliament_Bills_Enriched_Corpus,1.85,12.34
3495,2023-10-30T00:00:00Z,Automated External Defibrillators (Housing Developments) Bill,Title: Automated External Defibrillators (Housing Developments) Bill | Summary: No summary available | Description: No description available,UK_Parliament_Bills_Enriched_Corpus,0.8,22.28
3468,2023-10-30T00:00:00Z,Aviation Banning Orders (Disruptive Passengers) Bill,Title: Aviation Banning Orders (Disruptive Passengers) Bill | Summary: No summary available | Description: No description available,UK_Parliament_Bills_Enriched_Corpus,0.3,19.5
3243,2023-10-30T00:00:00Z,BBC Licence Fee (Abolition) Bill,Title: BBC Licence Fee (Abolition) Bill | Summary: No summary available | Description: No description available,UK_Parliament_Bills_Enriched_Corpus,0.2,17.94
3346,2023-10-30T00:00:00Z,Benefit Cap (Report on Abolition) Bill,Title: Benefit Cap (Report on Abolition) Bill | Summary: No summary available | Description: No description available,UK_Parliament_Bills_Enriched_Corpus,1.55,17.42
3343,2023-10-30T00:00:00Z,Bowel Conditions (Assessment) Bill,Title: Bowel Conditions (Assessment) Bill | Summary: No summary available | Description: No description available,UK_Parliament_Bills_Enriched_Corpus,0.8,17.79
3210,2023-09-25T00:00:00Z,Powers of Attorney Act 2023,Title: Powers of Attorney Act 2023 | Summary: No summary available | Description: No description available,UK_Parliament_Bills_Enriched_Corpus,0.55,15.73
3223,2023-09-21T00:00:00Z,Animals (Low-Welfare Activities Abroad) Act 2023,Title: Animals (Low-Welfare Activities Abroad) Act 2023 | Summary: No summary available | Description: No description available,UK_Parliament_Bills_Enriched_Corpus,0.8,17.65
3216,2023-09-21T00:00:00Z,Firearms Act 2023,Title: Firearms Act 2023 | Summary: No summary available | Description: No description available,UK_Parliament_Bills_Enriched_Corpus,0.2,16
3410,2023-09-21T00:00:00Z,Lifelong Learning (Higher Education Fee Limits) Act 2023,Title: Lifelong Learning (Higher Education Fee Limits) Act 2023 | Summary: No summary available | Description: No description available,UK_Parliament_Bills_Enriched_Corpus,0.75,17.28
3481,2023-09-21T00:00:00Z,Northern Ireland Budget (No. 2) Act 2023,Title: Northern Ireland Budget (No. 2) Act 2023 | Summary: No summary available | Description: No description available,UK_Parliament_Bills_Enriched_Corpus,0.8,12.18
3422,2023-09-21T00:00:00Z,Pensions (Extension of Automatic Enrolment) Act 2023,Title: Pensions (Extension of Automatic Enrolment) Act 2023 | Summary: No summary available | Description: No description available,UK_Parliament_Bills_Enriched_Corpus,0.8,18.31
3196,2023-09-21T00:00:00Z,Protection from Sex-based Harassment in Public Act 2023,Title: Protection from Sex-based Harassment in Public Act 2023 | Summary: No summary available | Description: No description available,UK_Parliament_Bills_Enriched_Corpus,0.6,15.81
3214,2023-09-21T00:00:00Z,Veterans Advisory and Pensions Committees Act,Title: Veterans Advisory and Pensions Committees Act | Summary: No summary available | Description: No description available,UK_Parliament_Bills_Enriched_Corpus,0.8,18.8
3449,2023-09-05T00:00:00Z,Commonwealth Parliamentary Association (Status) (No. 2) Bill,Title: Commonwealth Parliamentary Association (Status) (No. 2) Bill | Summary: No summary available | Description: No description available,UK_Parliament_Bills_Enriched_Corpus,0.8,16.76
3350,2023-09-05T00:00:00Z,Transport Strikes (Minimum Service Levels) Bill,Title: Transport Strikes (Minimum Service Levels) Bill | Summary: No summary available | Description: No description available,UK_Parliament_Bills_Enriched_Corpus,0.8,16.72
3209,2023-08-10T00:00:00Z,Child Support Collection (Domestic Abuse) Act 2023,Title: Child Support Collection (Domestic Abuse) Act 2023 | Summary: No summary available | Description: No description available,UK_Parliament_Bills_Enriched_Corpus,0.65,17
3340,2023-08-02T00:00:00Z,Retained EU Law (Revocation and Reform) Act 2023,Title: Retained EU Law (Revocation and Reform) Act 2023 | Summary: No summary available | Description: No description available,UK_Parliament_Bills_Enriched_Corpus,1.4,16.04
3416,2023-07-27T00:00:00Z,Northern Ireland (Executive Formation and Organ and Tissue Donation) Act 2023,Title: Northern Ireland (Executive Formation and Organ and Tissue Donation) Act 2023 | Summary: No summary available | Description: No description available,UK_Parliament_Bills_Enriched_Corpus,1.6,19.27
3203,2023-07-26T00:00:00Z,Child Support (Enforcement) Act 2023,Title: Child Support (Enforcement) Act 2023 | Summary: No summary available | Description: No description available,UK_Parliament_Bills_Enriched_Corpus,1.4,15.73
3198,2023-07-26T00:00:00Z,Employment Relations (Flexible Working) Act 2023,Title: Employment Relations (Flexible Working) Act 2023 | Summary: No summary available | Description: No description available,UK_Parliament_Bills_Enriched_Corpus,1.65,18.11
3192,2023-07-26T00:00:00Z,Equipment Theft (Prevention) Act 2023,Title: Equipment Theft (Prevention) Act 2023 | Summary: No summary available | Description: No description available,UK_Parliament_Bills_Enriched_Corpus,0.55,16.46
3396,2023-07-26T00:00:00Z,Strikes (Minimum Service Levels) Act 2023,Title: Strikes (Minimum Service Levels) Act 2023 | Summary: No summary available | Description: No description available,UK_Parliament_Bills_Enriched_Corpus,0.8,16.03
3484,2023-07-20T00:00:00Z,Supply and Appropriation (Main Estimates) Act 2023,Title: Supply and Appropriation (Main Estimates) Act 2023 | Summary: No summary available | Description: No description available,UK_Parliament_Bills_Enriched_Corpus,0.8,17.65
3193,2023-07-03T00:00:00Z,"Co-operatives, Mutuals and Friendly Societies Act 2023","Title: Co-operatives, Mutuals and Friendly Societies Act 2023 | Summary: No summary available | Description: No description available",UK_Parliament_Bills_Enriched_Corpus,1.55,17.9
3200,2023-07-03T00:00:00Z,Offenders (Day of Release from Detention) Act 2023,Title: Offenders (Day of Release from Detention) Act 2023 | Summary: No summary available | Description: No description available,UK_Parliament_Bills_Enriched_Corpus,0.3,16.04
3207,2023-07-03T00:00:00Z,Shark Fins Act 2023,Title: Shark Fins Act 2023 | Summary: No summary available | Description: No description available,UK_Parliament_Bills_Enriched_Corpus,0.8,13.86
3465,2023-06-30T00:00:00Z,British Nationality (Regularisation of Past Practice) Act 2023,Title: British Nationality (Regularisation of Past Practice) Act 2023 | Summary: No summary available | Description: No description available,UK_Parliament_Bills_Enriched_Corpus,1.2,19.77
3227,2023-06-28T00:00:00Z,Bill of Rights Bill,Title: Bill of Rights Bill | Summary: No summary available | Description: No description available,UK_Parliament_Bills_Enriched_Corpus,0.8,13.86
3197,2023-06-23T00:00:00Z,Employment (Allocation of Tips) Act 2023,Title: Employment (Allocation of Tips) Act 2023 | Summary: No summary available | Description: No description available,UK_Parliament_Bills_Enriched_Corpus,0.8,16.72
3455,2023-06-23T00:00:00Z,Northern Ireland (Interim Arrangements) Act 2023,Title: Northern Ireland (Interim Arrangements) Act 2023 | Summary: No summary available | Description: No description available,UK_Parliament_Bills_Enriched_Corpus,0.8,18.11
3191,2023-06-23T00:00:00Z,Protection from Redundancy (Pregnancy and Family Leave) Act 2023,Title: Protection from Redundancy (Pregnancy and Family Leave) Act 2023 | Summary: No summary available | Description: No description available,UK_Parliament_Bills_Enriched_Corpus,1.35,18.17
3310,2023-06-23T00:00:00Z,Seafarers’ Wages Act 2023,Title: Seafarers’ Wages Act 2023 | Summary: No summary available | Description: No description available,UK_Parliament_Bills_Enriched_Corpus,1.2,16.22
3152,2023-06-21T00:00:00Z,Trade (Australia and New Zealand) Act 2023,Title: Trade (Australia and New Zealand) Act 2023 | Summary: No summary available | Description: No description available,UK_Parliament_Bills_Enriched_Corpus,1.6,15.03
2880,2023-06-14T00:00:00Z,Animal Welfare (Kept Animals) Bill,Title: Animal Welfare (Kept Animals) Bill | Summary: No summary available | Description: No description available,UK_Parliament_Bills_Enriched_Corpus,0.8,17.2
3199,2023-06-01T00:00:00Z,Carer's Leave Act 2023,Title: Carer's Leave Act 2023 | Summary: No summary available | Description: No description available,UK_Parliament_Bills_Enriched_Corpus,0.55,14.65
3376,2023-06-01T00:00:00Z,Finance Act 2023,Title: Finance Act 2023 | Summary: No summary available | Description: No description available,UK_Parliament_Bills_Enriched_Corpus,0.8,15.16
3190,2023-05-25T00:00:00Z,Neonatal Care (Leave and Pay) Act 2023,Title: Neonatal Care (Leave and Pay) Act 2023 | Summary: No summary available | Description: No description available,UK_Parliament_Bills_Enriched_Corpus,1.45,15.03
3025,2023-05-16T00:00:00Z,Israel Arms Trade (Prohibition) Bill,Title: Israel Arms Trade (Prohibition) Bill | Summary: No summary available | Description: No description available,UK_Parliament_Bills_Enriched_Corpus,-0.2,17.2
1919,2023-05-16T00:00:00Z,School Admissions (Special Educational Needs) Bill,Title: School Admissions (Special Educational Needs) Bill | Summary: No summary available | Description: No description available,UK_Parliament_Bills_Enriched_Corpus,2.4,18.11
3215,2023-05-11T00:00:00Z,Pensions Dashboards (Prohibition of Indemnification) Act 2023,Title: Pensions Dashboards (Prohibition of Indemnification) Act 2023 | Summary: No summary available | Description: No description available,UK_Parliament_Bills_Enriched_Corpus,-0.2,19.62
3172,2023-05-03T00:00:00Z,Ballot Secrecy Act 2023,Title: Ballot Secrecy Act 2023 | Summary: No summary available | Description: No description available,UK_Parliament_Bills_Enriched_Corpus,1.05,16.22
3268,2023-05-03T00:00:00Z,Mobile Homes (Pitch Fees) Act 2023,Title: Mobile Homes (Pitch Fees) Act 2023 | Summary: No summary available | Description: No description available,UK_Parliament_Bills_Enriched_Corpus,0.8,13.95
3153,2023-05-03T00:00:00Z,Public Order Act 2023,Title: Public Order Act 2023 | Summary: No summary available | Description: No description available,UK_Parliament_Bills_Enriched_Corpus,0.8,15.43
3158,2023-03-28T00:00:00Z,UK Infrastructure Bank Act 2023,Title: UK Infrastructure Bank Act 2023 | Summary: No summary available | Description: No description available,UK_Parliament_Bills_Enriched_Corpus,0.8,16.46
3167,2023-03-27T00:00:00Z,Genetic Technology (Precision Breeding) Act 2023,Title: Genetic Technology (Precision Breeding) Act 2023 | Summary: No summary available | Description: No description available,UK_Parliament_Bills_Enriched_Corpus,1.7,18.8
3431,2023-03-27T00:00:00Z,Supply and Appropriation (Anticipation and Adjustments) Act 2023,Title: Supply and Appropriation (Anticipation and Adjustments) Act 2023 | Summary: No summary available | Description: No description available,UK_Parliament_Bills_Enriched_Corpus,1.05,19.77
3241,2023-03-22T00:00:00Z,Automated External Defibrillators (Public Access) Bill,Title: Automated External Defibrillators (Public Access) Bill | Summary: No summary available | Description: No description available,UK_Parliament_Bills_Enriched_Corpus,0.8,20.89
3426,2023-03-22T00:00:00Z,Commonwealth Parliamentary Association (Status) Bill,Title: Commonwealth Parliamentary Association (Status) Bill | Summary: No summary available | Description: No description available,UK_Parliament_Bills_Enriched_Corpus,0.8,21.63
3300,2023-03-20T00:00:00Z,Hunting Trophies (Import Prohibition) (No. 2) Bill,Title: Hunting Trophies (Import Prohibition) (No. 2) Bill | Summary: No summary available | Description: No description available,UK_Parliament_Bills_Enriched_Corpus,-0.45,13.49
3238,2023-03-10T00:00:00Z,Sexually-motivated Manslaughter (Sentencing) Bill,Title: Sexually-motivated Manslaughter (Sentencing) Bill | Summary: No summary available | Description: No description available,UK_Parliament_Bills_Enriched_Corpus,-0.45,20.89
3342,2023-03-07T00:00:00Z,Sale of Property (Sealed Bids) Bill,Title: Sale of Property (Sealed Bids) Bill | Summary: No summary available | Description: No description available,UK_Parliament_Bills_Enriched_Corpus,0.8,14.64
3331,2023-02-23T00:00:00Z,Pensions (Extension of Automatic Enrolment) Bill,Title: Pensions (Extension of Automatic Enrolment) Bill | Summary: No summary available | Description: No description available,UK_Parliament_Bills_Enriched_Corpus,0.8,18.8
3377,2023-02-21T00:00:00Z,Northern Ireland (Executive Formation etc) Act 2022,Title: Northern Ireland (Executive Formation etc) Act 2022 | Summary: No summary available | Description: No description available,UK_Parliament_Bills_Enriched_Corpus,0.8,20.27
3398,2023-02-13T00:00:00Z,Northern Ireland Budget Act 2023,Title: Northern Ireland Budget Act 2023 | Summary: No summary available | Description: No description available,UK_Parliament_Bills_Enriched_Corpus,0.8,16.46
2914,2023-01-12T00:00:00Z,Animals (Penalty Notices) Act 2022,Title: Animals (Penalty Notices) Act 2022 | Summary: No summary available | Description: No description available,UK_Parliament_Bills_Enriched_Corpus,0.05,17.94
3213,2023-01-11T00:00:00Z,Flashing Images Bill,Title: Flashing Images Bill | Summary: No summary available | Description: No description available,UK_Parliament_Bills_Enriched_Corpus,0.8,16.84
3366,2022-12-08T00:00:00Z,Counsellors of State Act 2022,Title: Counsellors of State Act 2022 | Summary: No summary available | Description: No description available,UK_Parliament_Bills_Enriched_Corpus,0.8,14.99
3064,2022-11-17T00:00:00Z,Commercial Rent (Coronavirus) Bill,Title: Commercial Rent (Coronavirus) Bill | Summary: No summary available | Description: No description available,UK_Parliament_Bills_Enriched_Corpus,0.8,18.58
3236,2022-11-17T00:00:00Z,Hares (Close Season) Bill,Title: Hares (Close Season) Bill | Summary: No summary available | Description: No description available,UK_Parliament_Bills_Enriched_Corpus,0.8,14.65
2533,2022-11-14T00:00:00Z,Air Traffic Management and Unmanned Aircraft Act 2021,Title: Air Traffic Management and Unmanned Aircraft Act 2021 | Summary: No summary available | Description: No description available,UK_Parliament_Bills_Enriched_Corpus,1.2,16.04
2877,2022-11-14T00:00:00Z,Charities Act 2022,Title: Charities Act 2022 | Summary: No summary available | Description: No description available,UK_Parliament_Bills_Enriched_Corpus,0.8,16
2860,2022-11-14T00:00:00Z,National Insurance Contributions Act 2022,Title: National Insurance Contributions Act 2022 | Summary: No summary available | Description: No description available,UK_Parliament_Bills_Enriched_Corpus,0.8,18.68
3240,2022-11-03T00:00:00Z,Copyright and Performers' Rights (Extended Collective Licensing) Bill,Title: Copyright and Performers' Rights (Extended Collective Licensing) Bill | Summary: No summary available | Description: No description available,UK_Parliament_Bills_Enriched_Corpus,0.55,19.15
3327,2022-11-02T00:00:00Z,Supply of Drugs to Children Under 16 (Aggravated Offence) Bill,Title: Supply of Drugs to Children Under 16 (Aggravated Offence) Bill | Summary: No summary available | Description: No description available,UK_Parliament_Bills_Enriched_Corpus,-0.75,17.32
3157,2022-10-26T00:00:00Z,Social Security (Special Rules for End of Life) Act 2022,Title: Social Security (Special Rules for End of Life) Act 2022 | Summary: No summary available | Description: No description available,UK_Parliament_Bills_Enriched_Corpus,1.6,15.64
3353,2022-10-26T00:00:00Z,Supply and Appropriation (Adjustments) Act 2022,Title: Supply and Appropriation (Adjustments) Act 2022 | Summary: No summary available | Description: No description available,UK_Parliament_Bills_Enriched_Corpus,0.8,18.11
3020,2022-10-12T00:00:00Z,Elections Act 2022,Title: Elections Act 2022 | Summary: No summary available | Description: No description available,UK_Parliament_Bills_Enriched_Corpus,0.8,16
2873,2022-10-11T00:00:00Z,Organ Tourism and Cadavers on Display Bill [HL],Title: Organ Tourism and Cadavers on Display Bill [HL] | Summary: No summary available | Description: No description available,UK_Parliament_Bills_Enriched_Corpus,0.8,16.66
3307,2022-07-15T00:00:00Z,Supply and Appropriation (Main Estimates) Act 2022,Title: Supply and Appropriation (Main Estimates) Act 2022 | Summary: No summary available | Description: No description available,UK_Parliament_Bills_Enriched_Corpus,0.8,17.65
2867,2022-05-09T00:00:00Z,Animal Welfare (Sentience) Act 2022,Title: Animal Welfare (Sentience) Act 2022 | Summary: No summary available | Description: No description available,UK_Parliament_Bills_Enriched_Corpus,0.8,17.2
2923,2022-05-09T00:00:00Z,Approved Premises (Substance Testing) Act 2022,Title: Approved Premises (Substance Testing) Act 2022 | Summary: No summary available | Description: No description available,UK_Parliament_Bills_Enriched_Corpus,2.05,16.72
2909,2022-05-09T00:00:00Z,Glue Traps (Offences) Act 2022,Title: Glue Traps (Offences) Act 2022 | Summary: No summary available | Description: No description available,UK_Parliament_Bills_Enriched_Corpus,0.3,14.99
2911,2022-05-09T00:00:00Z,Local Government (Disqualification) Act 2022,Title: Local Government (Disqualification) Act 2022 | Summary: No summary available | Description: No description available,UK_Parliament_Bills_Enriched_Corpus,-0.5,19.41
2900,2022-05-09T00:00:00Z,Marriage and Civil Partnership (Minimum Age) Act 2022,Title: Marriage and Civil Partnership (Minimum Age) Act 2022 | Summary: No summary available | Description: No description available,UK_Parliament_Bills_Enriched_Corpus,3,16.66
2865,2022-05-09T00:00:00Z,Professional Qualifications Act 2022,Title: Professional Qualifications Act 2022 | Summary: No summary available | Description: No description available,UK_Parliament_Bills_Enriched_Corpus,1.6,19.37
2899,2022-05-05T00:00:00Z,Down Syndrome Act 2022,Title: Down Syndrome Act 2022 | Summary: No summary available | Description: No description available,UK_Parliament_Bills_Enriched_Corpus,0.3,14.65
3024,2022-05-05T00:00:00Z,Fire and Building Safety (Public Inquiry) Bill,Title: Fire and Building Safety (Public Inquiry) Bill | Summary: No summary available | Description: No description available,UK_Parliament_Bills_Enriched_Corpus,1.45,17
3101,2022-05-05T00:00:00Z,Fire Safety Remediation Charges (Recovery and Enforcement) Bill,Title: Fire Safety Remediation Charges (Recovery and Enforcement) Bill | Summary: No summary available | Description: No description available,UK_Parliament_Bills_Enriched_Corpus,1.1,19.77
2954,2022-05-05T00:00:00Z,General Election (Leaders’ Debates) Bill,Title: General Election (Leaders’ Debates) Bill | Summary: No summary available | Description: No description available,UK_Parliament_Bills_Enriched_Corpus,1.2,17.94
3051,2022-05-05T00:00:00Z,Hen Caging (Prohibition) Bill,Title: Hen Caging (Prohibition) Bill | Summary: No summary available | Description: No description available,UK_Parliament_Bills_Enriched_Corpus,-0.2,17.01
2955,2022-05-05T00:00:00Z,Homeless People (Current Accounts) Bill,Title: Homeless People (Current Accounts) Bill | Summary: No summary available | Description: No description available,UK_Parliament_Bills_Enriched_Corpus,-0.2,16.46
3006,2022-05-05T00:00:00Z,Intimate Images (Offences) Bill,Title: Intimate Images (Offences) Bill | Summary: No summary available | Description: No description available,UK_Parliament_Bills_Enriched_Corpus,1.3,18.58
2964,2022-05-05T00:00:00Z,Leader of the House of Commons (Election) Bill,Title: Leader of the House of Commons (Election) Bill | Summary: No summary available | Description: No description available,UK_Parliament_Bills_Enriched_Corpus,1.05,15.42
3130,2022-05-05T00:00:00Z,Maternity Services (Rural Areas) Bill,Title: Maternity Services (Rural Areas) Bill | Summary: No summary available | Description: No description available,UK_Parliament_Bills_Enriched_Corpus,1.4,19.41
3099,2022-05-05T00:00:00Z,Ministerial Interests (Emergency Powers) Bill,Title: Ministerial Interests (Emergency Powers) Bill | Summary: No summary available | Description: No description available,UK_Parliament_Bills_Enriched_Corpus,0.55,20.15
2965,2022-05-05T00:00:00Z,Motor Vehicles (Compulsory Insurance) Act 2022,Title: Motor Vehicles (Compulsory Insurance) Act 2022 | Summary: No summary available | Description: No description available,UK_Parliament_Bills_Enriched_Corpus,0.4,18.8
3046,2022-05-05T00:00:00Z,Multi-Academy Trusts (Ofsted Inspection) Bill,Title: Multi-Academy Trusts (Ofsted Inspection) Bill | Summary: No summary available | Description: No description available,UK_Parliament_Bills_Enriched_Corpus,0.8,18.11
3048,2022-05-05T00:00:00Z,Non-Disclosure Agreements (No. 2) Bill,Title: Non-Disclosure Agreements (No. 2) Bill | Summary: No summary available | Description: No description available,UK_Parliament_Bills_Enriched_Corpus,0.8,12.71
2959,2022-05-05T00:00:00Z,North Northamptonshire (Urgent Care Facilities) Bill,Title: North Northamptonshire (Urgent Care Facilities) Bill | Summary: No summary available | Description: No description available,UK_Parliament_Bills_Enriched_Corpus,1.05,18.8
3067,2022-05-05T00:00:00Z,Peerage Nominations (Disqualification of Party Donors) Bill,Title: Peerage Nominations (Disqualification of Party Donors) Bill | Summary: No summary available | Description: No description available,UK_Parliament_Bills_Enriched_Corpus,0,20.27
3012,2022-05-05T00:00:00Z,Planning (Proper Maintenance of Land) Bill,Title: Planning (Proper Maintenance of Land) Bill | Summary: No summary available | Description: No description available,UK_Parliament_Bills_Enriched_Corpus,1.55,16.03
3007,2022-05-05T00:00:00Z,Pregnancy and Maternity (Redundancy Protection) Bill,Title: Pregnancy and Maternity (Redundancy Protection) Bill | Summary: No summary available | Description: No description available,UK_Parliament_Bills_Enriched_Corpus,2.2,20.19
3136,2022-05-05T00:00:00Z,Quad Bikes Bill,Title: Quad Bikes Bill | Summary: No summary available | Description: No description available,UK_Parliament_Bills_Enriched_Corpus,0.8,14.31
2868,2022-05-05T00:00:00Z,Skills and Post-16 Education Act 2022,Title: Skills and Post-16 Education Act 2022 | Summary: No summary available | Description: No description available,UK_Parliament_Bills_Enriched_Corpus,0.8,15.03
3058,2022-05-05T00:00:00Z,Social Media Bill,Title: Social Media Bill | Summary: No summary available | Description: No description available,UK_Parliament_Bills_Enriched_Corpus,0.8,16.84
3073,2022-05-05T00:00:00Z,Social Media Platforms (Identity Verification) Bill,Title: Social Media Platforms (Identity Verification) Bill | Summary: No summary available | Description: No description available,UK_Parliament_Bills_Enriched_Corpus,1.4,20.89
3015,2022-05-05T00:00:00Z,Subsidy Control Act 2022,Title: Subsidy Control Act 2022 | Summary: No summary available | Description: No description available,UK_Parliament_Bills_Enriched_Corpus,0.55,16.22
2938,2022-05-05T00:00:00Z,Wellbeing of Future Generations (No. 2) Bill,Title: Wellbeing of Future Generations (No. 2) Bill | Summary: No summary available | Description: No description available,UK_Parliament_Bills_Enriched_Corpus,2.2,13.49
3126,2022-05-05T00:00:00Z,Women Leaving Prison (Safe Accommodation) Bill,Title: Women Leaving Prison (Safe Accommodation) Bill | Summary: No summary available | Description: No description available,UK_Parliament_Bills_Enriched_Corpus,1.2,18.11
2941,2022-05-04T00:00:00Z,Employment (Caring Leave) Bill,Title: Employment (Caring Leave) Bill | Summary: No summary available | Description: No description available,UK_Parliament_Bills_Enriched_Corpus,0.55,16.22
2896,2022-05-04T00:00:00Z,Employment and Trade Union Rights (Dismissal and Re-engagement) Bill,Title: Employment and Trade Union Rights (Dismissal and Re-engagement) Bill | Summary: No summary available | Description: No description available,UK_Parliament_Bills_Enriched_Corpus,0.3,16.76
3018,2022-05-04T00:00:00Z,Flexible Working Bill,Title: Flexible Working Bill | Summary: No summary available | Description: No description available,UK_Parliament_Bills_Enriched_Corpus,1.65,16.84
3128,2022-05-04T00:00:00Z,Gender Pay Gap Bill,Title: Gender Pay Gap Bill | Summary: No summary available | Description: No description available,UK_Parliament_Bills_Enriched_Corpus,0.7,14.65
2931,2022-05-04T00:00:00Z,Goods Delivery Services Bill,Title: Goods Delivery Services Bill | Summary: No summary available | Description: No description available,UK_Parliament_Bills_Enriched_Corpus,2,17.79
3072,2022-05-04T00:00:00Z,Hate Crime (Misogyny) Bill,Title: Hate Crime (Misogyny) Bill | Summary: No summary available | Description: No description available,UK_Parliament_Bills_Enriched_Corpus,-0.7,16.22
3116,2022-05-04T00:00:00Z,House of Lords (Retirement Age) Bill,Title: House of Lords (Retirement Age) Bill | Summary: No summary available | Description: No description available,UK_Parliament_Bills_Enriched_Corpus,0.8,15.33
2971,2022-05-04T00:00:00Z,Hunting Trophy Import (Prohibition) Bill,Title: Hunting Trophy Import (Prohibition) Bill | Summary: No summary available | Description: No description available,UK_Parliament_Bills_Enriched_Corpus,-0.2,17.94
3134,2022-05-04T00:00:00Z,Institutes of Technology (Royal Charter) Bill,Title: Institutes of Technology (Royal Charter) Bill | Summary: No summary available | Description: No description available,UK_Parliament_Bills_Enriched_Corpus,0.9,18.11
2947,2022-05-04T00:00:00Z,Kinship Care (Parental Leave) Bill,Title: Kinship Care (Parental Leave) Bill | Summary: No summary available | Description: No description available,UK_Parliament_Bills_Enriched_Corpus,1.55,15.73
3112,2022-05-04T00:00:00Z,Local Welfare Assistance (Statements) Bill,Title: Local Welfare Assistance (Statements) Bill | Summary: No summary available | Description: No description available,UK_Parliament_Bills_Enriched_Corpus,1.6,17.2
3121,2022-05-04T00:00:00Z,Marine Protected Areas (Bottom Trawling) Bill,Title: Marine Protected Areas (Bottom Trawling) Bill | Summary: No summary available | Description: No description available,UK_Parliament_Bills_Enriched_Corpus,1.6,18.11
3106,2022-05-04T00:00:00Z,Ministerial Disclosure (Fixed Penalty Notices) Bill,Title: Ministerial Disclosure (Fixed Penalty Notices) Bill | Summary: No summary available | Description: No description available,UK_Parliament_Bills_Enriched_Corpus,0.05,20.19
3132,2022-05-04T00:00:00Z,Miscarriage and Stillbirth (Black and Asian Women) Bill,Title: Miscarriage and Stillbirth (Black and Asian Women) Bill | Summary: No summary available | Description: No description available,UK_Parliament_Bills_Enriched_Corpus,0.05,16.04
3043,2022-05-04T00:00:00Z,Misuse of Fireworks Bill,Title: Misuse of Fireworks Bill | Summary: No summary available | Description: No description available,UK_Parliament_Bills_Enriched_Corpus,0.3,15.43
2519,2022-05-04T00:00:00Z,Monken Hadley Common Act,Title: Monken Hadley Common Act | Summary: No summary available | Description: No description available,UK_Parliament_Bills_Enriched_Corpus,0.8,16.22
3125,2022-05-04T00:00:00Z,Official Development Assistance Equalities Impact Assessment (Women and Girls) Bill,Title: Official Development Assistance Equalities Impact Assessment (Women and Girls) Bill | Summary: No summary available | Description: No description available,UK_Parliament_Bills_Enriched_Corpus,1.6,20.7
3047,2022-05-04T00:00:00Z,Planning (Street Plans) Bill,Title: Planning (Street Plans) Bill | Summary: No summary available | Description: No description available,UK_Parliament_Bills_Enriched_Corpus,1.05,14.65
3131,2022-05-04T00:00:00Z,Planning (Women’s Safety) Bill,Title: Planning (Women’s Safety) Bill | Summary: No summary available | Description: No description available,UK_Parliament_Bills_Enriched_Corpus,1.85,16.22
3013,2022-05-04T00:00:00Z,Plastic Pollution Bill,Title: Plastic Pollution Bill | Summary: No summary available | Description: No description available,UK_Parliament_Bills_Enriched_Corpus,1.3,16.84
3100,2022-05-04T00:00:00Z,Prisons (Violence) Bill,Title: Prisons (Violence) Bill | Summary: No summary available | Description: No description available,UK_Parliament_Bills_Enriched_Corpus,0.3,16.84
2929,2022-05-04T00:00:00Z,Public Advocate Bill,Title: Public Advocate Bill | Summary: No summary available | Description: No description available,UK_Parliament_Bills_Enriched_Corpus,1.4,16.84
3061,2022-05-04T00:00:00Z,Public Houses (Electrical Safety) Bill,Title: Public Houses (Electrical Safety) Bill | Summary: No summary available | Description: No description available,UK_Parliament_Bills_Enriched_Corpus,1.6,17.94
3080,2022-05-04T00:00:00Z,Quarries (Planning) Bill,Title: Quarries (Planning) Bill | Summary: No summary available | Description: No description available,UK_Parliament_Bills_Enriched_Corpus,1.05,16
3133,2022-05-04T00:00:00Z,Rape (Conviction Rates) Bill,Title: Rape (Conviction Rates) Bill | Summary: No summary available | Description: No description available,UK_Parliament_Bills_Enriched_Corpus,-0.7,15.43
2916,2022-05-04T00:00:00Z,Registers of Births and Deaths Bill,Title: Registers of Births and Deaths Bill | Summary: No summary available | Description: No description available,UK_Parliament_Bills_Enriched_Corpus,0.8,14.64
3063,2022-05-04T00:00:00Z,Schools and Educational Settings (Essential Infrastructure and Opening During Emergencies) Bill,Title: Schools and Educational Settings (Essential Infrastructure and Opening During Emergencies) Bill | Summary: No summary available | Description: No description available,UK_Parliament_Bills_Enriched_Corpus,2.2,21.42
3114,2022-05-04T00:00:00Z,Seals (Protection) Bill,Title: Seals (Protection) Bill | Summary: No summary available | Description: No description available,UK_Parliament_Bills_Enriched_Corpus,1.6,16
3104,2022-05-04T00:00:00Z,Social Housing (Emergency Protection of Tenancy Rights) Bill,Title: Social Housing (Emergency Protection of Tenancy Rights) Bill | Summary: No summary available | Description: No description available,UK_Parliament_Bills_Enriched_Corpus,0.85,18.53
3127,2022-05-04T00:00:00Z,State Pension Underpayments (Divorced Women) Bill,Title: State Pension Underpayments (Divorced Women) Bill | Summary: No summary available | Description: No description available,UK_Parliament_Bills_Enriched_Corpus,0.8,17.42
3129,2022-05-04T00:00:00Z,Surgical Mesh (Support) Bill,Title: Surgical Mesh (Support) Bill | Summary: No summary available | Description: No description available,UK_Parliament_Bills_Enriched_Corpus,1.3,16.22
3029,2022-05-04T00:00:00Z,Tibet and Xinjiang (Reciprocal Access) Bill,Title: Tibet and Xinjiang (Reciprocal Access) Bill | Summary: No summary available | Description: No description available,UK_Parliament_Bills_Enriched_Corpus,0.8,18.11
3079,2022-05-04T00:00:00Z,Trade Agreements (Parliamentary Scrutiny and Farming) Bill,Title: Trade Agreements (Parliamentary Scrutiny and Farming) Bill | Summary: No summary available | Description: No description available,UK_Parliament_Bills_Enriched_Corpus,0.2,18.96
3066,2022-05-03T00:00:00Z,Flooding (Prevention and Insurance) Bill,Title: Flooding (Prevention and Insurance) Bill | Summary: No summary available | Description: No description available,UK_Parliament_Bills_Enriched_Corpus,1.05,17.2
2990,2022-05-03T00:00:00Z,Green Belt Protection Bill,Title: Green Belt Protection Bill | Summary: No summary available | Description: No description available,UK_Parliament_Bills_Enriched_Corpus,1.6,15.43
3151,2022-05-03T00:00:00Z,Import of Products of Forced Labour from Xinjiang (Prohibition) Bill,Title: Import of Products of Forced Labour from Xinjiang (Prohibition) Bill | Summary: No summary available | Description: No description available,UK_Parliament_Bills_Enriched_Corpus,-0.7,17.32
3142,2022-05-03T00:00:00Z,National Insurance Contributions (Increase of Thresholds) Act 2022,Title: National Insurance Contributions (Increase of Thresholds) Act 2022 | Summary: No summary available | Description: No description available,UK_Parliament_Bills_Enriched_Corpus,1.3,18.53
2940,2022-05-03T00:00:00Z,Pedicabs (London) Bill,Title: Pedicabs (London) Bill | Summary: No summary available | Description: No description available,UK_Parliament_Bills_Enriched_Corpus,0.8,16.84
2907,2022-05-03T00:00:00Z,Pension Schemes (Conversion of Guaranteed Minimum Pensions) Act 2022,Title: Pension Schemes (Conversion of Guaranteed Minimum Pensions) Act 2022 | Summary: No summary available | Description: No description available,UK_Parliament_Bills_Enriched_Corpus,0.8,17.58
3030,2022-05-03T00:00:00Z,Planning and Local Representation Bill,Title: Planning and Local Representation Bill | Summary: No summary available | Description: No description available,UK_Parliament_Bills_Enriched_Corpus,1.05,17.94
3147,2022-05-03T00:00:00Z,Sewage Discharges Bill,Title: Sewage Discharges Bill | Summary: No summary available | Description: No description available,UK_Parliament_Bills_Enriched_Corpus,0.2,16.84
3141,2022-05-03T00:00:00Z,Shared Prosperity Fund (Wales) Bill,Title: Shared Prosperity Fund (Wales) Bill | Summary: No summary available | Description: No description available,UK_Parliament_Bills_Enriched_Corpus,2.1,15.73
3143,2022-05-03T00:00:00Z,Short and Holiday-Let Accommodation (Registration) Bill,Title: Short and Holiday-Let Accommodation (Registration) Bill | Summary: No summary available | Description: No description available,UK_Parliament_Bills_Enriched_Corpus,1.2,18.96
3049,2022-04-29T00:00:00Z,Abuse of Public-facing Workers (Offences) Bill,Title: Abuse of Public-facing Workers (Offences) Bill | Summary: No summary available | Description: No description available,UK_Parliament_Bills_Enriched_Corpus,-0.2,17
2910,2022-04-29T00:00:00Z,Acquired Brain Injury Bill,Title: Acquired Brain Injury Bill | Summary: No summary available | Description: No description available,UK_Parliament_Bills_Enriched_Corpus,0.85,17.01
3081,2022-04-29T00:00:00Z,Ambulance Waiting Times (Local Reporting) Bill,Title: Ambulance Waiting Times (Local Reporting) Bill | Summary: No summary available | Description: No description available,UK_Parliament_Bills_Enriched_Corpus,0.8,17.42
2961,2022-04-29T00:00:00Z,Asylum Seekers (Return to Safe Countries) Bill,Title: Asylum Seekers (Return to Safe Countries) Bill | Summary: No summary available | Description: No description available,UK_Parliament_Bills_Enriched_Corpus,1.55,16.34
3016,2022-04-29T00:00:00Z,Bereavement (Leave and Pay) Bill,Title: Bereavement (Leave and Pay) Bill | Summary: No summary available | Description: No description available,UK_Parliament_Bills_Enriched_Corpus,-0.05,14.99
3054,2022-04-29T00:00:00Z,Bereavement Leave and Pay (Stillborn and Miscarried Babies) Bill,Title: Bereavement Leave and Pay (Stillborn and Miscarried Babies) Bill | Summary: No summary available | Description: No description available,UK_Parliament_Bills_Enriched_Corpus,-1.05,16.4
3146,2022-04-29T00:00:00Z,Breast Screening Bill,Title: Breast Screening Bill | Summary: No summary available | Description: No description available,UK_Parliament_Bills_Enriched_Corpus,0.8,15.16
2915,2022-04-29T00:00:00Z,British Sign Language Act 2022,Title: British Sign Language Act 2022 | Summary: No summary available | Description: No description available,UK_Parliament_Bills_Enriched_Corpus,0.8,14.99
3038,2022-04-29T00:00:00Z,Button Batteries (Safety) Bill,Title: Button Batteries (Safety) Bill | Summary: No summary available | Description: No description available,UK_Parliament_Bills_Enriched_Corpus,1.6,17.01
2977,2022-04-29T00:00:00Z,Channel 4 (Privatisation) Bill,Title: Channel 4 (Privatisation) Bill | Summary: No summary available | Description: No description available,UK_Parliament_Bills_Enriched_Corpus,0.8,17.79
3111,2022-04-29T00:00:00Z,Charities (Income Source Statements) Bill,Title: Charities (Income Source Statements) Bill | Summary: No summary available | Description: No description available,UK_Parliament_Bills_Enriched_Corpus,0.8,16.46
3031,2022-04-29T00:00:00Z,Children (Access to Treatment) Bill,Title: Children (Access to Treatment) Bill | Summary: No summary available | Description: No description available,UK_Parliament_Bills_Enriched_Corpus,0.55,15.73
2937,2022-04-29T00:00:00Z,City of Bradford (Referendum on Shipley and Keighley) Bill,Title: City of Bradford (Referendum on Shipley and Keighley) Bill | Summary: No summary available | Description: No description available,UK_Parliament_Bills_Enriched_Corpus,0.8,16.99
2936,2022-04-29T00:00:00Z,Commercial Rent (Prohibition of Upward-Only Reviews) Bill,Title: Commercial Rent (Prohibition of Upward-Only Reviews) Bill | Summary: No summary available | Description: No description available,UK_Parliament_Bills_Enriched_Corpus,-0.2,17.9
3084,2022-04-29T00:00:00Z,Community Wealth Fund Bill,Title: Community Wealth Fund Bill | Summary: No summary available | Description: No description available,UK_Parliament_Bills_Enriched_Corpus,1.9,16.22
3102,2022-04-29T00:00:00Z,Consumer Protection (Double Charging) Bill,Title: Consumer Protection (Double Charging) Bill | Summary: No summary available | Description: No description available,UK_Parliament_Bills_Enriched_Corpus,1.6,17.94
2939,2022-04-29T00:00:00Z,Conversion Therapy (Prohibition) Bill,Title: Conversion Therapy (Prohibition) Bill | Summary: No summary available | Description: No description available,UK_Parliament_Bills_Enriched_Corpus,-0.2,19.37
3092,2022-04-29T00:00:00Z,Co-operatives (Employee Company Ownership) Bill,Title: Co-operatives (Employee Company Ownership) Bill | Summary: No summary available | Description: No description available,UK_Parliament_Bills_Enriched_Corpus,1.4,19.5
2901,2022-04-29T00:00:00Z,"Copyright (Rights and Remuneration of Musicians, Etc.) Bill","Title: Copyright (Rights and Remuneration of Musicians, Etc.) Bill | Summary: No summary available | Description: No description available",UK_Parliament_Bills_Enriched_Corpus,0.8,16.06
2949,2022-04-29T00:00:00Z,Crown Estate (Devolution to Wales) Bill,Title: Crown Estate (Devolution to Wales) Bill | Summary: No summary available | Description: No description available,UK_Parliament_Bills_Enriched_Corpus,0.2,16.03
2906,2022-04-29T00:00:00Z,Cultural Objects (Protection from Seizure) Act 2022,Title: Cultural Objects (Protection from Seizure) Act 2022 | Summary: No summary available | Description: No description available,UK_Parliament_Bills_Enriched_Corpus,1,17
3037,2022-04-29T00:00:00Z,Dogs (Protection of Livestock) Bill,Title: Dogs (Protection of Livestock) Bill | Summary: No summary available | Description: No description available,UK_Parliament_Bills_Enriched_Corpus,1.6,15.73
2874,2022-04-29T00:00:00Z,Education (Environment and Sustainable Citizenship) Bill [HL],Title: Education (Environment and Sustainable Citizenship) Bill [HL] | Summary: No summary available | Description: No description available,UK_Parliament_Bills_Enriched_Corpus,1.8,20.93
2872,2022-04-29T00:00:00Z,Elderly Social Care (Insurance) Bill [HL],Title: Elderly Social Care (Insurance) Bill [HL] | Summary: No summary available | Description: No description available,UK_Parliament_Bills_Enriched_Corpus,1.8,16.72
2956,2022-04-29T00:00:00Z,Electoral Candidates (Age) Bill,Title: Electoral Candidates (Age) Bill | Summary: No summary available | Description: No description available,UK_Parliament_Bills_Enriched_Corpus,0.8,17.79
2912,2022-04-29T00:00:00Z,Taxis and Private Hire Vehicles (Disabled Persons) Act 2022,Title: Taxis and Private Hire Vehicles (Disabled Persons) Act 2022 | Summary: No summary available | Description: No description available,UK_Parliament_Bills_Enriched_Corpus,0.65,17.58
2879,2022-04-28T00:00:00Z,Age Assurance (Minimum Standards) Bill [HL],Title: Age Assurance (Minimum Standards) Bill [HL] | Summary: No summary available | Description: No description available,UK_Parliament_Bills_Enriched_Corpus,1.3,16.72
2891,2022-04-28T00:00:00Z,Age of Criminal Responsibility Bill [HL],Title: Age of Criminal Responsibility Bill [HL] | Summary: No summary available | Description: No description available,UK_Parliament_Bills_Enriched_Corpus,0.05,18.11
2875,2022-04-28T00:00:00Z,Assisted Dying Bill [HL],Title: Assisted Dying Bill [HL] | Summary: No summary available | Description: No description available,UK_Parliament_Bills_Enriched_Corpus,0.3,16.22
3095,2022-04-28T00:00:00Z,Commonwealth Parliamentary Association (Status) Bill [HL],Title: Commonwealth Parliamentary Association (Status) Bill [HL] | Summary: No summary available | Description: No description available,UK_Parliament_Bills_Enriched_Corpus,0.8,20.89
2898,2022-04-28T00:00:00Z,Constitutional Convention Bill [HL],Title: Constitutional Convention Bill [HL] | Summary: No summary available | Description: No description available,UK_Parliament_Bills_Enriched_Corpus,2,18.58
3056,2022-04-28T00:00:00Z,Construction (Retentions Abolition) Bill [HL],Title: Construction (Retentions Abolition) Bill [HL] | Summary: No summary available | Description: No description available,UK_Parliament_Bills_Enriched_Corpus,0.8,18.68
3033,2022-04-28T00:00:00Z,Divorce (Financial Provision) Bill [HL],Title: Divorce (Financial Provision) Bill [HL] | Summary: No summary available | Description: No description available,UK_Parliament_Bills_Enriched_Corpus,-0.2,17.2
3085,2022-04-28T00:00:00Z,Duchy of Cornwall Bill [HL],Title: Duchy of Cornwall Bill [HL] | Summary: No summary available | Description: No description available,UK_Parliament_Bills_Enriched_Corpus,0.8,14.99
3089,2022-04-28T00:00:00Z,Emissions Reduction (Local Authorities in London) Bill [HL],Title: Emissions Reduction (Local Authorities in London) Bill [HL] | Summary: No summary available | Description: No description available,UK_Parliament_Bills_Enriched_Corpus,0.8,18.53
2887,2022-04-28T00:00:00Z,Game Birds (Cage Breeding) Bill [HL],Title: Game Birds (Cage Breeding) Bill [HL] | Summary: No summary available | Description: No description available,UK_Parliament_Bills_Enriched_Corpus,0.2,13.95
2871,2022-04-28T00:00:00Z,Higher Education Cheating Services Prohibition Bill [HL],Title: Higher Education Cheating Services Prohibition Bill [HL] | Summary: No summary available | Description: No description available,UK_Parliament_Bills_Enriched_Corpus,-1.2,19.62
3096,2022-04-28T00:00:00Z,Lead Ammunition (Restriction) Bill [HL],Title: Lead Ammunition (Restriction) Bill [HL] | Summary: No summary available | Description: No description available,UK_Parliament_Bills_Enriched_Corpus,0.3,17.2
3115,2022-04-28T00:00:00Z,Learning Disabilities (Access to Services) Bill [HL],Title: Learning Disabilities (Access to Services) Bill [HL] | Summary: No summary available | Description: No description available,UK_Parliament_Bills_Enriched_Corpus,1.6,18.31
3082,2022-04-28T00:00:00Z,Mandatory Training on Learning Disabilities and Autism Bill [HL],Title: Mandatory Training on Learning Disabilities and Autism Bill [HL] | Summary: No summary available | Description: No description available,UK_Parliament_Bills_Enriched_Corpus,1,19.35
3075,2022-04-28T00:00:00Z,Modern Slavery (Victim Support) Bill [HL],Title: Modern Slavery (Victim Support) Bill [HL] | Summary: No summary available | Description: No description available,UK_Parliament_Bills_Enriched_Corpus,0.4,16.72
2890,2022-04-28T00:00:00Z,Office for Demographic Change Bill [HL],Title: Office for Demographic Change Bill [HL] | Summary: No summary available | Description: No description available,UK_Parliament_Bills_Enriched_Corpus,0.8,16.03
2870,2022-04-28T00:00:00Z,Office of the Whistleblower Bill [HL],Title: Office of the Whistleblower Bill [HL] | Summary: No summary available | Description: No description available,UK_Parliament_Bills_Enriched_Corpus,0.8,16.03
2884,2022-04-28T00:00:00Z,Onshore Wind Bill [HL],Title: Onshore Wind Bill [HL] | Summary: No summary available | Description: No description available,UK_Parliament_Bills_Enriched_Corpus,0.8,14.65
3074,2022-04-28T00:00:00Z,Public Authority Algorithm Bill [HL],Title: Public Authority Algorithm Bill [HL] | Summary: No summary available | Description: No description available,UK_Parliament_Bills_Enriched_Corpus,1.3,18.68
2888,2022-04-28T00:00:00Z,Representation of the People (Young People’s Enfranchisement) Bill [HL],Title: Representation of the People (Young People’s Enfranchisement) Bill [HL] | Summary: No summary available | Description: No description available,UK_Parliament_Bills_Enriched_Corpus,1.2,18.76
2882,2022-04-28T00:00:00Z,Sewage (Inland Waters) Bill [HL],Title: Sewage (Inland Waters) Bill [HL] | Summary: No summary available | Description: No description available,UK_Parliament_Bills_Enriched_Corpus,0.2,15.73
3119,2022-04-28T00:00:00Z,War Powers Bill [HL],Title: War Powers Bill [HL] | Summary: No summary available | Description: No description available,UK_Parliament_Bills_Enriched_Corpus,0.3,14.65
2836,2022-04-21T00:00:00Z,Advanced Research and Invention Agency Act 2022,Title: Advanced Research and Invention Agency Act 2022 | Summary: No summary available | Description: No description available,UK_Parliament_Bills_Enriched_Corpus,1.55,17
2904,2022-04-19T00:00:00Z,Taxis and Private Hire Vehicles (Safeguarding and Road Safety) Act 2022,Title: Taxis and Private Hire Vehicles (Safeguarding and Road Safety) Act 2022 | Summary: No summary available | Description: No description available,UK_Parliament_Bills_Enriched_Corpus,2.2,17.13
2895,2022-04-05T00:00:00Z,Education (Careers Guidance in Schools) Act 2022,Title: Education (Careers Guidance in Schools) Act 2022 | Summary: No summary available | Description: No description available,UK_Parliament_Bills_Enriched_Corpus,1.55,16.34
3120,2022-03-28T00:00:00Z,Economic Crime (Transparency and Enforcement) Act 2022,Title: Economic Crime (Transparency and Enforcement) Act 2022 | Summary: No summary available | Description: No description available,UK_Parliament_Bills_Enriched_Corpus,-0.7,18.31
2518,2022-03-28T00:00:00Z,Highgate Cemetery Act,Title: Highgate Cemetery Act | Summary: No summary available | Description: No description available,UK_Parliament_Bills_Enriched_Corpus,0.3,18.53
3124,2022-03-21T00:00:00Z,Supply and Appropriation (Anticipation and Adjustments) Act 2022,Title: Supply and Appropriation (Anticipation and Adjustments) Act 2022 | Summary: No summary available | Description: No description available,UK_Parliament_Bills_Enriched_Corpus,1.05,19.77
2921,2022-03-18T00:00:00Z,Unsolicited Explicit Images and Deepfake Pornography Bill,Title: Unsolicited Explicit Images and Deepfake Pornography Bill | Summary: No summary available | Description: No description available,UK_Parliament_Bills_Enriched_Corpus,0.05,21.59
3032,2022-03-17T00:00:00Z,Public Service Pensions and Judicial Offices Act 2022,Title: Public Service Pensions and Judicial Offices Act 2022 | Summary: No summary available | Description: No description available,UK_Parliament_Bills_Enriched_Corpus,0.55,17.28
3083,2022-03-16T00:00:00Z,Dyslexia Screening Bill,Title: Dyslexia Screening Bill | Summary: No summary available | Description: No description available,UK_Parliament_Bills_Enriched_Corpus,0.8,17.68
3098,2022-03-11T00:00:00Z,Registration of Overseas Entities Bill,Title: Registration of Overseas Entities Bill | Summary: No summary available | Description: No description available,UK_Parliament_Bills_Enriched_Corpus,0.8,18.68
3103,2022-03-08T00:00:00Z,Spiking (Offence) Bill,Title: Spiking (Offence) Bill | Summary: No summary available | Description: No description available,UK_Parliament_Bills_Enriched_Corpus,0,16.84
2933,2022-03-07T00:00:00Z,Education Employment (Accompaniment to Hearings) Bill,Title: Education Employment (Accompaniment to Hearings) Bill | Summary: No summary available | Description: No description available,UK_Parliament_Bills_Enriched_Corpus,1.4,19.5
2866,2022-03-01T00:00:00Z,Dormant Assets Act 2022,Title: Dormant Assets Act 2022 | Summary: No summary available | Description: No description available,UK_Parliament_Bills_Enriched_Corpus,1.3,15.43
3086,2022-02-24T00:00:00Z,Hares (Closed Season) Bill,Title: Hares (Closed Season) Bill | Summary: No summary available | Description: No description available,UK_Parliament_Bills_Enriched_Corpus,0.8,14.65
2858,2022-02-18T00:00:00Z,"Northern Ireland (Ministers, Elections and Petitions of Concern) Act 2022","Title: Northern Ireland (Ministers, Elections and Petitions of Concern) Act 2022 | Summary: No summary available | Description: No description available",UK_Parliament_Bills_Enriched_Corpus,0.2,18.45
2864,2022-02-09T00:00:00Z,Leasehold Reform (Ground Rent) Act 2022,Title: Leasehold Reform (Ground Rent) Act 2022 | Summary: No summary available | Description: No description available,UK_Parliament_Bills_Enriched_Corpus,1.05,14.64
3026,2022-02-08T00:00:00Z,Dogs (DNA Databases) Bill,Title: Dogs (DNA Databases) Bill | Summary: No summary available | Description: No description available,UK_Parliament_Bills_Enriched_Corpus,0.8,17.79
1300,2022-02-07T00:00:00Z,National Insurance Contributions Act 2014,Title: National Insurance Contributions Act 2014 | Summary: No summary available | Description: No description available,UK_Parliament_Bills_Enriched_Corpus,0.8,18.68
1676,2022-02-02T00:00:00Z,Welfare Reform and Work Act 2016,Title: Welfare Reform and Work Act 2016 | Summary: No summary available | Description: No description available,UK_Parliament_Bills_Enriched_Corpus,1.3,14.64
2913,2022-01-24T00:00:00Z,Hare Coursing Bill,Title: Hare Coursing Bill | Summary: No summary available | Description: No description available,UK_Parliament_Bills_Enriched_Corpus,0.8,15.16
118,2022-01-14T00:00:00Z,Vehicle Registration Marks Act 2007,Title: Vehicle Registration Marks Act 2007 | Summary: No summary available | Description: No description available,UK_Parliament_Bills_Enriched_Corpus,0.8,17.2
2919,2022-01-12T00:00:00Z,Miniature Mobile Phones (Prohibition of Sale) Bill,Title: Miniature Mobile Phones (Prohibition of Sale) Bill | Summary: No summary available | Description: No description available,UK_Parliament_Bills_Enriched_Corpus,-0.2,17.65
2945,2022-01-06T00:00:00Z,Tips Bill,Title: Tips Bill | Summary: No summary available | Description: No description available,UK_Parliament_Bills_Enriched_Corpus,0.8,14.9
3045,2021-12-17T00:00:00Z,Critical Benchmarks (References and Administrators’ Liability) Act 2021,Title: Critical Benchmarks (References and Administrators’ Liability) Act 2021 | Summary: No summary available | Description: No description available,UK_Parliament_Bills_Enriched_Corpus,-0.3,21.63
2861,2021-12-17T00:00:00Z,Rating (Coronavirus) and Directors Disqualification (Dissolved Companies) Act 2021,Title: Rating (Coronavirus) and Directors Disqualification (Dissolved Companies) Act 2021 | Summary: No summary available | Description: No description available,UK_Parliament_Bills_Enriched_Corpus,0,21.71
3042,2021-12-15T00:00:00Z,Social Security (Up-rating of Benefits) Act 2021,Title: Social Security (Up-rating of Benefits) Act 2021 | Summary: No summary available | Description: No description available,UK_Parliament_Bills_Enriched_Corpus,1.8,17.28
3050,2021-11-30T00:00:00Z,Unauthorised Development (Offences) Bill,Title: Unauthorised Development (Offences) Bill | Summary: No summary available | Description: No description available,UK_Parliament_Bills_Enriched_Corpus,0.8,20.94
3044,2021-11-23T00:00:00Z,Transport (Disabled Passenger Charter) Bill,Title: Transport (Disabled Passenger Charter) Bill | Summary: No summary available | Description: No description available,UK_Parliament_Bills_Enriched_Corpus,0.05,17.94
2863,2021-11-22T00:00:00Z,Compensation (London Capital & Finance plc and Fraud Compensation Fund) Act 2021,Title: Compensation (London Capital & Finance plc and Fraud Compensation Fund) Act 2021 | Summary: No summary available | Description: No description available,UK_Parliament_Bills_Enriched_Corpus,0.05,18.2
2905,2021-11-19T00:00:00Z,Planning (Enforcement) Bill,Title: Planning (Enforcement) Bill | Summary: No summary available | Description: No description available,UK_Parliament_Bills_Enriched_Corpus,0.55,16.84
3014,2021-11-09T00:00:00Z,Supply and Appropriation (Main Estimates) Act 2021,Title: Supply and Appropriation (Main Estimates) Act 2021 | Summary: No summary available | Description: No description available,UK_Parliament_Bills_Enriched_Corpus,0.8,17.65
2908,2021-11-01T00:00:00Z,Childcare Bill,Title: Childcare Bill | Summary: No summary available | Description: No description available,UK_Parliament_Bills_Enriched_Corpus,0.8,15.8
2897,2021-11-01T00:00:00Z,Menopause (Support and Services) Bill,Title: Menopause (Support and Services) Bill | Summary: No summary available | Description: No description available,UK_Parliament_Bills_Enriched_Corpus,1.3,17.2
2950,2021-10-20T00:00:00Z,Electric Vehicle Charging Points (New Buildings) Bill,Title: Electric Vehicle Charging Points (New Buildings) Bill | Summary: No summary available | Description: No description available,UK_Parliament_Bills_Enriched_Corpus,1.6,17
2946,2021-10-19T00:00:00Z,Education (16 to 19 Academies) (Religious Character) Bill,Title: Education (16 to 19 Academies) (Religious Character) Bill | Summary: No summary available | Description: No description available,UK_Parliament_Bills_Enriched_Corpus,0.8,19.15
783,2021-10-06T00:00:00Z,Budget Responsibility and National Audit Act 2011,Title: Budget Responsibility and National Audit Act 2011 | Summary: No summary available | Description: No description available,UK_Parliament_Bills_Enriched_Corpus,0.8,18.96
680,2021-10-06T00:00:00Z,Scotland Act 2012,Title: Scotland Act 2012 | Summary: No summary available | Description: No description available,UK_Parliament_Bills_Enriched_Corpus,0.8,15.16
3027,2021-07-14T00:00:00Z,Electric Vehicle Charging Points (New Buildings) (No. 2) Bill,Title: Electric Vehicle Charging Points (New Buildings) (No. 2) Bill | Summary: No summary available | Description: No description available,UK_Parliament_Bills_Enriched_Corpus,1.6,12.5
2594,2021-07-14T00:00:00Z,Fisheries Act 2020,Title: Fisheries Act 2020 | Summary: No summary available | Description: No description available,UK_Parliament_Bills_Enriched_Corpus,0.8,16
2731,2021-07-09T00:00:00Z,Coronavirus Act 2020,Title: Coronavirus Act 2020 | Summary: No summary available | Description: No description available,UK_Parliament_Bills_Enriched_Corpus,0.8,17.68
2835,2021-06-15T00:00:00Z,Finance Act 2021,Title: Finance Act 2021 | Summary: No summary available | Description: No description available,UK_Parliament_Bills_Enriched_Corpus,0.8,15.16
1067,2021-05-21T00:00:00Z,House of Lords Reform Bill,Title: House of Lords Reform Bill | Summary: No summary available | Description: No description available,UK_Parliament_Bills_Enriched_Corpus,1.05,14.25
1946,2021-05-17T00:00:00Z,Local Government Finance Bill,Title: Local Government Finance Bill | Summary: No summary available | Description: No description available,UK_Parliament_Bills_Enriched_Corpus,0.3,17.01
1960,2021-05-17T00:00:00Z,Vehicle Technology and Aviation Bill,Title: Vehicle Technology and Aviation Bill | Summary: No summary available | Description: No description available,UK_Parliament_Bills_Enriched_Corpus,0.9,19.41
2228,2021-05-06T00:00:00Z,Northern Ireland Budget (Anticipation and Adjustments) Act 2018,Title: Northern Ireland Budget (Anticipation and Adjustments) Act 2018 | Summary: No summary available | Description: No description available,UK_Parliament_Bills_Enriched_Corpus,1.45,19.15
2780,2021-05-06T00:00:00Z,Remote Participation in House of Commons Proceedings (Motion) Bill,Title: Remote Participation in House of Commons Proceedings (Motion) Bill | Summary: No summary available | Description: No description available,UK_Parliament_Bills_Enriched_Corpus,1.4,18.17
2851,2021-05-06T00:00:00Z,Road User Charging (Outer London) Bill,Title: Road User Charging (Outer London) Bill | Summary: No summary available | Description: No description available,UK_Parliament_Bills_Enriched_Corpus,0.8,16.03
2789,2021-05-06T00:00:00Z,School Breakfast Bill,Title: School Breakfast Bill | Summary: No summary available | Description: No description available,UK_Parliament_Bills_Enriched_Corpus,1.4,15.16
2711,2021-05-06T00:00:00Z,School Toilets (Access During Lessons) Bill,Title: School Toilets (Access During Lessons) Bill | Summary: No summary available | Description: No description available,UK_Parliament_Bills_Enriched_Corpus,0.8,16.03
2665,2021-05-06T00:00:00Z,Schools Bill,Title: Schools Bill | Summary: No summary available | Description: No description available,UK_Parliament_Bills_Enriched_Corpus,0.8,14.9
2849,2021-05-06T00:00:00Z,Scottish Parliament (Disqualification of Members of the House of Commons) Bill,Title: Scottish Parliament (Disqualification of Members of the House of Commons) Bill | Summary: No summary available | Description: No description available,UK_Parliament_Bills_Enriched_Corpus,0,18.2
2710,2021-05-06T00:00:00Z,Sentencing (Women) Bill,Title: Sentencing (Women) Bill | Summary: No summary available | Description: No description available,UK_Parliament_Bills_Enriched_Corpus,0.55,16.84
2625,2021-05-06T00:00:00Z,Sewage (Inland Waters) Bill,Title: Sewage (Inland Waters) Bill | Summary: No summary available | Description: No description available,UK_Parliament_Bills_Enriched_Corpus,0.2,16.22
2637,2021-05-06T00:00:00Z,Third Sector Organisations (Impact and Support) Bill,Title: Third Sector Organisations (Impact and Support) Bill | Summary: No summary available | Description: No description available,UK_Parliament_Bills_Enriched_Corpus,1.3,17.65
2757,2021-05-06T00:00:00Z,Tibet (Reciprocal Access) Bill,Title: Tibet (Reciprocal Access) Bill | Summary: No summary available | Description: No description available,UK_Parliament_Bills_Enriched_Corpus,0.8,17.79
2856,2021-05-06T00:00:00Z,Tool Theft (Prevention) Bill,Title: Tool Theft (Prevention) Bill | Summary: No summary available | Description: No description available,UK_Parliament_Bills_Enriched_Corpus,0.55,15.43
2766,2021-05-06T00:00:00Z,Tree-lined Streets Bill,Title: Tree-lined Streets Bill | Summary: No summary available | Description: No description available,UK_Parliament_Bills_Enriched_Corpus,0.8,13.86
2632,2021-05-06T00:00:00Z,Unpaid Work Experience (Prohibition) (No. 2) Bill,Title: Unpaid Work Experience (Prohibition) (No. 2) Bill | Summary: No summary available | Description: No description available,UK_Parliament_Bills_Enriched_Corpus,-0.75,14.14
2733,2021-05-06T00:00:00Z,Vagrancy (Repeal) Bill,Title: Vagrancy (Repeal) Bill | Summary: No summary available | Description: No description available,UK_Parliament_Bills_Enriched_Corpus,0.8,16.84
2794,2021-05-06T00:00:00Z,Vehicle Registration Offences (Penalty Points) Bill,Title: Vehicle Registration Offences (Penalty Points) Bill | Summary: No summary available | Description: No description available,UK_Parliament_Bills_Enriched_Corpus,0.05,19.5
2720,2021-05-06T00:00:00Z,Victims of Abuse (Support) Bill,Title: Victims of Abuse (Support) Bill | Summary: No summary available | Description: No description available,UK_Parliament_Bills_Enriched_Corpus,-0.45,15.73
2829,2021-05-06T00:00:00Z,"Victims of Crime and Anti-social Behaviour, Etc (Rights, Entitlements and Related Matters) Bill","Title: Victims of Crime and Anti-social Behaviour, Etc (Rights, Entitlements and Related Matters) Bill | Summary: No summary available | Description: No description available",UK_Parliament_Bills_Enriched_Corpus,-1.7,19.65
2815,2021-05-06T00:00:00Z,Virginity Testing (Prohibition) Bill,Title: Virginity Testing (Prohibition) Bill | Summary: No summary available | Description: No description available,UK_Parliament_Bills_Enriched_Corpus,0.3,19.37
2769,2021-05-06T00:00:00Z,Welfare (Terminal Illness) Bill,Title: Welfare (Terminal Illness) Bill | Summary: No summary available | Description: No description available,UK_Parliament_Bills_Enriched_Corpus,-0.2,17.01
2776,2021-05-06T00:00:00Z,White Goods (Registration) Bill,Title: White Goods (Registration) Bill | Summary: No summary available | Description: No description available,UK_Parliament_Bills_Enriched_Corpus,1.8,16.22
2556,2021-05-05T00:00:00Z,Abortion Bill [HL],Title: Abortion Bill [HL] | Summary: No summary available | Description: No description available,UK_Parliament_Bills_Enriched_Corpus,0,16
2536,2021-05-05T00:00:00Z,Access to Palliative Care and Treatment of Children Bill [HL],Title: Access to Palliative Care and Treatment of Children Bill [HL] | Summary: No summary available | Description: No description available,UK_Parliament_Bills_Enriched_Corpus,1.45,16.2
2567,2021-05-05T00:00:00Z,Anonymity (Arrested Persons) Bill [HL],Title: Anonymity (Arrested Persons) Bill [HL] | Summary: No summary available | Description: No description available,UK_Parliament_Bills_Enriched_Corpus,0.05,18.68
2610,2021-05-05T00:00:00Z,Automated Facial Recognition Technology (Moratorium and Review) Bill [HL],Title: Automated Facial Recognition Technology (Moratorium and Review) Bill [HL] | Summary: No summary available | Description: No description available,UK_Parliament_Bills_Enriched_Corpus,0.9,21.71
2620,2021-05-05T00:00:00Z,Botulinum Toxin and Cosmetic Fillers (Children) Act 2021,Title: Botulinum Toxin and Cosmetic Fillers (Children) Act 2021 | Summary: No summary available | Description: No description available,UK_Parliament_Bills_Enriched_Corpus,-0.2,17.9
2629,2021-05-05T00:00:00Z,British Library Board (Power to Borrow) Act 2021,Title: British Library Board (Power to Borrow) Act 2021 | Summary: No summary available | Description: No description available,UK_Parliament_Bills_Enriched_Corpus,1.4,16.04
2595,2021-05-05T00:00:00Z,Buses (Zero Emissions) Bill [HL],Title: Buses (Zero Emissions) Bill [HL] | Summary: No summary available | Description: No description available,UK_Parliament_Bills_Enriched_Corpus,0.8,16.46
2580,2021-05-05T00:00:00Z,Constitutional Privileges Bill [HL],Title: Constitutional Privileges Bill [HL] | Summary: No summary available | Description: No description available,UK_Parliament_Bills_Enriched_Corpus,2,19.37
2600,2021-05-05T00:00:00Z,Contracts for Difference and Onshore Wind Bill [HL],Title: Contracts for Difference and Onshore Wind Bill [HL] | Summary: No summary available | Description: No description available,UK_Parliament_Bills_Enriched_Corpus,0.8,15.42
2577,2021-05-05T00:00:00Z,Cosmetic Surgery (Standards) Bill [HL],Title: Cosmetic Surgery (Standards) Bill [HL] | Summary: No summary available | Description: No description available,UK_Parliament_Bills_Enriched_Corpus,0.8,17.2
2740,2021-05-05T00:00:00Z,Counter-Terrorism and Sentencing Act 2021,Title: Counter-Terrorism and Sentencing Act 2021 | Summary: No summary available | Description: No description available,UK_Parliament_Bills_Enriched_Corpus,0.55,17.42
2541,2021-05-05T00:00:00Z,Criminal Records Bill [HL],Title: Criminal Records Bill [HL] | Summary: No summary available | Description: No description available,UK_Parliament_Bills_Enriched_Corpus,0.05,16.22
2604,2021-05-05T00:00:00Z,Devolution in England Bill [HL],Title: Devolution in England Bill [HL] | Summary: No summary available | Description: No description available,UK_Parliament_Bills_Enriched_Corpus,0.2,16.46
2709,2021-05-05T00:00:00Z,Domestic Abuse Act 2021,Title: Domestic Abuse Act 2021 | Summary: No summary available | Description: No description available,UK_Parliament_Bills_Enriched_Corpus,-0.45,16.22
2607,2021-05-05T00:00:00Z,Duty to Plan for Terrorism (Consultation) Bill [HL],Title: Duty to Plan for Terrorism (Consultation) Bill [HL] | Summary: No summary available | Description: No description available,UK_Parliament_Bills_Enriched_Corpus,0.05,17.28
2615,2021-05-05T00:00:00Z,Education (Guidance about Costs of School Uniforms) Act 2021,Title: Education (Guidance about Costs of School Uniforms) Act 2021 | Summary: No summary available | Description: No description available,UK_Parliament_Bills_Enriched_Corpus,1.3,16.99
2633,2021-05-05T00:00:00Z,Education and Training (Welfare of Children) Act 2021,Title: Education and Training (Welfare of Children) Act 2021 | Summary: No summary available | Description: No description available,UK_Parliament_Bills_Enriched_Corpus,0.8,16.66
2601,2021-05-05T00:00:00Z,Elections (Candidates’ Expenditure and Nominations) Bill [HL],Title: Elections (Candidates’ Expenditure and Nominations) Bill [HL] | Summary: No summary available | Description: No description available,UK_Parliament_Bills_Enriched_Corpus,0.55,19.62
2578,2021-05-05T00:00:00Z,Electric Vehicle Trading Scheme and Road Usage Duty (Consultation) Bill [HL],Title: Electric Vehicle Trading Scheme and Road Usage Duty (Consultation) Bill [HL] | Summary: No summary available | Description: No description available,UK_Parliament_Bills_Enriched_Corpus,0.7,18.2
2588,2021-05-05T00:00:00Z,Equal Pay Bill [HL],Title: Equal Pay Bill [HL] | Summary: No summary available | Description: No description available,UK_Parliament_Bills_Enriched_Corpus,0.7,14.65
2581,2021-05-05T00:00:00Z,"European Union (Information, etc.) Bill [HL]","Title: European Union (Information, etc.) Bill [HL] | Summary: No summary available | Description: No description available",UK_Parliament_Bills_Enriched_Corpus,1.2,16.88
2529,2021-05-05T00:00:00Z,Extension of Franchise (House of Lords) Bill [HL],Title: Extension of Franchise (House of Lords) Bill [HL] | Summary: No summary available | Description: No description available,UK_Parliament_Bills_Enriched_Corpus,0.8,14.8
2609,2021-05-05T00:00:00Z,Fixed-term Parliaments Act 2011 (Repeal) Bill [HL],Title: Fixed-term Parliaments Act 2011 (Repeal) Bill [HL] | Summary: No summary available | Description: No description available,UK_Parliament_Bills_Enriched_Corpus,0.8,14.8
2616,2021-05-05T00:00:00Z,Forensic Science Regulator Act 2021,Title: Forensic Science Regulator Act 2021 | Summary: No summary available | Description: No description available,UK_Parliament_Bills_Enriched_Corpus,0.8,17.94
2618,2021-05-05T00:00:00Z,Goods Mortgages Bill [HL],Title: Goods Mortgages Bill [HL] | Summary: No summary available | Description: No description available,UK_Parliament_Bills_Enriched_Corpus,1.4,15.43
2582,2021-05-05T00:00:00Z,Hares Preservation Bill [HL],Title: Hares Preservation Bill [HL] | Summary: No summary available | Description: No description available,UK_Parliament_Bills_Enriched_Corpus,0.8,16.22
2598,2021-05-05T00:00:00Z,Hereditary Peerages and Baronetcies (Equality of Inheritance) Bill [HL],Title: Hereditary Peerages and Baronetcies (Equality of Inheritance) Bill [HL] | Summary: No summary available | Description: No description available,UK_Parliament_Bills_Enriched_Corpus,2.2,21.71
2554,2021-05-05T00:00:00Z,House of Lords (Elections and Reform) Bill [HL],Title: House of Lords (Elections and Reform) Bill [HL] | Summary: No summary available | Description: No description available,UK_Parliament_Bills_Enriched_Corpus,1.05,14.8
2591,2021-05-05T00:00:00Z,House of Lords (Removal of Bishops) Bill [HL],Title: House of Lords (Removal of Bishops) Bill [HL] | Summary: No summary available | Description: No description available,UK_Parliament_Bills_Enriched_Corpus,0.55,14.8
2574,2021-05-05T00:00:00Z,Immigration Control (Gross Human Rights Abuses) Bill [HL],Title: Immigration Control (Gross Human Rights Abuses) Bill [HL] | Summary: No summary available | Description: No description available,UK_Parliament_Bills_Enriched_Corpus,-0.7,17.28
2802,2021-05-05T00:00:00Z,Jet Skis (Licensing) Bill,Title: Jet Skis (Licensing) Bill | Summary: No summary available | Description: No description available,UK_Parliament_Bills_Enriched_Corpus,0.8,15.43
2680,2021-05-05T00:00:00Z,Judicial Appointments and Retirements (Age Limits) Bill,Title: Judicial Appointments and Retirements (Age Limits) Bill | Summary: No summary available | Description: No description available,UK_Parliament_Bills_Enriched_Corpus,0.3,17.65
2716,2021-05-05T00:00:00Z,June Bank Holiday (Creation) Bill,Title: June Bank Holiday (Creation) Bill | Summary: No summary available | Description: No description available,UK_Parliament_Bills_Enriched_Corpus,1.6,16.46
2842,2021-05-05T00:00:00Z,Landfill Sites (Odorous Emissions) Bill,Title: Landfill Sites (Odorous Emissions) Bill | Summary: No summary available | Description: No description available,UK_Parliament_Bills_Enriched_Corpus,0.2,17.2
2669,2021-05-05T00:00:00Z,Local Authorities (Borrowing and Investment) Bill,Title: Local Authorities (Borrowing and Investment) Bill | Summary: No summary available | Description: No description available,UK_Parliament_Bills_Enriched_Corpus,0.8,18.8
2596,2021-05-05T00:00:00Z,Local Authorities (Transport Powers) Bill [HL],Title: Local Authorities (Transport Powers) Bill [HL] | Summary: No summary available | Description: No description available,UK_Parliament_Bills_Enriched_Corpus,0.8,17.42
2696,2021-05-05T00:00:00Z,Local Government (Governance) Bill,Title: Local Government (Governance) Bill | Summary: No summary available | Description: No description available,UK_Parliament_Bills_Enriched_Corpus,0.3,17.79
2673,2021-05-05T00:00:00Z,Local Roads (Investment) Bill,Title: Local Roads (Investment) Bill | Summary: No summary available | Description: No description available,UK_Parliament_Bills_Enriched_Corpus,0.8,16.22
2825,2021-05-05T00:00:00Z,Local Welfare Assistance Provision (Review) Bill,Title: Local Welfare Assistance Provision (Review) Bill | Summary: No summary available | Description: No description available,UK_Parliament_Bills_Enriched_Corpus,1.6,18.11
2759,2021-05-05T00:00:00Z,Magistrates (Retirement Age) Bill,Title: Magistrates (Retirement Age) Bill | Summary: No summary available | Description: No description available,UK_Parliament_Bills_Enriched_Corpus,0.8,17.79
2537,2021-05-05T00:00:00Z,Marriage (Approved Organisations) Bill [HL],Title: Marriage (Approved Organisations) Bill [HL] | Summary: No summary available | Description: No description available,UK_Parliament_Bills_Enriched_Corpus,2.4,17.94
2795,2021-05-05T00:00:00Z,Marriage (Authorised Belief Organisations) Bill,Title: Marriage (Authorised Belief Organisations) Bill | Summary: No summary available | Description: No description available,UK_Parliament_Bills_Enriched_Corpus,1.4,20.15
2584,2021-05-05T00:00:00Z,Marriage and Civil Partnership (Minimum Age) Bill [HL],Title: Marriage and Civil Partnership (Minimum Age) Bill [HL] | Summary: No summary available | Description: No description available,UK_Parliament_Bills_Enriched_Corpus,3,16.66
2787,2021-05-05T00:00:00Z,Marriage and Civil Partnership (Minimum Age) (No.2) Bill,Title: Marriage and Civil Partnership (Minimum Age) (No.2) Bill | Summary: No summary available | Description: No description available,UK_Parliament_Bills_Enriched_Corpus,3,16.4
2635,2021-05-05T00:00:00Z,Meat (Grading and Labelling) Bill,Title: Meat (Grading and Labelling) Bill | Summary: No summary available | Description: No description available,UK_Parliament_Bills_Enriched_Corpus,0.8,15.73
2675,2021-05-05T00:00:00Z,Mobile Homes and Park Homes Bill,Title: Mobile Homes and Park Homes Bill | Summary: No summary available | Description: No description available,UK_Parliament_Bills_Enriched_Corpus,0.8,13.95
2756,2021-05-05T00:00:00Z,New Homes (New Development Standards) Bill,Title: New Homes (New Development Standards) Bill | Summary: No summary available | Description: No description available,UK_Parliament_Bills_Enriched_Corpus,1.6,16.03
2732,2021-05-05T00:00:00Z,Non-Domestic Rating (Lists) Bill [HL],Title: Non-Domestic Rating (Lists) Bill [HL] | Summary: No summary available | Description: No description available,UK_Parliament_Bills_Enriched_Corpus,0.8,15.33
2763,2021-05-05T00:00:00Z,Non-gender-specific Passports Bill,Title: Non-gender-specific Passports Bill | Summary: No summary available | Description: No description available,UK_Parliament_Bills_Enriched_Corpus,0.8,16.46
2703,2021-05-05T00:00:00Z,Office for Science Quality Assessment Bill [HL],Title: Office for Science Quality Assessment Bill [HL] | Summary: No summary available | Description: No description available,UK_Parliament_Bills_Enriched_Corpus,0.8,17
2779,2021-05-05T00:00:00Z,Overseas Development Assistance Committee Bill,Title: Overseas Development Assistance Committee Bill | Summary: No summary available | Description: No description available,UK_Parliament_Bills_Enriched_Corpus,1.6,20.15
2727,2021-05-05T00:00:00Z,Overseas Operations (Service Personnel and Veterans) Act 2021,Title: Overseas Operations (Service Personnel and Veterans) Act 2021 | Summary: No summary available | Description: No description available,UK_Parliament_Bills_Enriched_Corpus,0.8,19.15
2563,2021-05-05T00:00:00Z,Pavement Parking Bill [HL],Title: Pavement Parking Bill [HL] | Summary: No summary available | Description: No description available,UK_Parliament_Bills_Enriched_Corpus,0.8,15.43
2612,2021-05-05T00:00:00Z,Period Products (Free Provision) Bill [HL],Title: Period Products (Free Provision) Bill [HL] | Summary: No summary available | Description: No description available,UK_Parliament_Bills_Enriched_Corpus,1.3,16.72
2844,2021-05-05T00:00:00Z,Pig Husbandry (Farrowing) Bill,Title: Pig Husbandry (Farrowing) Bill | Summary: No summary available | Description: No description available,UK_Parliament_Bills_Enriched_Corpus,0.3,17.01
2853,2021-05-05T00:00:00Z,Planning (Local Authority Housing Developments) Bill,Title: Planning (Local Authority Housing Developments) Bill | Summary: No summary available | Description: No description available,UK_Parliament_Bills_Enriched_Corpus,1.55,19.5
2597,2021-05-05T00:00:00Z,Police Conduct (Operation Conifer) Bill [HL],Title: Police Conduct (Operation Conifer) Bill [HL] | Summary: No summary available | Description: No description available,UK_Parliament_Bills_Enriched_Corpus,0.55,18.11
2754,2021-05-05T00:00:00Z,Police Stop and Search (Repeal) Bill,Title: Police Stop and Search (Repeal) Bill | Summary: No summary available | Description: No description available,UK_Parliament_Bills_Enriched_Corpus,0.15,14.64
2619,2021-05-05T00:00:00Z,Policing Resources Bill [HL],Title: Policing Resources Bill [HL] | Summary: No summary available | Description: No description available,UK_Parliament_Bills_Enriched_Corpus,1.05,17.01
2688,2021-05-05T00:00:00Z,Prime Minister (Accountability to the House of Commons) Bill,Title: Prime Minister (Accountability to the House of Commons) Bill | Summary: No summary available | Description: No description available,UK_Parliament_Bills_Enriched_Corpus,1.7,17.58
2626,2021-05-05T00:00:00Z,Prisons (Substance Testing) Act 2021,Title: Prisons (Substance Testing) Act 2021 | Summary: No summary available | Description: No description available,UK_Parliament_Bills_Enriched_Corpus,0.8,15.73
2785,2021-05-05T00:00:00Z,Problem Drug Use Bill,Title: Problem Drug Use Bill | Summary: No summary available | Description: No description available,UK_Parliament_Bills_Enriched_Corpus,-0.05,14.65
2555,2021-05-05T00:00:00Z,Property Boundaries (Resolution of Disputes) Bill [HL],Title: Property Boundaries (Resolution of Disputes) Bill [HL] | Summary: No summary available | Description: No description available,UK_Parliament_Bills_Enriched_Corpus,0.2,18.31
2723,2021-05-05T00:00:00Z,Protest (Abortion Clinics) Bill,Title: Protest (Abortion Clinics) Bill | Summary: No summary available | Description: No description available,UK_Parliament_Bills_Enriched_Corpus,-0.5,17.01
2614,2021-05-05T00:00:00Z,Provision of Personal Care Bill [HL],Title: Provision of Personal Care Bill [HL] | Summary: No summary available | Description: No description available,UK_Parliament_Bills_Enriched_Corpus,1.8,16.03
2606,2021-05-05T00:00:00Z,Public Contracts (Modern Slavery) Bill [HL],Title: Public Contracts (Modern Slavery) Bill [HL] | Summary: No summary available | Description: No description available,UK_Parliament_Bills_Enriched_Corpus,0.65,16.72
2630,2021-05-05T00:00:00Z,Public Interest Disclosure (Protection) Bill,Title: Public Interest Disclosure (Protection) Bill | Summary: No summary available | Description: No description available,UK_Parliament_Bills_Enriched_Corpus,2.1,18.68
2654,2021-05-05T00:00:00Z,Public Service Broadcasters (Privatisation) Bill,Title: Public Service Broadcasters (Privatisation) Bill | Summary: No summary available | Description: No description available,UK_Parliament_Bills_Enriched_Corpus,0.8,19.41
2671,2021-05-05T00:00:00Z,Public Services (Availability) Bill,Title: Public Services (Availability) Bill | Summary: No summary available | Description: No description available,UK_Parliament_Bills_Enriched_Corpus,0.8,20.15
2773,2021-05-05T00:00:00Z,Recall of MPs (Change of Party Affiliation) Bill,Title: Recall of MPs (Change of Party Affiliation) Bill | Summary: No summary available | Description: No description available,UK_Parliament_Bills_Enriched_Corpus,0.8,16.66
2532,2021-05-05T00:00:00Z,Referendums Criteria Bill [HL],Title: Referendums Criteria Bill [HL] | Summary: No summary available | Description: No description available,UK_Parliament_Bills_Enriched_Corpus,0.8,18.58
2575,2021-05-05T00:00:00Z,Rented Homes Bill [HL],Title: Rented Homes Bill [HL] | Summary: No summary available | Description: No description available,UK_Parliament_Bills_Enriched_Corpus,0.8,14.65
2602,2021-05-05T00:00:00Z,Right to Die at Home Bill [HL],Title: Right to Die at Home Bill [HL] | Summary: No summary available | Description: No description available,UK_Parliament_Bills_Enriched_Corpus,0.85,13.06
2623,2021-05-05T00:00:00Z,School Admissions for Children Adopted from Overseas Bill [HL],Title: School Admissions for Children Adopted from Overseas Bill [HL] | Summary: No summary available | Description: No description available,UK_Parliament_Bills_Enriched_Corpus,0.8,16.99
2559,2021-05-05T00:00:00Z,School Holiday Open Days Bill [HL],Title: School Holiday Open Days Bill [HL] | Summary: No summary available | Description: No description available,UK_Parliament_Bills_Enriched_Corpus,1.6,15.33
2813,2021-05-05T00:00:00Z,Sexual Exploitation Bill,Title: Sexual Exploitation Bill | Summary: No summary available | Description: No description available,UK_Parliament_Bills_Enriched_Corpus,-0.2,18.53
2750,2021-05-05T00:00:00Z,Sexual Offences (Sports Coaches) Bill,Title: Sexual Offences (Sports Coaches) Bill | Summary: No summary available | Description: No description available,UK_Parliament_Bills_Enriched_Corpus,0.8,17.2
2568,2021-05-05T00:00:00Z,Small Business Commissioner and Late Payments etc Bill [HL],Title: Small Business Commissioner and Late Payments etc Bill [HL] | Summary: No summary available | Description: No description available,UK_Parliament_Bills_Enriched_Corpus,0.55,17.58
2679,2021-05-05T00:00:00Z,Speed Limits (England) Bill,Title: Speed Limits (England) Bill | Summary: No summary available | Description: No description available,UK_Parliament_Bills_Enriched_Corpus,0.55,15.43
2678,2021-05-05T00:00:00Z,Stamp Duty Bill,Title: Stamp Duty Bill | Summary: No summary available | Description: No description available,UK_Parliament_Bills_Enriched_Corpus,0.8,15.16
2573,2021-05-05T00:00:00Z,Storage Period for Gametes Bill [HL],Title: Storage Period for Gametes Bill [HL] | Summary: No summary available | Description: No description available,UK_Parliament_Bills_Enriched_Corpus,0.8,16.72
2677,2021-05-05T00:00:00Z,Student Loans (Debt Discharge) Bill,Title: Student Loans (Debt Discharge) Bill | Summary: No summary available | Description: No description available,UK_Parliament_Bills_Enriched_Corpus,-0.2,14.99
2650,2021-05-05T00:00:00Z,Student Loans (Debt Interest) Bill,Title: Student Loans (Debt Interest) Bill | Summary: No summary available | Description: No description available,UK_Parliament_Bills_Enriched_Corpus,0.55,15.73
2676,2021-05-05T00:00:00Z,Sublet Property (Offences) Bill,Title: Sublet Property (Offences) Bill | Summary: No summary available | Description: No description available,UK_Parliament_Bills_Enriched_Corpus,0.8,17.79
2805,2021-05-05T00:00:00Z,Supported Accommodation Bill,Title: Supported Accommodation Bill | Summary: No summary available | Description: No description available,UK_Parliament_Bills_Enriched_Corpus,1.95,19.37
2585,2021-05-05T00:00:00Z,Traffic Management (Approved Devices) Bill [HL],Title: Traffic Management (Approved Devices) Bill [HL] | Summary: No summary available | Description: No description available,UK_Parliament_Bills_Enriched_Corpus,2.2,17.42
2611,2021-05-05T00:00:00Z,Unaccompanied Asylum Seeking Children (Legal Advice and Appeals) Bill [HL],Title: Unaccompanied Asylum Seeking Children (Legal Advice and Appeals) Bill [HL] | Summary: No summary available | Description: No description available,UK_Parliament_Bills_Enriched_Corpus,1.05,19.01
2562,2021-05-05T00:00:00Z,Unconscionable Conduct in Commerce Bill [HL],Title: Unconscionable Conduct in Commerce Bill [HL] | Summary: No summary available | Description: No description available,UK_Parliament_Bills_Enriched_Corpus,-0.2,17.42
2540,2021-05-05T00:00:00Z,Unpaid Work Experience (Prohibition) Bill [HL],Title: Unpaid Work Experience (Prohibition) Bill [HL] | Summary: No summary available | Description: No description available,UK_Parliament_Bills_Enriched_Corpus,-0.75,18.11
2576,2021-05-05T00:00:00Z,"Victims of Crime (Rights, Entitlements, and Notification of Child Sexual Abuse) Bill [HL]","Title: Victims of Crime (Rights, Entitlements, and Notification of Child Sexual Abuse) Bill [HL] | Summary: No summary available | Description: No description available",UK_Parliament_Bills_Enriched_Corpus,-1.1,18.35
2818,2021-05-04T00:00:00Z,Abolition of Business Rates Bill,Title: Abolition of Business Rates Bill | Summary: No summary available | Description: No description available,UK_Parliament_Bills_Enriched_Corpus,0.8,16.46
2743,2021-05-04T00:00:00Z,"Abortion (Cleft Lip, Cleft Palate and Clubfoot) Bill","Title: Abortion (Cleft Lip, Cleft Palate and Clubfoot) Bill | Summary: No summary available | Description: No description available",UK_Parliament_Bills_Enriched_Corpus,0,15.42
2828,2021-05-04T00:00:00Z,Air Quality Bill,Title: Air Quality Bill | Summary: No summary available | Description: No description available,UK_Parliament_Bills_Enriched_Corpus,0.8,16
2622,2021-05-04T00:00:00Z,Animal Welfare (Sentencing) Act 2021,Title: Animal Welfare (Sentencing) Act 2021 | Summary: No summary available | Description: No description available,UK_Parliament_Bills_Enriched_Corpus,0.55,17.2
2645,2021-05-04T00:00:00Z,Anxiety (Environmental Concerns) Bill,Title: Anxiety (Environmental Concerns) Bill | Summary: No summary available | Description: No description available,UK_Parliament_Bills_Enriched_Corpus,-0.8,20.15
2642,2021-05-04T00:00:00Z,Anxiety in Schools (Environmental Concerns) Bill,Title: Anxiety in Schools (Environmental Concerns) Bill | Summary: No summary available | Description: No description available,UK_Parliament_Bills_Enriched_Corpus,-0.8,18.8
2809,2021-05-04T00:00:00Z,Apologies Bill,Title: Apologies Bill | Summary: No summary available | Description: No description available,UK_Parliament_Bills_Enriched_Corpus,0.8,17.62
2816,2021-05-04T00:00:00Z,Arms (Exports and Remote Warfare) Bill,Title: Arms (Exports and Remote Warfare) Bill | Summary: No summary available | Description: No description available,UK_Parliament_Bills_Enriched_Corpus,0.3,15.33
2725,2021-05-04T00:00:00Z,Assaults on Retail Workers (Offences) Bill,Title: Assaults on Retail Workers (Offences) Bill | Summary: No summary available | Description: No description available,UK_Parliament_Bills_Enriched_Corpus,0.8,16.72
2749,2021-05-04T00:00:00Z,Automatic Electoral Registration Bill,Title: Automatic Electoral Registration Bill | Summary: No summary available | Description: No description available,UK_Parliament_Bills_Enriched_Corpus,0.8,20.94
2812,2021-05-04T00:00:00Z,BBC (Transparency) Bill,Title: BBC (Transparency) Bill | Summary: No summary available | Description: No description available,UK_Parliament_Bills_Enriched_Corpus,0.8,18.53
2655,2021-05-04T00:00:00Z,BBC Licence Fee (Civil Penalty) Bill,Title: BBC Licence Fee (Civil Penalty) Bill | Summary: No summary available | Description: No description available,UK_Parliament_Bills_Enriched_Corpus,0.25,17.42
2670,2021-05-04T00:00:00Z,Benefits and Public Services (Restriction) Bill,Title: Benefits and Public Services (Restriction) Bill | Summary: No summary available | Description: No description available,UK_Parliament_Bills_Enriched_Corpus,1.05,18.11
2661,2021-05-04T00:00:00Z,Border Control Bill,Title: Border Control Bill | Summary: No summary available | Description: No description available,UK_Parliament_Bills_Enriched_Corpus,0.8,16
2689,2021-05-04T00:00:00Z,British Broadcasting Corporation (Oversight) Bill,Title: British Broadcasting Corporation (Oversight) Bill | Summary: No summary available | Description: No description available,UK_Parliament_Bills_Enriched_Corpus,0.05,19.41
2786,2021-05-04T00:00:00Z,Business Standards Bill,Title: Business Standards Bill | Summary: No summary available | Description: No description available,UK_Parliament_Bills_Enriched_Corpus,0.8,16
2771,2021-05-04T00:00:00Z,Cash Machines Bill,Title: Cash Machines Bill | Summary: No summary available | Description: No description available,UK_Parliament_Bills_Enriched_Corpus,1.2,15.16
2692,2021-05-04T00:00:00Z,Child Safety (Cycle Helmets) Bill,Title: Child Safety (Cycle Helmets) Bill | Summary: No summary available | Description: No description available,UK_Parliament_Bills_Enriched_Corpus,2.2,15.73
2627,2021-05-04T00:00:00Z,Control of Roadworks Bill,Title: Control of Roadworks Bill | Summary: No summary available | Description: No description available,UK_Parliament_Bills_Enriched_Corpus,0.8,15.43
2788,2021-05-04T00:00:00Z,Conveyancing Standards Bill,Title: Conveyancing Standards Bill | Summary: No summary available | Description: No description available,UK_Parliament_Bills_Enriched_Corpus,0.8,16.84
2617,2021-05-04T00:00:00Z,Co-operative and Community Benefit Societies (Environmentally Sustainable Investment) Bill,Title: Co-operative and Community Benefit Societies (Environmentally Sustainable Investment) Bill | Summary: No summary available | Description: No description available,UK_Parliament_Bills_Enriched_Corpus,3.65,24.63
2846,2021-05-04T00:00:00Z,Coronavirus (No. 2) Bill,Title: Coronavirus (No. 2) Bill | Summary: No summary available | Description: No description available,UK_Parliament_Bills_Enriched_Corpus,0.8,14.08
2768,2021-05-04T00:00:00Z,Coronavirus Inquiry Bill,Title: Coronavirus Inquiry Bill | Summary: No summary available | Description: No description available,UK_Parliament_Bills_Enriched_Corpus,0.8,19.37
2832,2021-05-04T00:00:00Z,Covid-19 Financial Assistance (Gaps in Support) Bill,Title: Covid-19 Financial Assistance (Gaps in Support) Bill | Summary: No summary available | Description: No description available,UK_Parliament_Bills_Enriched_Corpus,2.1,16.66
2682,2021-05-04T00:00:00Z,Criminal Fraud (Private Prosecutions) Bill,Title: Criminal Fraud (Private Prosecutions) Bill | Summary: No summary available | Description: No description available,UK_Parliament_Bills_Enriched_Corpus,-0.7,17.94
2755,2021-05-04T00:00:00Z,Demonstrations (Abortion Clinics) Bill,Title: Demonstrations (Abortion Clinics) Bill | Summary: No summary available | Description: No description available,UK_Parliament_Bills_Enriched_Corpus,0,18.58
2765,2021-05-04T00:00:00Z,Disabled Facilities Grants (Review) Bill,Title: Disabled Facilities Grants (Review) Bill | Summary: No summary available | Description: No description available,UK_Parliament_Bills_Enriched_Corpus,0.65,17.94
2804,2021-05-04T00:00:00Z,Doctors and Nurses (Developing Countries) Bill,Title: Doctors and Nurses (Developing Countries) Bill | Summary: No summary available | Description: No description available,UK_Parliament_Bills_Enriched_Corpus,0.8,17.42
2791,2021-05-04T00:00:00Z,Dogs and Domestic Animals (Accommodation and Protection) Bill,Title: Dogs and Domestic Animals (Accommodation and Protection) Bill | Summary: No summary available | Description: No description available,UK_Parliament_Bills_Enriched_Corpus,1.75,19.15
2824,2021-05-04T00:00:00Z,Driving Tests (Repayment of Test Fees) Bill,Title: Driving Tests (Repayment of Test Fees) Bill | Summary: No summary available | Description: No description available,UK_Parliament_Bills_Enriched_Corpus,0.8,15.03
2790,2021-05-04T00:00:00Z,Election Candidates (All-ethnic-minority Shortlists) Bill,Title: Election Candidates (All-ethnic-minority Shortlists) Bill | Summary: No summary available | Description: No description available,UK_Parliament_Bills_Enriched_Corpus,0.8,18.96
2744,2021-05-04T00:00:00Z,Employment (Dismissal and Re-employment) Bill,Title: Employment (Dismissal and Re-employment) Bill | Summary: No summary available | Description: No description available,UK_Parliament_Bills_Enriched_Corpus,0.3,17.42
2798,2021-05-04T00:00:00Z,Employment (Dismissal and Re-employment) (No. 2) Bill,Title: Employment (Dismissal and Re-employment) (No. 2) Bill | Summary: No summary available | Description: No description available,UK_Parliament_Bills_Enriched_Corpus,0.3,12.96
2746,2021-05-04T00:00:00Z,Employment (Reasonable Adjustments for Carers) Bill,Title: Employment (Reasonable Adjustments for Carers) Bill | Summary: No summary available | Description: No description available,UK_Parliament_Bills_Enriched_Corpus,1.7,18.8
2793,2021-05-04T00:00:00Z,Equal Pay (Information and Claims) Bill,Title: Equal Pay (Information and Claims) Bill | Summary: No summary available | Description: No description available,UK_Parliament_Bills_Enriched_Corpus,1.1,16.03
2830,2021-05-04T00:00:00Z,Essay Mills (Prohibition) Bill,Title: Essay Mills (Prohibition) Bill | Summary: No summary available | Description: No description available,UK_Parliament_Bills_Enriched_Corpus,-0.2,17.01
2704,2021-05-04T00:00:00Z,European Citizens’ Rights Bill,Title: European Citizens’ Rights Bill | Summary: No summary available | Description: No description available,UK_Parliament_Bills_Enriched_Corpus,0.8,17.79
2751,2021-05-04T00:00:00Z,European Union (Withdrawal Agreement) (Extension) Bill,Title: European Union (Withdrawal Agreement) (Extension) Bill | Summary: No summary available | Description: No description available,UK_Parliament_Bills_Enriched_Corpus,1.3,20.19
2742,2021-05-04T00:00:00Z,European Union Withdrawal (Implementation Period) Bill,Title: European Union Withdrawal (Implementation Period) Bill | Summary: No summary available | Description: No description available,UK_Parliament_Bills_Enriched_Corpus,0.8,21.58
2697,2021-05-04T00:00:00Z,Evictions (Universal Credit Claimants) Bill,Title: Evictions (Universal Credit Claimants) Bill | Summary: No summary available | Description: No description available,UK_Parliament_Bills_Enriched_Corpus,1.6,18.68
2730,2021-05-04T00:00:00Z,Fire Safety Act 2021,Title: Fire Safety Act 2021 | Summary: No summary available | Description: No description available,UK_Parliament_Bills_Enriched_Corpus,1.35,15.43
2796,2021-05-04T00:00:00Z,Food Labelling (Environmental Sustainability) Bill,Title: Food Labelling (Environmental Sustainability) Bill | Summary: No summary available | Description: No description available,UK_Parliament_Bills_Enriched_Corpus,2.2,21.63
2662,2021-05-04T00:00:00Z,Foreign Nationals (Criminal Offender and Prisoner Removal) Bill,Title: Foreign Nationals (Criminal Offender and Prisoner Removal) Bill | Summary: No summary available | Description: No description available,UK_Parliament_Bills_Enriched_Corpus,-1.95,19.77
2663,2021-05-04T00:00:00Z,Free Trade (Education and Reporting) Bill,Title: Free Trade (Education and Reporting) Bill | Summary: No summary available | Description: No description available,UK_Parliament_Bills_Enriched_Corpus,1.3,16.72
2820,2021-05-04T00:00:00Z,Freedom of Speech (Universities) Bill,Title: Freedom of Speech (Universities) Bill | Summary: No summary available | Description: No description available,UK_Parliament_Bills_Enriched_Corpus,1.8,17.2
2854,2021-05-04T00:00:00Z,Fur Trade (Prohibition) Bill,Title: Fur Trade (Prohibition) Bill | Summary: No summary available | Description: No description available,UK_Parliament_Bills_Enriched_Corpus,-0.2,16.22
2848,2021-05-04T00:00:00Z,Gaming Hardware (Automated Purchase and Resale) (No. 2) Bill,Title: Gaming Hardware (Automated Purchase and Resale) (No. 2) Bill | Summary: No summary available | Description: No description available,UK_Parliament_Bills_Enriched_Corpus,1.05,13.09
2724,2021-05-04T00:00:00Z,Gender-based Pricing (Prohibition) Bill,Title: Gender-based Pricing (Prohibition) Bill | Summary: No summary available | Description: No description available,UK_Parliament_Bills_Enriched_Corpus,-0.2,17.2
2845,2021-05-04T00:00:00Z,Goods and Services of UK Origin Bill,Title: Goods and Services of UK Origin Bill | Summary: No summary available | Description: No description available,UK_Parliament_Bills_Enriched_Corpus,1.4,16.34
2719,2021-05-04T00:00:00Z,Hate Crime (Misandry and Misogyny) Bill,Title: Hate Crime (Misandry and Misogyny) Bill | Summary: No summary available | Description: No description available,UK_Parliament_Bills_Enriched_Corpus,-0.7,16.72
2855,2021-05-04T00:00:00Z,High-rise Properties (Electrical Safety) Bill,Title: High-rise Properties (Electrical Safety) Bill | Summary: No summary available | Description: No description available,UK_Parliament_Bills_Enriched_Corpus,1.6,17.42
2702,2021-05-04T00:00:00Z,Hong Kong Bill,Title: Hong Kong Bill | Summary: No summary available | Description: No description available,UK_Parliament_Bills_Enriched_Corpus,0.8,14.31
2777,2021-05-04T00:00:00Z,Houses in Multiple Occupation Bill,Title: Houses in Multiple Occupation Bill | Summary: No summary available | Description: No description available,UK_Parliament_Bills_Enriched_Corpus,0.9,17.94
2840,2021-05-04T00:00:00Z,Housing and Homelessness (Local Accommodation Duty) Bill,Title: Housing and Homelessness (Local Accommodation Duty) Bill | Summary: No summary available | Description: No description available,UK_Parliament_Bills_Enriched_Corpus,1.2,18.96
2653,2021-05-04T00:00:00Z,Human Rights and Responsibilities Bill,Title: Human Rights and Responsibilities Bill | Summary: No summary available | Description: No description available,UK_Parliament_Bills_Enriched_Corpus,0.8,17.94
2715,2021-05-04T00:00:00Z,International Development (Women’s Sanitary Products) Bill,Title: International Development (Women’s Sanitary Products) Bill | Summary: No summary available | Description: No description available,UK_Parliament_Bills_Enriched_Corpus,1.4,21.58
2664,2021-05-04T00:00:00Z,International Development Assistance (Definition) Bill,Title: International Development Assistance (Definition) Bill | Summary: No summary available | Description: No description available,UK_Parliament_Bills_Enriched_Corpus,1.6,22.36
2668,2021-05-04T00:00:00Z,International Payments (Audit) Bill,Title: International Payments (Audit) Bill | Summary: No summary available | Description: No description available,UK_Parliament_Bills_Enriched_Corpus,0.8,18.58
2821,2021-05-04T00:00:00Z,Internet Access Bill,Title: Internet Access Bill | Summary: No summary available | Description: No description available,UK_Parliament_Bills_Enriched_Corpus,0.8,16.84
2694,2021-05-04T00:00:00Z,Isham Bypass Bill,Title: Isham Bypass Bill | Summary: No summary available | Description: No description available,UK_Parliament_Bills_Enriched_Corpus,0.8,16
2726,2021-05-04T00:00:00Z,Non-Domestic Rating (Public Lavatories) Act 2021,Title: Non-Domestic Rating (Public Lavatories) Act 2021 | Summary: No summary available | Description: No description available,UK_Parliament_Bills_Enriched_Corpus,0.8,17.65
2729,2021-05-04T00:00:00Z,Trade Act 2021,Title: Trade Act 2021 | Summary: No summary available | Description: No description available,UK_Parliament_Bills_Enriched_Corpus,0.8,14.31
2722,2021-04-29T00:00:00Z,Finance Act 2020,Title: Finance Act 2020 | Summary: No summary available | Description: No description available,UK_Parliament_Bills_Enriched_Corpus,0.8,15.16
1995,2021-04-26T00:00:00Z,Asset Freezing (Compensation) Bill [HL],Title: Asset Freezing (Compensation) Bill [HL] | Summary: No summary available | Description: No description available,UK_Parliament_Bills_Enriched_Corpus,0.55,17.2
2410,2021-04-23T00:00:00Z,Birmingham Commonwealth Games Bill [HL],Title: Birmingham Commonwealth Games Bill [HL] | Summary: No summary available | Description: No description available,UK_Parliament_Bills_Enriched_Corpus,0.8,16.46
2707,2021-04-23T00:00:00Z,Private International Law (Implementation of Agreements) Act 2020,Title: Private International Law (Implementation of Agreements) Act 2020 | Summary: No summary available | Description: No description available,UK_Parliament_Bills_Enriched_Corpus,0.8,19.77
215,2021-04-09T00:00:00Z,Canterbury City Council Act 2013,Title: Canterbury City Council Act 2013 | Summary: No summary available | Description: No description available,UK_Parliament_Bills_Enriched_Corpus,1.2,17.2
798,2021-04-09T00:00:00Z,City of London (Various Powers) 2013,Title: City of London (Various Powers) 2013 | Summary: No summary available | Description: No description available,UK_Parliament_Bills_Enriched_Corpus,0.8,16.72
1981,2021-04-08T00:00:00Z,Child Maintenance (Assessment of Parents’ Income) Bill,Title: Child Maintenance (Assessment of Parents’ Income) Bill | Summary: No summary available | Description: No description available,UK_Parliament_Bills_Enriched_Corpus,1.4,17
2752,2021-03-24T00:00:00Z,Desecration of War Memorials Bill,Title: Desecration of War Memorials Bill | Summary: No summary available | Description: No description available,UK_Parliament_Bills_Enriched_Corpus,-0.7,17.94
2739,2021-03-23T00:00:00Z,Corporate Insolvency and Governance Act 2020,Title: Corporate Insolvency and Governance Act 2020 | Summary: No summary available | Description: No description available,UK_Parliament_Bills_Enriched_Corpus,0,18.11
642,2021-03-18T00:00:00Z,Academies Act 2010,Title: Academies Act 2010 | Summary: No summary available | Description: No description available,UK_Parliament_Bills_Enriched_Corpus,0.8,16.84
983,2021-03-18T00:00:00Z,Defamation Act,Title: Defamation Act | Summary: No summary available | Description: No description available,UK_Parliament_Bills_Enriched_Corpus,0.3,17.62
357,2021-03-17T00:00:00Z,City of Westminster Bill [HL],Title: City of Westminster Bill [HL] | Summary: No summary available | Description: No description available,UK_Parliament_Bills_Enriched_Corpus,0.8,15.73
2827,2021-03-17T00:00:00Z,Gaming Hardware (Automated Purchase and Resale) Bill,Title: Gaming Hardware (Automated Purchase and Resale) Bill | Summary: No summary available | Description: No description available,UK_Parliament_Bills_Enriched_Corpus,1.05,17.65
2838,2021-03-16T00:00:00Z,Contingencies Fund Act 2021,Title: Contingencies Fund Act 2021 | Summary: No summary available | Description: No description available,UK_Parliament_Bills_Enriched_Corpus,0.8,16.22
2774,2021-03-16T00:00:00Z,Non-Domestic Rating (Lists) Act 2021,Title: Non-Domestic Rating (Lists) Act 2021 | Summary: No summary available | Description: No description available,UK_Parliament_Bills_Enriched_Corpus,0.8,15.33
2841,2021-03-16T00:00:00Z,Supply and Appropriation (Anticipation and Adjustments) Act 2021,Title: Supply and Appropriation (Anticipation and Adjustments) Act 2021 | Summary: No summary available | Description: No description available,UK_Parliament_Bills_Enriched_Corpus,1.05,19.77
2767,2021-03-12T00:00:00Z,Death by Dangerous Driving (Sentencing) Bill,Title: Death by Dangerous Driving (Sentencing) Bill | Summary: No summary available | Description: No description available,UK_Parliament_Bills_Enriched_Corpus,-0.7,16.72
2714,2021-03-12T00:00:00Z,Immigration and Social Security Co-ordination (EU Withdrawal) Act 2020,Title: Immigration and Social Security Co-ordination (EU Withdrawal) Act 2020 | Summary: No summary available | Description: No description available,UK_Parliament_Bills_Enriched_Corpus,1.2,19.57
1414,2021-03-08T00:00:00Z,European Union (Referendum) Bill,Title: European Union (Referendum) Bill | Summary: No summary available | Description: No description available,UK_Parliament_Bills_Enriched_Corpus,0.8,19.37
2480,2021-03-04T00:00:00Z,Air Traffic Management and Unmanned Aircraft Bill [HL],Title: Air Traffic Management and Unmanned Aircraft Bill [HL] | Summary: No summary available | Description: No description available,UK_Parliament_Bills_Enriched_Corpus,1.2,16.04
2826,2021-03-04T00:00:00Z,Ministerial and other Maternity Allowances Act 2021,Title: Ministerial and other Maternity Allowances Act 2021 | Summary: No summary available | Description: No description available,UK_Parliament_Bills_Enriched_Corpus,1.4,20.27
2814,2021-03-04T00:00:00Z,Trade (Disclosure of Information) Act 2020,Title: Trade (Disclosure of Information) Act 2020 | Summary: No summary available | Description: No description available,UK_Parliament_Bills_Enriched_Corpus,1.2,16.72
2783,2021-03-02T00:00:00Z,Covert Human Intelligence Sources (Criminal Conduct) Act 2021,Title: Covert Human Intelligence Sources (Criminal Conduct) Act 2021 | Summary: No summary available | Description: No description available,UK_Parliament_Bills_Enriched_Corpus,0.55,18.53
1773,2021-02-22T00:00:00Z,Higher Education and Research Act 2017,Title: Higher Education and Research Act 2017 | Summary: No summary available | Description: No description available,UK_Parliament_Bills_Enriched_Corpus,0.8,16.72
67,2021-02-22T00:00:00Z,Northern Ireland (St Andrews Agreement) Act 2006,Title: Northern Ireland (St Andrews Agreement) Act 2006 | Summary: No summary available | Description: No description available,UK_Parliament_Bills_Enriched_Corpus,1.3,17
84,2021-02-22T00:00:00Z,Parliament (Joint Departments) Act 2007,Title: Parliament (Joint Departments) Act 2007 | Summary: No summary available | Description: No description available,UK_Parliament_Bills_Enriched_Corpus,0.8,16.46
144,2021-02-22T00:00:00Z,Welfare Reform Act 2007,Title: Welfare Reform Act 2007 | Summary: No summary available | Description: No description available,UK_Parliament_Bills_Enriched_Corpus,1.05,15.43
2526,2021-02-12T00:00:00Z,Pension Schemes Act 2021,Title: Pension Schemes Act 2021 | Summary: No summary available | Description: No description available,UK_Parliament_Bills_Enriched_Corpus,0.8,14.65
2817,2020-12-31T00:00:00Z,European Union (Future Relationship) Act 2020,Title: European Union (Future Relationship) Act 2020 | Summary: No summary available | Description: No description available,UK_Parliament_Bills_Enriched_Corpus,0.8,18.8
2775,2020-12-18T00:00:00Z,United Kingdom Internal Market Act 2020,Title: United Kingdom Internal Market Act 2020 | Summary: No summary available | Description: No description available,UK_Parliament_Bills_Enriched_Corpus,1.3,17.42
2738,2020-12-15T00:00:00Z,Parliamentary Constituencies Act 2020,Title: Parliamentary Constituencies Act 2020 | Summary: No summary available | Description: No description available,UK_Parliament_Bills_Enriched_Corpus,0.8,20.15
2781,2020-11-24T00:00:00Z,Social Security (Up-rating of Benefits) Act 2020,Title: Social Security (Up-rating of Benefits) Act 2020 | Summary: No summary available | Description: No description available,UK_Parliament_Bills_Enriched_Corpus,1.8,17.28
2525,2020-11-12T00:00:00Z,Extradition (Provisional Arrest) Act 2020,Title: Extradition (Provisional Arrest) Act 2020 | Summary: No summary available | Description: No description available,UK_Parliament_Bills_Enriched_Corpus,0.3,18.68
2521,2020-11-12T00:00:00Z,Prisoners (Disclosure of Information About Victims) Act 2020,Title: Prisoners (Disclosure of Information About Victims) Act 2020 | Summary: No summary available | Description: No description available,UK_Parliament_Bills_Enriched_Corpus,-0.35,18.53
2717,2020-11-12T00:00:00Z,Sentencing Act 2020,Title: Sentencing Act 2020 | Summary: No summary available | Description: No description available,UK_Parliament_Bills_Enriched_Corpus,0.55,16
2523,2020-09-09T00:00:00Z,Birmingham Commonwealth Games Act 2020,Title: Birmingham Commonwealth Games Act 2020 | Summary: No summary available | Description: No description available,UK_Parliament_Bills_Enriched_Corpus,0.8,16.46
2753,2020-07-24T00:00:00Z,Business and Planning Act 2020,Title: Business and Planning Act 2020 | Summary: No summary available | Description: No description available,UK_Parliament_Bills_Enriched_Corpus,1.05,14.99
2760,2020-07-24T00:00:00Z,Supply and Appropriation (Main Estimates) Act 2020,Title: Supply and Appropriation (Main Estimates) Act 2020 | Summary: No summary available | Description: No description available,UK_Parliament_Bills_Enriched_Corpus,0.8,17.65
2524,2020-06-26T00:00:00Z,"Divorce, Dissolution and Separation Act 2020","Title: Divorce, Dissolution and Separation Act 2020 | Summary: No summary available | Description: No description available",UK_Parliament_Bills_Enriched_Corpus,-1.1,18.11
2522,2020-06-10T00:00:00Z,Windrush Compensation Scheme (Expenditure) Act 2020,Title: Windrush Compensation Scheme (Expenditure) Act 2020 | Summary: No summary available | Description: No description available,UK_Parliament_Bills_Enriched_Corpus,0.45,18.11
560,2020-04-15T00:00:00Z,Third Parties (Rights against Insurers) Act 2010,Title: Third Parties (Rights against Insurers) Act 2010 | Summary: No summary available | Description: No description available,UK_Parliament_Bills_Enriched_Corpus,0.8,15.69
2708,2020-04-02T00:00:00Z,Supply and Appropriation (Anticipation and Adjustments) Act 2020,Title: Supply and Appropriation (Anticipation and Adjustments) Act 2020 | Summary: No summary available | Description: No description available,UK_Parliament_Bills_Enriched_Corpus,1.05,19.77
2735,2020-03-26T00:00:00Z,Contingencies Fund Act 2020,Title: Contingencies Fund Act 2020 | Summary: No summary available | Description: No description available,UK_Parliament_Bills_Enriched_Corpus,0.8,16.22
2641,2020-02-27T00:00:00Z,Terrorist Offenders (Restriction of Early Release) Act 2020,Title: Terrorist Offenders (Restriction of Early Release) Act 2020 | Summary: No summary available | Description: No description available,UK_Parliament_Bills_Enriched_Corpus,-0.95,17.9
2527,2020-01-31T00:00:00Z,Direct Payments to Farmers (Legislative Continuity) Act 2020,Title: Direct Payments to Farmers (Legislative Continuity) Act 2020 | Summary: No summary available | Description: No description available,UK_Parliament_Bills_Enriched_Corpus,1.2,19.15
2517,2020-01-30T00:00:00Z,European Union (Withdrawal Agreement) Act 2020,Title: European Union (Withdrawal Agreement) Act 2020 | Summary: No summary available | Description: No description available,UK_Parliament_Bills_Enriched_Corpus,1.3,18.8
2399,2020-01-16T00:00:00Z,Parliamentary Buildings (Restoration and Renewal) Act 2019,Title: Parliamentary Buildings (Restoration and Renewal) Act 2019 | Summary: No summary available | Description: No description available,UK_Parliament_Bills_Enriched_Corpus,0.9,19.62
2468,2019-11-11T00:00:00Z,Historical Institutional Abuse (Northern Ireland) Act 2019,Title: Historical Institutional Abuse (Northern Ireland) Act 2019 | Summary: No summary available | Description: No description available,UK_Parliament_Bills_Enriched_Corpus,-0.2,20.27
2500,2019-11-08T00:00:00Z,Divorce (etc.) Law Review Bill [HL],Title: Divorce (etc.) Law Review Bill [HL] | Summary: No summary available | Description: No description available,UK_Parliament_Bills_Enriched_Corpus,-0.2,13.41
2465,2019-11-08T00:00:00Z,"Divorce, Dissolution and Separation Bill [HL]","Title: Divorce, Dissolution and Separation Bill [HL] | Summary: No summary available | Description: No description available",UK_Parliament_Bills_Enriched_Corpus,-1.1,18.11
2491,2019-11-08T00:00:00Z,Extradition (Provisional Arrest) Bill [HL],Title: Extradition (Provisional Arrest) Bill [HL] | Summary: No summary available | Description: No description available,UK_Parliament_Bills_Enriched_Corpus,0.3,18.68
2482,2019-11-08T00:00:00Z,Immigration Detention Bill [HL],Title: Immigration Detention Bill [HL] | Summary: No summary available | Description: No description available,UK_Parliament_Bills_Enriched_Corpus,0.3,17.79
2467,2019-11-08T00:00:00Z,Pension Schemes Bill [HL],Title: Pension Schemes Bill [HL] | Summary: No summary available | Description: No description available,UK_Parliament_Bills_Enriched_Corpus,0.8,14.65
2477,2019-11-08T00:00:00Z,Well-being of Future Generations Bill [HL],Title: Well-being of Future Generations Bill [HL] | Summary: No summary available | Description: No description available,UK_Parliament_Bills_Enriched_Corpus,2.2,16.34
2460,2019-11-06T00:00:00Z,Animal Welfare (Sentencing) Bill,Title: Animal Welfare (Sentencing) Bill | Summary: No summary available | Description: No description available,UK_Parliament_Bills_Enriched_Corpus,0.55,17.79
2461,2019-11-06T00:00:00Z,Environment Bill,Title: Environment Bill | Summary: No summary available | Description: No description available,UK_Parliament_Bills_Enriched_Corpus,0.8,17.62
2474,2019-11-06T00:00:00Z,European Union (Withdrawal Agreement) Bill,Title: European Union (Withdrawal Agreement) Bill | Summary: No summary available | Description: No description available,UK_Parliament_Bills_Enriched_Corpus,1.3,19.41
2462,2019-11-06T00:00:00Z,Prisoners (Disclosure of Information About Victims) Bill,Title: Prisoners (Disclosure of Information About Victims) Bill | Summary: No summary available | Description: No description available,UK_Parliament_Bills_Enriched_Corpus,-0.35,18.96
2444,2019-11-04T00:00:00Z,Domestic Abuse Bill,Title: Domestic Abuse Bill | Summary: No summary available | Description: No description available,UK_Parliament_Bills_Enriched_Corpus,-0.45,16.84
2497,2019-11-01T00:00:00Z,Early Parliamentary General Election Act 2019,Title: Early Parliamentary General Election Act 2019 | Summary: No summary available | Description: No description available,UK_Parliament_Bills_Enriched_Corpus,1.2,19.5
2496,2019-11-01T00:00:00Z,Northern Ireland Budget Act 2019,Title: Northern Ireland Budget Act 2019 | Summary: No summary available | Description: No description available,UK_Parliament_Bills_Enriched_Corpus,0.8,16.46
2255,2019-10-22T00:00:00Z,Counter-Terrorism and Border Security Act 2019,Title: Counter-Terrorism and Border Security Act 2019 | Summary: No summary available | Description: No description available,UK_Parliament_Bills_Enriched_Corpus,0.8,18.31
2043,2019-10-09T00:00:00Z,Abortion (Disability Equality) Bill [HL],Title: Abortion (Disability Equality) Bill [HL] | Summary: No summary available | Description: No description available,UK_Parliament_Bills_Enriched_Corpus,0,20.15
2028,2019-10-09T00:00:00Z,Abortion (Foetus Protection) Bill [HL],Title: Abortion (Foetus Protection) Bill [HL] | Summary: No summary available | Description: No description available,UK_Parliament_Bills_Enriched_Corpus,0.8,17.2
2025,2019-10-09T00:00:00Z,Access to Palliative Care Bill [HL],Title: Access to Palliative Care Bill [HL] | Summary: No summary available | Description: No description available,UK_Parliament_Bills_Enriched_Corpus,1.7,16.03
2295,2019-10-09T00:00:00Z,Act of Union Bill [HL],Title: Act of Union Bill [HL] | Summary: No summary available | Description: No description available,UK_Parliament_Bills_Enriched_Corpus,0.8,14.25
2057,2019-10-09T00:00:00Z,Automatic Electoral Registration Bill [HL],Title: Automatic Electoral Registration Bill [HL] | Summary: No summary available | Description: No description available,UK_Parliament_Bills_Enriched_Corpus,0.8,20.15
2023,2019-10-09T00:00:00Z,BBC (Independence) Bill [HL],Title: BBC (Independence) Bill [HL] | Summary: No summary available | Description: No description available,UK_Parliament_Bills_Enriched_Corpus,1.6,17.79
2048,2019-10-09T00:00:00Z,BBC Licence Fee Bill [HL],Title: BBC Licence Fee Bill [HL] | Summary: No summary available | Description: No description available,UK_Parliament_Bills_Enriched_Corpus,0.2,15.73
2396,2019-10-09T00:00:00Z,Census (Return Particulars and Removal of Penalties) Act,Title: Census (Return Particulars and Removal of Penalties) Act | Summary: No summary available | Description: No description available,UK_Parliament_Bills_Enriched_Corpus,0.55,18.53
1999,2019-10-09T00:00:00Z,Democratic Political Activity (Funding and Expenditure) Bill [HL],Title: Democratic Political Activity (Funding and Expenditure) Bill [HL] | Summary: No summary available | Description: No description available,UK_Parliament_Bills_Enriched_Corpus,0.55,21.01
1928,2019-10-09T00:00:00Z,Middle Level Act 2018,Title: Middle Level Act 2018 | Summary: No summary available | Description: No description available,UK_Parliament_Bills_Enriched_Corpus,1.2,15.43
2459,2019-10-09T00:00:00Z,Nurse Staffing Levels Bill,Title: Nurse Staffing Levels Bill | Summary: No summary available | Description: No description available,UK_Parliament_Bills_Enriched_Corpus,0.55,15.43
1929,2019-10-08T00:00:00Z,Richmond Burgage Pastures Bill [HL],Title: Richmond Burgage Pastures Bill [HL] | Summary: No summary available | Description: No description available,UK_Parliament_Bills_Enriched_Corpus,0.8,16.46
2167,2019-10-04T00:00:00Z,Workers (Definition and Rights) Bill,Title: Workers (Definition and Rights) Bill | Summary: No summary available | Description: No description available,UK_Parliament_Bills_Enriched_Corpus,0.8,16.46
2457,2019-10-03T00:00:00Z,Clean Air (No. 3) Bill,Title: Clean Air (No. 3) Bill | Summary: No summary available | Description: No description available,UK_Parliament_Bills_Enriched_Corpus,1.55,10.39
2420,2019-10-01T00:00:00Z,Non-Domestic Rating (Lists) Bill,Title: Non-Domestic Rating (Lists) Bill | Summary: No summary available | Description: No description available,UK_Parliament_Bills_Enriched_Corpus,0.8,15.73
2172,2019-09-26T00:00:00Z,Trade Bill,Title: Trade Bill | Summary: No summary available | Description: No description available,UK_Parliament_Bills_Enriched_Corpus,0.8,14.9
2075,2019-09-25T00:00:00Z,Overseas Electors Bill,Title: Overseas Electors Bill | Summary: No summary available | Description: No description available,UK_Parliament_Bills_Enriched_Corpus,0.8,17.68
2292,2019-09-24T00:00:00Z,Agriculture Bill,Title: Agriculture Bill | Summary: No summary available | Description: No description available,UK_Parliament_Bills_Enriched_Corpus,0.8,17.62
2423,2019-09-24T00:00:00Z,"Divorce, Dissolution and Separation Bill","Title: Divorce, Dissolution and Separation Bill | Summary: No summary available | Description: No description available",UK_Parliament_Bills_Enriched_Corpus,-1.1,18.68
2303,2019-09-24T00:00:00Z,Fisheries Bill,Title: Fisheries Bill | Summary: No summary available | Description: No description available,UK_Parliament_Bills_Enriched_Corpus,0.8,16.71
2328,2019-09-24T00:00:00Z,Immigration and Social Security Co-ordination (EU Withdrawal) Bill,Title: Immigration and Social Security Co-ordination (EU Withdrawal) Bill | Summary: No summary available | Description: No description available,UK_Parliament_Bills_Enriched_Corpus,1.2,19.94
2377,2019-09-19T00:00:00Z,House of Commons (Precedence of Government Business) (European Union (Withdrawal) Act 2018) Bill,Title: House of Commons (Precedence of Government Business) (European Union (Withdrawal) Act 2018) Bill | Summary: No summary available | Description: No description available,UK_Parliament_Bills_Enriched_Corpus,0.3,18.85
2155,2019-09-19T00:00:00Z,House of Lords (Exclusion of Hereditary Peers) Bill,Title: House of Lords (Exclusion of Hereditary Peers) Bill | Summary: No summary available | Description: No description available,UK_Parliament_Bills_Enriched_Corpus,0.05,16.66
2225,2019-09-19T00:00:00Z,Housing and Planning (Local Decision-Making) Bill,Title: Housing and Planning (Local Decision-Making) Bill | Summary: No summary available | Description: No description available,UK_Parliament_Bills_Enriched_Corpus,1.05,17
2173,2019-09-19T00:00:00Z,Leasehold Reform Bill,Title: Leasehold Reform Bill | Summary: No summary available | Description: No description available,UK_Parliament_Bills_Enriched_Corpus,1.05,16
2387,2019-09-19T00:00:00Z,Legal Tender (Scottish Banknotes) Bill,Title: Legal Tender (Scottish Banknotes) Bill | Summary: No summary available | Description: No description available,UK_Parliament_Bills_Enriched_Corpus,1.8,16.46
2161,2019-09-19T00:00:00Z,Legalisation of Cannabis (Medicinal Purposes) Bill,Title: Legalisation of Cannabis (Medicinal Purposes) Bill | Summary: No summary available | Description: No description available,UK_Parliament_Bills_Enriched_Corpus,0.8,20.89
2066,2019-09-19T00:00:00Z,Licensing of Taxis and Private Hire Vehicles (Safeguarding and Road Safety) Bill,Title: Licensing of Taxis and Private Hire Vehicles (Safeguarding and Road Safety) Bill | Summary: No summary available | Description: No description available,UK_Parliament_Bills_Enriched_Corpus,2.2,18.01
2109,2019-09-19T00:00:00Z,Local Audit (Public Access to Documents) Bill,Title: Local Audit (Public Access to Documents) Bill | Summary: No summary available | Description: No description available,UK_Parliament_Bills_Enriched_Corpus,0.8,17
2237,2019-09-19T00:00:00Z,Marriage (Same Sex Couples) (Northern Ireland) (No.2) Bill,Title: Marriage (Same Sex Couples) (Northern Ireland) (No.2) Bill | Summary: No summary available | Description: No description available,UK_Parliament_Bills_Enriched_Corpus,1.5,15.81
2070,2019-09-19T00:00:00Z,National Living Wage (Extension to Young People) Bill,Title: National Living Wage (Extension to Young People) Bill | Summary: No summary available | Description: No description available,UK_Parliament_Bills_Enriched_Corpus,1.2,16.66
2428,2019-09-19T00:00:00Z,Nuclear Submarine Recycling (Reporting) Bill,Title: Nuclear Submarine Recycling (Reporting) Bill | Summary: No summary available | Description: No description available,UK_Parliament_Bills_Enriched_Corpus,0.4,20.15
2424,2019-09-19T00:00:00Z,Parental Leave (Premature and Sick Babies) Bill,Title: Parental Leave (Premature and Sick Babies) Bill | Summary: No summary available | Description: No description available,UK_Parliament_Bills_Enriched_Corpus,-0.2,16.34
2140,2019-09-19T00:00:00Z,Parliamentary Allowances (Restriction) Bill,Title: Parliamentary Allowances (Restriction) Bill | Summary: No summary available | Description: No description available,UK_Parliament_Bills_Enriched_Corpus,0.05,20.94
2277,2019-09-19T00:00:00Z,Pets (Theft) Bill,Title: Pets (Theft) Bill | Summary: No summary available | Description: No description available,UK_Parliament_Bills_Enriched_Corpus,0.3,14.31
2361,2019-09-19T00:00:00Z,Planning (Affordable Housing and Land Compensation) Bill,Title: Planning (Affordable Housing and Land Compensation) Bill | Summary: No summary available | Description: No description available,UK_Parliament_Bills_Enriched_Corpus,1.85,18.31
2438,2019-09-19T00:00:00Z,Plastic Pollution (No. 2) Bill,Title: Plastic Pollution (No. 2) Bill | Summary: No summary available | Description: No description available,UK_Parliament_Bills_Enriched_Corpus,1.3,12.61
2380,2019-09-19T00:00:00Z,Prime Minister (Confidence) Bill,Title: Prime Minister (Confidence) Bill | Summary: No summary available | Description: No description available,UK_Parliament_Bills_Enriched_Corpus,1.65,17.01
2090,2019-09-19T00:00:00Z,Principal Local Authorities (Grounds for Abolition) Bill,Title: Principal Local Authorities (Grounds for Abolition) Bill | Summary: No summary available | Description: No description available,UK_Parliament_Bills_Enriched_Corpus,1.2,18.96
2200,2019-09-19T00:00:00Z,Private Landlords (Registration) Bill,Title: Private Landlords (Registration) Bill | Summary: No summary available | Description: No description available,UK_Parliament_Bills_Enriched_Corpus,0.8,17.79
2072,2019-09-19T00:00:00Z,Refugees (Family Reunion) (No. 2) Bill,Title: Refugees (Family Reunion) (No. 2) Bill | Summary: No summary available | Description: No description available,UK_Parliament_Bills_Enriched_Corpus,1.6,14.1
2008,2019-09-19T00:00:00Z,Registration of Marriage Bill [HL],Title: Registration of Marriage Bill [HL] | Summary: No summary available | Description: No description available,UK_Parliament_Bills_Enriched_Corpus,1.4,16.46
2074,2019-09-19T00:00:00Z,Representation of the People (Young People's Enfranchisement and Education) Bill,Title: Representation of the People (Young People's Enfranchisement and Education) Bill | Summary: No summary available | Description: No description available,UK_Parliament_Bills_Enriched_Corpus,1.2,20.13
2068,2019-09-19T00:00:00Z,Representation of the People (Young People's Enfranchisement) Bill,Title: Representation of the People (Young People's Enfranchisement) Bill | Summary: No summary available | Description: No description available,UK_Parliament_Bills_Enriched_Corpus,1.2,19.15
2447,2019-09-19T00:00:00Z,Reservoirs (Flood Risk) Bill,Title: Reservoirs (Flood Risk) Bill | Summary: No summary available | Description: No description available,UK_Parliament_Bills_Enriched_Corpus,0.05,15.43
2448,2019-09-19T00:00:00Z,School Food Bill,Title: School Food Bill | Summary: No summary available | Description: No description available,UK_Parliament_Bills_Enriched_Corpus,1.2,14.31
2212,2019-09-19T00:00:00Z,Shared Parental Leave and Pay (Extension) Bill,Title: Shared Parental Leave and Pay (Extension) Bill | Summary: No summary available | Description: No description available,UK_Parliament_Bills_Enriched_Corpus,1.25,15.69
2216,2019-09-19T00:00:00Z,Social Media Service Providers (Civil Liability and Oversight) Bill,Title: Social Media Service Providers (Civil Liability and Oversight) Bill | Summary: No summary available | Description: No description available,UK_Parliament_Bills_Enriched_Corpus,0.6,20.53
2253,2019-09-19T00:00:00Z,Terminal Illness (Provision of Palliative Care and Support for Carers) Bill,Title: Terminal Illness (Provision of Palliative Care and Support for Carers) Bill | Summary: No summary available | Description: No description available,UK_Parliament_Bills_Enriched_Corpus,1.2,18.2
2439,2019-09-19T00:00:00Z,Tin Mining Subsidence Bill,Title: Tin Mining Subsidence Bill | Summary: No summary available | Description: No description available,UK_Parliament_Bills_Enriched_Corpus,0.55,16.22
2259,2019-09-19T00:00:00Z,Violent Crime (Sentences) Bill,Title: Violent Crime (Sentences) Bill | Summary: No summary available | Description: No description available,UK_Parliament_Bills_Enriched_Corpus,-0.7,17.01
2221,2019-09-19T00:00:00Z,Wild Animals in Circuses Bill,Title: Wild Animals in Circuses Bill | Summary: No summary available | Description: No description available,UK_Parliament_Bills_Enriched_Corpus,0.55,16.46
2366,2019-09-18T00:00:00Z,Charity Trustees (Time Off for Duties) Bill,Title: Charity Trustees (Time Off for Duties) Bill | Summary: No summary available | Description: No description available,UK_Parliament_Bills_Enriched_Corpus,1.6,15.69
2350,2019-09-18T00:00:00Z,Child Cruelty (Sentences) Bill,Title: Child Cruelty (Sentences) Bill | Summary: No summary available | Description: No description available,UK_Parliament_Bills_Enriched_Corpus,0.4,16.22
2310,2019-09-18T00:00:00Z,Child Maintenance Bill,Title: Child Maintenance Bill | Summary: No summary available | Description: No description available,UK_Parliament_Bills_Enriched_Corpus,1.4,16
2314,2019-09-18T00:00:00Z,Department for International Trade (Abolition) Bill,Title: Department for International Trade (Abolition) Bill | Summary: No summary available | Description: No description available,UK_Parliament_Bills_Enriched_Corpus,0.8,19.5
2332,2019-09-18T00:00:00Z,European Union (Withdrawal) (No. 2) Bill,Title: European Union (Withdrawal) (No. 2) Bill | Summary: No summary available | Description: No description available,UK_Parliament_Bills_Enriched_Corpus,0.8,14.1
2351,2019-09-18T00:00:00Z,European Union (Withdrawal) (No. 4) Bill,Title: European Union (Withdrawal) (No. 4) Bill | Summary: No summary available | Description: No description available,UK_Parliament_Bills_Enriched_Corpus,0.8,14.1
2335,2019-09-18T00:00:00Z,European Union Referendum Bill,Title: European Union Referendum Bill | Summary: No summary available | Description: No description available,UK_Parliament_Bills_Enriched_Corpus,0.8,19.37
2334,2019-09-18T00:00:00Z,European Union Referendum (Preparation) Bill,Title: European Union Referendum (Preparation) Bill | Summary: No summary available | Description: No description available,UK_Parliament_Bills_Enriched_Corpus,0.8,20.89
2431,2019-09-18T00:00:00Z,Ground Rents (Leasehold Properties) Bill,Title: Ground Rents (Leasehold Properties) Bill | Summary: No summary available | Description: No description available,UK_Parliament_Bills_Enriched_Corpus,0.8,15.73
2302,2019-09-17T00:00:00Z,Abortion Bill,Title: Abortion Bill | Summary: No summary available | Description: No description available,UK_Parliament_Bills_Enriched_Corpus,0,16.71
2239,2019-09-17T00:00:00Z,Access to Fertility Services Bill,Title: Access to Fertility Services Bill | Summary: No summary available | Description: No description available,UK_Parliament_Bills_Enriched_Corpus,0.8,17.94
2194,2019-09-17T00:00:00Z,Access to Radiotherapy Bill,Title: Access to Radiotherapy Bill | Summary: No summary available | Description: No description available,UK_Parliament_Bills_Enriched_Corpus,0.8,17.79
2285,2019-09-17T00:00:00Z,Access to Welfare (Terminal Illness Definition) Bill,Title: Access to Welfare (Terminal Illness Definition) Bill | Summary: No summary available | Description: No description available,UK_Parliament_Bills_Enriched_Corpus,-0.2,18.31
2168,2019-09-17T00:00:00Z,Affordable Home Ownership Bill,Title: Affordable Home Ownership Bill | Summary: No summary available | Description: No description available,UK_Parliament_Bills_Enriched_Corpus,2.2,17.79
2384,2019-09-17T00:00:00Z,Animals (Recognition of Sentience) Bill,Title: Animals (Recognition of Sentience) Bill | Summary: No summary available | Description: No description available,UK_Parliament_Bills_Enriched_Corpus,0.8,18.68
2179,2019-09-17T00:00:00Z,Automatic Electoral Registration (No. 2) Bill,Title: Automatic Electoral Registration (No. 2) Bill | Summary: No summary available | Description: No description available,UK_Parliament_Bills_Enriched_Corpus,0.8,16.18
2182,2019-09-17T00:00:00Z,Automatic Travel Compensation Bill,Title: Automatic Travel Compensation Bill | Summary: No summary available | Description: No description available,UK_Parliament_Bills_Enriched_Corpus,0.8,19.37
2436,2019-09-17T00:00:00Z,Breast Cancer Screening (Women Under 40) Bill,Title: Breast Cancer Screening (Women Under 40) Bill | Summary: No summary available | Description: No description available,UK_Parliament_Bills_Enriched_Corpus,0.05,15.69
2455,2019-09-17T00:00:00Z,Clean Air (No. 2) Bill,Title: Clean Air (No. 2) Bill | Summary: No summary available | Description: No description available,UK_Parliament_Bills_Enriched_Corpus,1.55,10.39
2121,2019-09-17T00:00:00Z,Coastal Path (Definition) Bill,Title: Coastal Path (Definition) Bill | Summary: No summary available | Description: No description available,UK_Parliament_Bills_Enriched_Corpus,0.8,17.01
2299,2019-09-17T00:00:00Z,Cold Weather Payments Bill,Title: Cold Weather Payments Bill | Summary: No summary available | Description: No description available,UK_Parliament_Bills_Enriched_Corpus,0.3,15.43
2456,2019-09-17T00:00:00Z,Compulsory Purchase and Planning Bill,Title: Compulsory Purchase and Planning Bill | Summary: No summary available | Description: No description available,UK_Parliament_Bills_Enriched_Corpus,0.9,17.2
2005,2019-09-17T00:00:00Z,Creditworthiness Assessment Bill [HL],Title: Creditworthiness Assessment Bill [HL] | Summary: No summary available | Description: No description available,UK_Parliament_Bills_Enriched_Corpus,0.8,18.58
2298,2019-09-17T00:00:00Z,Criminal Records (Childhood Offences) Bill,Title: Criminal Records (Childhood Offences) Bill | Summary: No summary available | Description: No description available,UK_Parliament_Bills_Enriched_Corpus,0.65,17.94
2435,2019-09-16T00:00:00Z,Supply and Appropriation (Main Estimates) Act 2019,Title: Supply and Appropriation (Main Estimates) Act 2019 | Summary: No summary available | Description: No description available,UK_Parliament_Bills_Enriched_Corpus,0.8,17.65
2050,2019-09-12T00:00:00Z,Awards for Valour (Protection) Bill [HL],Title: Awards for Valour (Protection) Bill [HL] | Summary: No summary available | Description: No description available,UK_Parliament_Bills_Enriched_Corpus,2.1,16.03
2011,2019-09-12T00:00:00Z,Ecumenical Marriage Bill [HL],Title: Ecumenical Marriage Bill [HL] | Summary: No summary available | Description: No description available,UK_Parliament_Bills_Enriched_Corpus,1.4,17.79
2030,2019-09-12T00:00:00Z,EEA Nationals (Indefinite Leave to Remain) Bill [HL],Title: EEA Nationals (Indefinite Leave to Remain) Bill [HL] | Summary: No summary available | Description: No description available,UK_Parliament_Bills_Enriched_Corpus,0.55,16.66
2042,2019-09-12T00:00:00Z,Elections and Referendums (Advertising) Bill [HL],Title: Elections and Referendums (Advertising) Bill [HL] | Summary: No summary available | Description: No description available,UK_Parliament_Bills_Enriched_Corpus,0.8,18.8
2326,2019-09-12T00:00:00Z,EU Membership Bill [HL],Title: EU Membership Bill [HL] | Summary: No summary available | Description: No description available,UK_Parliament_Bills_Enriched_Corpus,0.8,15.43
2235,2019-09-12T00:00:00Z,Marriage (Same Sex Couples) (Northern Ireland) Bill [HL],Title: Marriage (Same Sex Couples) (Northern Ireland) Bill [HL] | Summary: No summary available | Description: No description available,UK_Parliament_Bills_Enriched_Corpus,1.5,16.04
2051,2019-09-12T00:00:00Z,Modern Slavery (Transparency in Supply Chains) Bill [HL],Title: Modern Slavery (Transparency in Supply Chains) Bill [HL] | Summary: No summary available | Description: No description available,UK_Parliament_Bills_Enriched_Corpus,0.65,17.28
2425,2019-09-12T00:00:00Z,Non-Domestic Rating (Public Lavatories) Bill [HL],Title: Non-Domestic Rating (Public Lavatories) Bill [HL] | Summary: No summary available | Description: No description available,UK_Parliament_Bills_Enriched_Corpus,0.8,17.65
2203,2019-09-12T00:00:00Z,Official Development Assistance Target (Repeal) Bill [HL],Title: Official Development Assistance Target (Repeal) Bill [HL] | Summary: No summary available | Description: No description available,UK_Parliament_Bills_Enriched_Corpus,1.6,18.96
2010,2019-09-12T00:00:00Z,Open Skies Agreement (Membership) Bill [HL],Title: Open Skies Agreement (Membership) Bill [HL] | Summary: No summary available | Description: No description available,UK_Parliament_Bills_Enriched_Corpus,1.3,16.72
2041,2019-09-12T00:00:00Z,Road Traffic Offenders (Surrender of Driving Licences Etc) Bill [HL],Title: Road Traffic Offenders (Surrender of Driving Licences Etc) Bill [HL] | Summary: No summary available | Description: No description available,UK_Parliament_Bills_Enriched_Corpus,0.3,19.01
2454,2019-09-10T00:00:00Z,European Union (Withdrawal) (No. 2) Act,Title: European Union (Withdrawal) (No. 2) Act | Summary: No summary available | Description: No description available,UK_Parliament_Bills_Enriched_Corpus,0.8,14.1
2004,2019-09-10T00:00:00Z,House of Lords Bill [HL],Title: House of Lords Bill [HL] | Summary: No summary available | Description: No description available,UK_Parliament_Bills_Enriched_Corpus,0.8,13.51
2392,2019-09-10T00:00:00Z,Kew Gardens (Leases) Act 2019,Title: Kew Gardens (Leases) Act 2019 | Summary: No summary available | Description: No description available,UK_Parliament_Bills_Enriched_Corpus,0.8,14.99
2055,2019-09-10T00:00:00Z,Kew Gardens (Leases) Bill [HL],Title: Kew Gardens (Leases) Bill [HL] | Summary: No summary available | Description: No description available,UK_Parliament_Bills_Enriched_Corpus,0.8,14.99
2039,2019-09-10T00:00:00Z,Learning Disabilities (Review of Services) Bill [HL],Title: Learning Disabilities (Review of Services) Bill [HL] | Summary: No summary available | Description: No description available,UK_Parliament_Bills_Enriched_Corpus,1.6,18.31
2007,2019-09-10T00:00:00Z,Local Government Elections (Referendum) Bill [HL],Title: Local Government Elections (Referendum) Bill [HL] | Summary: No summary available | Description: No description available,UK_Parliament_Bills_Enriched_Corpus,0.3,18.8
2024,2019-09-10T00:00:00Z,Local Housing Authority Debt Bill [HL],Title: Local Housing Authority Debt Bill [HL] | Summary: No summary available | Description: No description available,UK_Parliament_Bills_Enriched_Corpus,0.55,16.72
2324,2019-09-10T00:00:00Z,Scottish Election (Date) (2020) Bill [HL],Title: Scottish Election (Date) (2020) Bill [HL] | Summary: No summary available | Description: No description available,UK_Parliament_Bills_Enriched_Corpus,0.8,15.33
1994,2019-09-10T00:00:00Z,Succession to Peerages Bill [HL],Title: Succession to Peerages Bill [HL] | Summary: No summary available | Description: No description available,UK_Parliament_Bills_Enriched_Corpus,0.8,16.46
2015,2019-09-10T00:00:00Z,Supply and Appropriation (Main Estimates) Act 2017,Title: Supply and Appropriation (Main Estimates) Act 2017 | Summary: No summary available | Description: No description available,UK_Parliament_Bills_Enriched_Corpus,0.8,17.65
2027,2019-09-10T00:00:00Z,Voting Age (Reduction) Bill [HL],Title: Voting Age (Reduction) Bill [HL] | Summary: No summary available | Description: No description available,UK_Parliament_Bills_Enriched_Corpus,0.8,15.73
2045,2019-08-28T00:00:00Z,European Union (Withdrawal) Act 2018,Title: European Union (Withdrawal) Act 2018 | Summary: No summary available | Description: No description available,UK_Parliament_Bills_Enriched_Corpus,0.8,17.94
2389,2019-07-25T00:00:00Z,National Insurance Contributions (Termination Awards and Sporting Testimonials) Act 2019,Title: National Insurance Contributions (Termination Awards and Sporting Testimonials) Act 2019 | Summary: No summary available | Description: No description available,UK_Parliament_Bills_Enriched_Corpus,0.5,21.82
2437,2019-07-25T00:00:00Z,Northern Ireland (Executive Formation etc) Act 2019,Title: Northern Ireland (Executive Formation etc) Act 2019 | Summary: No summary available | Description: No description available,UK_Parliament_Bills_Enriched_Corpus,0.8,20.27
2394,2019-07-25T00:00:00Z,Wild Animals in Circuses Act 2019,Title: Wild Animals in Circuses Act 2019 | Summary: No summary available | Description: No description available,UK_Parliament_Bills_Enriched_Corpus,0.55,16.03
2445,2019-07-16T00:00:00Z,Employment (Minimum Hours) Bill,Title: Employment (Minimum Hours) Bill | Summary: No summary available | Description: No description available,UK_Parliament_Bills_Enriched_Corpus,0.8,17.79
2408,2019-07-09T00:00:00Z,Vehicle Emissions (Idling Penalties) Bill,Title: Vehicle Emissions (Idling Penalties) Bill | Summary: No summary available | Description: No description available,UK_Parliament_Bills_Enriched_Corpus,0.55,19.41
2412,2019-06-11T00:00:00Z,Employment Status (Definitions) Bill,Title: Employment Status (Definitions) Bill | Summary: No summary available | Description: No description available,UK_Parliament_Bills_Enriched_Corpus,0.8,18.58
2409,2019-06-06T00:00:00Z,Freehold Properties (Management Charges) Bill,Title: Freehold Properties (Management Charges) Bill | Summary: No summary available | Description: No description available,UK_Parliament_Bills_Enriched_Corpus,1.2,17.94
2407,2019-06-05T00:00:00Z,Driving (Persons with Dementia) Bill,Title: Driving (Persons with Dementia) Bill | Summary: No summary available | Description: No description available,UK_Parliament_Bills_Enriched_Corpus,0.3,17.2
2217,2019-06-05T00:00:00Z,Rivers Authorities and Land Drainage Bill,Title: Rivers Authorities and Land Drainage Bill | Summary: No summary available | Description: No description available,UK_Parliament_Bills_Enriched_Corpus,0.55,16.72
2315,2019-06-04T00:00:00Z,Electric Vehicles (Standardised Recharging) Bill,Title: Electric Vehicles (Standardised Recharging) Bill | Summary: No summary available | Description: No description available,UK_Parliament_Bills_Enriched_Corpus,0.8,20.15
2190,2019-06-04T00:00:00Z,Short and Holiday-Let Accommodation (Notification of Local Authorities) Bill,Title: Short and Holiday-Let Accommodation (Notification of Local Authorities) Bill | Summary: No summary available | Description: No description available,UK_Parliament_Bills_Enriched_Corpus,1.2,20.7
1777,2019-05-31T00:00:00Z,Intellectual Property (Unjustified Threats) Act 2017,Title: Intellectual Property (Unjustified Threats) Act 2017 | Summary: No summary available | Description: No description available,UK_Parliament_Bills_Enriched_Corpus,0.35,19.5
2406,2019-05-23T00:00:00Z,Unauthorised Encampments Bill,Title: Unauthorised Encampments Bill | Summary: No summary available | Description: No description available,UK_Parliament_Bills_Enriched_Corpus,0.8,19.37
2264,2019-05-17T00:00:00Z,Offensive Weapons Act 2019,Title: Offensive Weapons Act 2019 | Summary: No summary available | Description: No description available,UK_Parliament_Bills_Enriched_Corpus,0.3,16.22
2403,2019-05-16T00:00:00Z,Trade Union (Access to Workplaces) Bill,Title: Trade Union (Access to Workplaces) Bill | Summary: No summary available | Description: No description available,UK_Parliament_Bills_Enriched_Corpus,0.8,16.03
2402,2019-05-15T00:00:00Z,Hares Preservation Bill,Title: Hares Preservation Bill | Summary: No summary available | Description: No description available,UK_Parliament_Bills_Enriched_Corpus,0.8,16.84
2401,2019-05-09T00:00:00Z,Pension Charges Bill,Title: Pension Charges Bill | Summary: No summary available | Description: No description available,UK_Parliament_Bills_Enriched_Corpus,0.8,16
2398,2019-05-02T00:00:00Z,Police Officer Training (Autism Awareness) Bill,Title: Police Officer Training (Autism Awareness) Bill | Summary: No summary available | Description: No description available,UK_Parliament_Bills_Enriched_Corpus,0.55,18.8
2393,2019-04-30T00:00:00Z,European Union (Citizens' Rights) Bill,Title: European Union (Citizens' Rights) Bill | Summary: No summary available | Description: No description available,UK_Parliament_Bills_Enriched_Corpus,0.8,17.94
2390,2019-04-25T00:00:00Z,Gambling (Industry Levy Review and Protections for Vulnerable People) Bill,Title: Gambling (Industry Levy Review and Protections for Vulnerable People) Bill | Summary: No summary available | Description: No description available,UK_Parliament_Bills_Enriched_Corpus,-0.2,19.57
2385,2019-04-12T00:00:00Z,Tobacco Companies (Transparency) Bill,Title: Tobacco Companies (Transparency) Bill | Summary: No summary available | Description: No description available,UK_Parliament_Bills_Enriched_Corpus,0.55,19.37
2261,2019-04-09T00:00:00Z,Animal Welfare (Service Animals) Act 2019,Title: Animal Welfare (Service Animals) Act 2019 | Summary: No summary available | Description: No description available,UK_Parliament_Bills_Enriched_Corpus,0.8,17.42
2383,2019-04-04T00:00:00Z,Employment Rights (Shared Parental Leave and Flexible Working) Bill,Title: Employment Rights (Shared Parental Leave and Flexible Working) Bill | Summary: No summary available | Description: No description available,UK_Parliament_Bills_Enriched_Corpus,2.2,16.99
2382,2019-04-03T00:00:00Z,Banknote Diversity Bill,Title: Banknote Diversity Bill | Summary: No summary available | Description: No description available,UK_Parliament_Bills_Enriched_Corpus,0.8,17.68
1930,2019-04-02T00:00:00Z,University of London Act 2018,Title: University of London Act 2018 | Summary: No summary available | Description: No description available,UK_Parliament_Bills_Enriched_Corpus,1.4,17.2
2329,2019-03-29T00:00:00Z,Defibrillators (Availability) Bill,Title: Defibrillators (Availability) Bill | Summary: No summary available | Description: No description available,UK_Parliament_Bills_Enriched_Corpus,0.8,21.9
2317,2019-03-29T00:00:00Z,Marriage and Civil Partnership (Consent) Bill,Title: Marriage and Civil Partnership (Consent) Bill | Summary: No summary available | Description: No description available,UK_Parliament_Bills_Enriched_Corpus,3.8,16.72
2290,2019-03-29T00:00:00Z,Marriage and Civil Partnership (Minimum Age) Bill,Title: Marriage and Civil Partnership (Minimum Age) Bill | Summary: No summary available | Description: No description available,UK_Parliament_Bills_Enriched_Corpus,3,17
2170,2019-03-29T00:00:00Z,Tyres (Buses and Coaches) Bill,Title: Tyres (Buses and Coaches) Bill | Summary: No summary available | Description: No description available,UK_Parliament_Bills_Enriched_Corpus,0.8,15.73
2378,2019-03-28T00:00:00Z,Sky Lanterns (Prohibition) Bill,Title: Sky Lanterns (Prohibition) Bill | Summary: No summary available | Description: No description available,UK_Parliament_Bills_Enriched_Corpus,-0.2,17.01
2063,2019-03-27T00:00:00Z,"Civil Partnerships, Marriages and Deaths (Registration etc) Act 2019","Title: Civil Partnerships, Marriages and Deaths (Registration etc) Act 2019 | Summary: No summary available | Description: No description available",UK_Parliament_Bills_Enriched_Corpus,1.6,19.35
2376,2019-03-27T00:00:00Z,Compensation Orders (Child Sexual Abuse) Bill,Title: Compensation Orders (Child Sexual Abuse) Bill | Summary: No summary available | Description: No description available,UK_Parliament_Bills_Enriched_Corpus,0.4,18.11
2373,2019-03-25T00:00:00Z,Destitution Domestic Violence Concession (Eligibility) Bill,Title: Destitution Domestic Violence Concession (Eligibility) Bill | Summary: No summary available | Description: No description available,UK_Parliament_Bills_Enriched_Corpus,-1.35,22.97
2195,2019-03-25T00:00:00Z,Emergency Response Drivers (Protections) Bill,Title: Emergency Response Drivers (Protections) Bill | Summary: No summary available | Description: No description available,UK_Parliament_Bills_Enriched_Corpus,0.05,18.68
2067,2019-03-25T00:00:00Z,Freedom of Information (Extension) Bill,Title: Freedom of Information (Extension) Bill | Summary: No summary available | Description: No description available,UK_Parliament_Bills_Enriched_Corpus,1.95,17.94
2209,2019-03-25T00:00:00Z,Homelessness (End of Life Care) Bill,Title: Homelessness (End of Life Care) Bill | Summary: No summary available | Description: No description available,UK_Parliament_Bills_Enriched_Corpus,1.8,14.64
2223,2019-03-25T00:00:00Z,House of Peers Bill,Title: House of Peers Bill | Summary: No summary available | Description: No description available,UK_Parliament_Bills_Enriched_Corpus,0.8,13.86
2232,2019-03-25T00:00:00Z,Human Fertilisation and Embryology (Welfare of Women) Bill,Title: Human Fertilisation and Embryology (Welfare of Women) Bill | Summary: No summary available | Description: No description available,UK_Parliament_Bills_Enriched_Corpus,0.8,19.77
2325,2019-03-25T00:00:00Z,Immigration (Time Limit on Detention) Bill,Title: Immigration (Time Limit on Detention) Bill | Summary: No summary available | Description: No description available,UK_Parliament_Bills_Enriched_Corpus,0.05,17.42
2330,2019-03-25T00:00:00Z,International Development Assistance (Palestinian National Authority Schools) Bill,Title: International Development Assistance (Palestinian National Authority Schools) Bill | Summary: No summary available | Description: No description available,UK_Parliament_Bills_Enriched_Corpus,2.1,24.11
2204,2019-03-25T00:00:00Z,Kew Gardens (Leases) (No. 2) Bill,Title: Kew Gardens (Leases) (No. 2) Bill | Summary: No summary available | Description: No description available,UK_Parliament_Bills_Enriched_Corpus,0.8,11.33
2263,2019-03-25T00:00:00Z,Packaging (Extended Producer Responsibility) Bill,Title: Packaging (Extended Producer Responsibility) Bill | Summary: No summary available | Description: No description available,UK_Parliament_Bills_Enriched_Corpus,1.2,21.63
2257,2019-03-25T00:00:00Z,Parental Leave and Pay Arrangements (Publication) Bill,Title: Parental Leave and Pay Arrangements (Publication) Bill | Summary: No summary available | Description: No description available,UK_Parliament_Bills_Enriched_Corpus,0.45,17.65
2281,2019-03-22T00:00:00Z,Bathing Waters Bill,Title: Bathing Waters Bill | Summary: No summary available | Description: No description available,UK_Parliament_Bills_Enriched_Corpus,0.8,16
2199,2019-03-22T00:00:00Z,British Indian Ocean Territory (Citizenship) Bill,Title: British Indian Ocean Territory (Citizenship) Bill | Summary: No summary available | Description: No description available,UK_Parliament_Bills_Enriched_Corpus,0.8,20.19
2352,2019-03-22T00:00:00Z,Bus Drivers (Working Hours on Local Routes) Bill,Title: Bus Drivers (Working Hours on Local Routes) Bill | Summary: No summary available | Description: No description available,UK_Parliament_Bills_Enriched_Corpus,1.05,15.42
2287,2019-03-22T00:00:00Z,Cats Bill,Title: Cats Bill | Summary: No summary available | Description: No description available,UK_Parliament_Bills_Enriched_Corpus,0.8,14.9
2346,2019-03-22T00:00:00Z,Crime (Impact Statements) Bill,Title: Crime (Impact Statements) Bill | Summary: No summary available | Description: No description available,UK_Parliament_Bills_Enriched_Corpus,0.05,15.43
2353,2019-03-22T00:00:00Z,Dog Meat (Consumption) (Offences) Bill,Title: Dog Meat (Consumption) (Offences) Bill | Summary: No summary available | Description: No description available,UK_Parliament_Bills_Enriched_Corpus,0.8,16.46
2040,2019-03-22T00:00:00Z,European Union (Referendum on the Withdrawal Agreement) Bill [HL],Title: European Union (Referendum on the Withdrawal Agreement) Bill [HL] | Summary: No summary available | Description: No description available,UK_Parliament_Bills_Enriched_Corpus,1.3,19.35
2347,2019-03-22T00:00:00Z,European Union (Referendum on Withdrawal Agreement) Bill,Title: European Union (Referendum on Withdrawal Agreement) Bill | Summary: No summary available | Description: No description available,UK_Parliament_Bills_Enriched_Corpus,1.3,20.27
2327,2019-03-22T00:00:00Z,European Union (Revocation of Notification of Withdrawal) Bill,Title: European Union (Revocation of Notification of Withdrawal) Bill | Summary: No summary available | Description: No description available,UK_Parliament_Bills_Enriched_Corpus,0.55,21.01
2342,2019-03-22T00:00:00Z,European Union (Revocation of Notification of Withdrawal) (No. 2) Bill,Title: European Union (Revocation of Notification of Withdrawal) (No. 2) Bill | Summary: No summary available | Description: No description available,UK_Parliament_Bills_Enriched_Corpus,0.55,16.04
2320,2019-03-22T00:00:00Z,Fire Safety (Leasehold Properties) Bill,Title: Fire Safety (Leasehold Properties) Bill | Summary: No summary available | Description: No description available,UK_Parliament_Bills_Enriched_Corpus,1.35,17.2
2186,2019-03-22T00:00:00Z,Food Insecurity Bill,Title: Food Insecurity Bill | Summary: No summary available | Description: No description available,UK_Parliament_Bills_Enriched_Corpus,0.45,17.68
2224,2019-03-22T00:00:00Z,Forensic Science Regulator Bill,Title: Forensic Science Regulator Bill | Summary: No summary available | Description: No description available,UK_Parliament_Bills_Enriched_Corpus,0.8,18.58
2372,2019-03-22T00:00:00Z,Fracking (Seismic Activity) Bill,Title: Fracking (Seismic Activity) Bill | Summary: No summary available | Description: No description available,UK_Parliament_Bills_Enriched_Corpus,0.4,17.79
2126,2019-03-22T00:00:00Z,Government Departments (Abolition) Bill,Title: Government Departments (Abolition) Bill | Summary: No summary available | Description: No description available,UK_Parliament_Bills_Enriched_Corpus,0.3,19.37
2135,2019-03-22T00:00:00Z,House of Commons Whips (Transparency) Bill,Title: House of Commons Whips (Transparency) Bill | Summary: No summary available | Description: No description available,UK_Parliament_Bills_Enriched_Corpus,0.55,16.03
2304,2019-03-22T00:00:00Z,Housing Reform Bill,Title: Housing Reform Bill | Summary: No summary available | Description: No description available,UK_Parliament_Bills_Enriched_Corpus,1.05,16
2196,2019-03-22T00:00:00Z,Immigration Detention of Victims of Torture and Other Vulnerable People (Safeguards) Bill,Title: Immigration Detention of Victims of Torture and Other Vulnerable People (Safeguards) Bill | Summary: No summary available | Description: No description available,UK_Parliament_Bills_Enriched_Corpus,-1.95,19.55
2125,2019-03-22T00:00:00Z,International Development Assistance (Limit) Bill,Title: International Development Assistance (Limit) Bill | Summary: No summary available | Description: No description available,UK_Parliament_Bills_Enriched_Corpus,1.35,20.89
2319,2019-03-22T00:00:00Z,Minimum Service Obligation (High Street Cashpoints) Bill,Title: Minimum Service Obligation (High Street Cashpoints) Bill | Summary: No summary available | Description: No description available,UK_Parliament_Bills_Enriched_Corpus,0.8,17.65
2202,2019-03-22T00:00:00Z,Multi-employer Pension Schemes Bill,Title: Multi-employer Pension Schemes Bill | Summary: No summary available | Description: No description available,UK_Parliament_Bills_Enriched_Corpus,0.8,16.46
2322,2019-03-22T00:00:00Z,Nappies (Environmental Standards) Bill,Title: Nappies (Environmental Standards) Bill | Summary: No summary available | Description: No description available,UK_Parliament_Bills_Enriched_Corpus,0.8,18.58
2146,2019-03-22T00:00:00Z,Pilot (Licensing) Bill,Title: Pilot (Licensing) Bill | Summary: No summary available | Description: No description available,UK_Parliament_Bills_Enriched_Corpus,0.8,16.84
2246,2019-03-22T00:00:00Z,Plastics Bill,Title: Plastics Bill | Summary: No summary available | Description: No description available,UK_Parliament_Bills_Enriched_Corpus,0.8,15.8
2297,2019-03-22T00:00:00Z,Railways (Franchises) Bill,Title: Railways (Franchises) Bill | Summary: No summary available | Description: No description available,UK_Parliament_Bills_Enriched_Corpus,0.8,16.84
2365,2019-03-22T00:00:00Z,School Uniform (Gender Neutrality) Bill,Title: School Uniform (Gender Neutrality) Bill | Summary: No summary available | Description: No description available,UK_Parliament_Bills_Enriched_Corpus,0.8,17.94
2227,2019-03-22T00:00:00Z,Supervised Drug Consumption Facilities Bill,Title: Supervised Drug Consumption Facilities Bill | Summary: No summary available | Description: No description available,UK_Parliament_Bills_Enriched_Corpus,0.7,18.68
2371,2019-03-22T00:00:00Z,Tenancy (Deposits and Arbitration) Bill,Title: Tenancy (Deposits and Arbitration) Bill | Summary: No summary available | Description: No description available,UK_Parliament_Bills_Enriched_Corpus,0.8,18.68
2357,2019-03-22T00:00:00Z,Terms of Withdrawal from the EU (Referendum) (No. 2) Bill,Title: Terms of Withdrawal from the EU (Referendum) (No. 2) Bill | Summary: No summary available | Description: No description available,UK_Parliament_Bills_Enriched_Corpus,0.8,11.54
2272,2019-03-22T00:00:00Z,Toilets (Provision and Accessibility) Bill,Title: Toilets (Provision and Accessibility) Bill | Summary: No summary available | Description: No description available,UK_Parliament_Bills_Enriched_Corpus,0.8,19.41
2132,2019-03-22T00:00:00Z,Voter Registration (No. 2) Bill,Title: Voter Registration (No. 2) Bill | Summary: No summary available | Description: No description available,UK_Parliament_Bills_Enriched_Corpus,1.4,13.34
2197,2019-03-21T00:00:00Z,Construction (Retention Deposit Schemes) Bill,Title: Construction (Retention Deposit Schemes) Bill | Summary: No summary available | Description: No description available,UK_Parliament_Bills_Enriched_Corpus,1.2,17.94
2313,2019-03-21T00:00:00Z,Freehold Properties (Management Charges and Shared Facilities) Bill,Title: Freehold Properties (Management Charges and Shared Facilities) Bill | Summary: No summary available | Description: No description available,UK_Parliament_Bills_Enriched_Corpus,2,18.53
2316,2019-03-21T00:00:00Z,Palestinian Statehood (Recognition) Bill,Title: Palestinian Statehood (Recognition) Bill | Summary: No summary available | Description: No description available,UK_Parliament_Bills_Enriched_Corpus,0.8,20.15
2156,2019-03-21T00:00:00Z,Pensions (Review of Women's Arrangements) (No. 2) Bill,Title: Pensions (Review of Women's Arrangements) (No. 2) Bill | Summary: No summary available | Description: No description available,UK_Parliament_Bills_Enriched_Corpus,0.8,12.34
2323,2019-03-21T00:00:00Z,Planning (Appeals) Bill,Title: Planning (Appeals) Bill | Summary: No summary available | Description: No description available,UK_Parliament_Bills_Enriched_Corpus,1.05,16
2240,2019-03-21T00:00:00Z,Unsolicited Calls (Prevention) Bill,Title: Unsolicited Calls (Prevention) Bill | Summary: No summary available | Description: No description available,UK_Parliament_Bills_Enriched_Corpus,1.05,18.58
2370,2019-03-20T00:00:00Z,Election Expenses (Authorisation of Free or Discounted Support) Bill,Title: Election Expenses (Authorisation of Free or Discounted Support) Bill | Summary: No summary available | Description: No description available,UK_Parliament_Bills_Enriched_Corpus,1.3,19.35
2211,2019-03-20T00:00:00Z,Postal Voting Bill,Title: Postal Voting Bill | Summary: No summary available | Description: No description available,UK_Parliament_Bills_Enriched_Corpus,0.8,16
2340,2019-03-18T00:00:00Z,Ancient Woodland Inventory (England) Bill,Title: Ancient Woodland Inventory (England) Bill | Summary: No summary available | Description: No description available,UK_Parliament_Bills_Enriched_Corpus,1.05,17.94
2137,2019-03-18T00:00:00Z,General Election (Leaders’ Debate) Bill,Title: General Election (Leaders’ Debate) Bill | Summary: No summary available | Description: No description available,UK_Parliament_Bills_Enriched_Corpus,1.2,17.94
2279,2019-03-18T00:00:00Z,International Development (Safeguarding Vulnerable Groups) Bill,Title: International Development (Safeguarding Vulnerable Groups) Bill | Summary: No summary available | Description: No description available,UK_Parliament_Bills_Enriched_Corpus,0.3,21.58
2360,2019-03-18T00:00:00Z,Northern Ireland Budget (Anticipation and Adjustments) Act 2019,Title: Northern Ireland Budget (Anticipation and Adjustments) Act 2019 | Summary: No summary available | Description: No description available,UK_Parliament_Bills_Enriched_Corpus,1.45,19.15
2071,2019-03-18T00:00:00Z,Organ Donation (Deemed Consent) Act 2019,Title: Organ Donation (Deemed Consent) Act 2019 | Summary: No summary available | Description: No description available,UK_Parliament_Bills_Enriched_Corpus,2.4,16.03
2076,2019-03-18T00:00:00Z,Parking (Code of Practice) Act 2019,Title: Parking (Code of Practice) Act 2019 | Summary: No summary available | Description: No description available,UK_Parliament_Bills_Enriched_Corpus,1.2,14.64
2064,2019-03-18T00:00:00Z,Stalking Protection Act 2019,Title: Stalking Protection Act 2019 | Summary: No summary available | Description: No description available,UK_Parliament_Bills_Enriched_Corpus,0.8,16.22
2356,2019-03-18T00:00:00Z,Supply and Appropriation (Anticipation and Adjustments) Act 2019,Title: Supply and Appropriation (Anticipation and Adjustments) Act 2019 | Summary: No summary available | Description: No description available,UK_Parliament_Bills_Enriched_Corpus,1.05,19.77
2262,2019-03-15T00:00:00Z,Employment Guarantee Bill,Title: Employment Guarantee Bill | Summary: No summary available | Description: No description available,UK_Parliament_Bills_Enriched_Corpus,1.55,17.68
2344,2019-03-15T00:00:00Z,European Union (Requirements relating to Withdrawal) Bill,Title: European Union (Requirements relating to Withdrawal) Bill | Summary: No summary available | Description: No description available,UK_Parliament_Bills_Enriched_Corpus,0.9,19.62
2000,2019-03-15T00:00:00Z,Home Education (Duty of Local Authorities) Bill [HL],Title: Home Education (Duty of Local Authorities) Bill [HL] | Summary: No summary available | Description: No description available,UK_Parliament_Bills_Enriched_Corpus,0.8,17.9
2265,2019-03-15T00:00:00Z,House of Lords (Abolition and Replacement) Bill,Title: House of Lords (Abolition and Replacement) Bill | Summary: No summary available | Description: No description available,UK_Parliament_Bills_Enriched_Corpus,0.8,16.34
2345,2019-03-15T00:00:00Z,Kitchens in Rented Accommodation (Benefit Claimants) Bill,Title: Kitchens in Rented Accommodation (Benefit Claimants) Bill | Summary: No summary available | Description: No description available,UK_Parliament_Bills_Enriched_Corpus,1.95,18.96
2309,2019-03-15T00:00:00Z,School Uniforms Bill,Title: School Uniforms Bill | Summary: No summary available | Description: No description available,UK_Parliament_Bills_Enriched_Corpus,0.8,16
2154,2019-03-15T00:00:00Z,Terms of Withdrawal from EU (Referendum) Bill,Title: Terms of Withdrawal from EU (Referendum) Bill | Summary: No summary available | Description: No description available,UK_Parliament_Bills_Enriched_Corpus,0.8,16.34
2311,2019-03-12T00:00:00Z,"Gypsy and Traveller Communities (Housing, Planning and Education) Bill","Title: Gypsy and Traveller Communities (Housing, Planning and Education) Bill | Summary: No summary available | Description: No description available",UK_Parliament_Bills_Enriched_Corpus,0.8,19.35
2336,2019-03-06T00:00:00Z,Low-level Letter Boxes (Prohibition) Bill,Title: Low-level Letter Boxes (Prohibition) Bill | Summary: No summary available | Description: No description available,UK_Parliament_Bills_Enriched_Corpus,-0.2,17.42
2214,2019-02-20T00:00:00Z,Supply and Appropriation (Anticipation and Adjustments) Act 2018,Title: Supply and Appropriation (Anticipation and Adjustments) Act 2018 | Summary: No summary available | Description: No description available,UK_Parliament_Bills_Enriched_Corpus,1.05,19.77
2147,2019-02-18T00:00:00Z,Pensions (Review of Women’s Arrangements) Bill,Title: Pensions (Review of Women’s Arrangements) Bill | Summary: No summary available | Description: No description available,UK_Parliament_Bills_Enriched_Corpus,0.8,16.72
2247,2019-02-15T00:00:00Z,European Union Withdrawal Agreement (Public Vote) Bill,Title: European Union Withdrawal Agreement (Public Vote) Bill | Summary: No summary available | Description: No description available,UK_Parliament_Bills_Enriched_Corpus,1.3,18.96
2087,2019-02-15T00:00:00Z,High Speed 2 Phase 1 (Reviews of Public Expenditure) Bill,Title: High Speed 2 Phase 1 (Reviews of Public Expenditure) Bill | Summary: No summary available | Description: No description available,UK_Parliament_Bills_Enriched_Corpus,0.55,15.64
2267,2019-02-14T00:00:00Z,Voyeurism (Offences) Act 2019,Title: Voyeurism (Offences) Act 2019 | Summary: No summary available | Description: No description available,UK_Parliament_Bills_Enriched_Corpus,0.8,17.79
2273,2019-02-13T00:00:00Z,Crime (Overseas Production Orders) Act 2019,Title: Crime (Overseas Production Orders) Act 2019 | Summary: No summary available | Description: No description available,UK_Parliament_Bills_Enriched_Corpus,0.15,16.72
2306,2019-02-13T00:00:00Z,Finance Act 2019,Title: Finance Act 2019 | Summary: No summary available | Description: No description available,UK_Parliament_Bills_Enriched_Corpus,0.8,15.16
2242,2019-02-13T00:00:00Z,Tenant Fees Act 2019,Title: Tenant Fees Act 2019 | Summary: No summary available | Description: No description available,UK_Parliament_Bills_Enriched_Corpus,0.8,14.65
2184,2019-02-13T00:00:00Z,"Universal Credit (Application, Advice and Assistance) Bill","Title: Universal Credit (Application, Advice and Assistance) Bill | Summary: No summary available | Description: No description available",UK_Parliament_Bills_Enriched_Corpus,2.4,19.62
2288,2019-02-12T00:00:00Z,Civil Aviation (Accessibility) Bill,Title: Civil Aviation (Accessibility) Bill | Summary: No summary available | Description: No description available,UK_Parliament_Bills_Enriched_Corpus,1.6,20.94
2337,2019-02-12T00:00:00Z,European Union (Withdrawal) (No. 3) Bill,Title: European Union (Withdrawal) (No. 3) Bill | Summary: No summary available | Description: No description available,UK_Parliament_Bills_Enriched_Corpus,0.8,14.1
2238,2019-02-12T00:00:00Z,Prisons (Substance Testing) Bill,Title: Prisons (Substance Testing) Bill | Summary: No summary available | Description: No description available,UK_Parliament_Bills_Enriched_Corpus,0.8,16.22
2333,2019-02-12T00:00:00Z,Public Sector Supply Chains (Project Bank Accounts) Bill,Title: Public Sector Supply Chains (Project Bank Accounts) Bill | Summary: No summary available | Description: No description available,UK_Parliament_Bills_Enriched_Corpus,0.8,16.04
2266,2019-02-12T00:00:00Z,Representation of the People (Gibraltar) Bill,Title: Representation of the People (Gibraltar) Bill | Summary: No summary available | Description: No description available,UK_Parliament_Bills_Enriched_Corpus,0.8,18.11
2307,2019-02-12T00:00:00Z,Tobacco Bill,Title: Tobacco Bill | Summary: No summary available | Description: No description available,UK_Parliament_Bills_Enriched_Corpus,0.55,16.71
2244,2019-02-12T00:00:00Z,Victims of Terrorism (Pensions and Other Support) Bill,Title: Victims of Terrorism (Pensions and Other Support) Bill | Summary: No summary available | Description: No description available,UK_Parliament_Bills_Enriched_Corpus,-0.2,17.28
2301,2019-02-05T00:00:00Z,Collective Defined Contribution Pension Schemes Bill,Title: Collective Defined Contribution Pension Schemes Bill | Summary: No summary available | Description: No description available,UK_Parliament_Bills_Enriched_Corpus,1.05,18.11
2231,2019-01-25T00:00:00Z,Civil Liability Act 2018,Title: Civil Liability Act 2018 | Summary: No summary available | Description: No description available,UK_Parliament_Bills_Enriched_Corpus,1.1,17.79
2065,2019-01-23T00:00:00Z,Employment and Workers' Rights Bill,Title: Employment and Workers' Rights Bill | Summary: No summary available | Description: No description available,UK_Parliament_Bills_Enriched_Corpus,0.8,15.73
2060,2019-01-21T00:00:00Z,Prisons (Interference with Wireless Telegraphy) Act 2018,Title: Prisons (Interference with Wireless Telegraphy) Act 2018 | Summary: No summary available | Description: No description available,UK_Parliament_Bills_Enriched_Corpus,0.55,18.31
2062,2018-12-21T00:00:00Z,Homes (Fitness for Human Habitation) Act 2018,Title: Homes (Fitness for Human Habitation) Act 2018 | Summary: No summary available | Description: No description available,UK_Parliament_Bills_Enriched_Corpus,1.4,16.34
2251,2018-12-21T00:00:00Z,Ivory Act 2018,Title: Ivory Act 2018 | Summary: No summary available | Description: No description available,UK_Parliament_Bills_Enriched_Corpus,0.8,16
1711,2018-12-19T00:00:00Z,House of Commons Members’ Fund Act 2016,Title: House of Commons Members’ Fund Act 2016 | Summary: No summary available | Description: No description available,UK_Parliament_Bills_Enriched_Corpus,0.8,14.37
2139,2018-12-14T00:00:00Z,Electoral Candidate (Age) Bill,Title: Electoral Candidate (Age) Bill | Summary: No summary available | Description: No description available,UK_Parliament_Bills_Enriched_Corpus,1.05,17.79
2136,2018-12-14T00:00:00Z,European Union (Return of Contributions) Bill,Title: European Union (Return of Contributions) Bill | Summary: No summary available | Description: No description available,UK_Parliament_Bills_Enriched_Corpus,0.8,18.8
2108,2018-12-14T00:00:00Z,Holiday Pay Bill,Title: Holiday Pay Bill | Summary: No summary available | Description: No description available,UK_Parliament_Bills_Enriched_Corpus,1.5,16
2144,2018-12-14T00:00:00Z,Ovarian Cancer (Public Awareness) Bill,Title: Ovarian Cancer (Public Awareness) Bill | Summary: No summary available | Description: No description available,UK_Parliament_Bills_Enriched_Corpus,0.05,18.68
2260,2018-12-07T00:00:00Z,Alcohol (Minimum Pricing) (England) Bill,Title: Alcohol (Minimum Pricing) (England) Bill | Summary: No summary available | Description: No description available,UK_Parliament_Bills_Enriched_Corpus,0.8,17.94
2111,2018-12-07T00:00:00Z,Electoral Commission (Duties) Bill,Title: Electoral Commission (Duties) Bill | Summary: No summary available | Description: No description available,UK_Parliament_Bills_Enriched_Corpus,0.8,18.58
2097,2018-12-07T00:00:00Z,Employment Opportunities Bill,Title: Employment Opportunities Bill | Summary: No summary available | Description: No description available,UK_Parliament_Bills_Enriched_Corpus,1.8,19.37
2012,2018-12-07T00:00:00Z,Family Relationships (Impact Assessment and Targets) Bill [HL],Title: Family Relationships (Impact Assessment and Targets) Bill [HL] | Summary: No summary available | Description: No description available,UK_Parliament_Bills_Enriched_Corpus,0.65,18.53
2118,2018-12-07T00:00:00Z,Fishing (Access to Territorial Waters) Bill,Title: Fishing (Access to Territorial Waters) Bill | Summary: No summary available | Description: No description available,UK_Parliament_Bills_Enriched_Corpus,0.8,18.11
2114,2018-12-07T00:00:00Z,Fruit and Vegetables (Classification) Bill,Title: Fruit and Vegetables (Classification) Bill | Summary: No summary available | Description: No description available,UK_Parliament_Bills_Enriched_Corpus,0.8,17.94
2096,2018-12-07T00:00:00Z,Import Tariff (Reduction) Bill,Title: Import Tariff (Reduction) Bill | Summary: No summary available | Description: No description available,UK_Parliament_Bills_Enriched_Corpus,0.55,17.01
2123,2018-12-07T00:00:00Z,Manufactured Goods (Trade) Bill,Title: Manufactured Goods (Trade) Bill | Summary: No summary available | Description: No description available,UK_Parliament_Bills_Enriched_Corpus,1.4,16.22
2175,2018-11-21T00:00:00Z,Registration of Marriage (No. 2) Bill,Title: Registration of Marriage (No. 2) Bill | Summary: No summary available | Description: No description available,UK_Parliament_Bills_Enriched_Corpus,1.4,12.71
2150,2018-11-14T00:00:00Z,Northamptonshire Clinical Commissioning Groups (Merger) Bill,Title: Northamptonshire Clinical Commissioning Groups (Merger) Bill | Summary: No summary available | Description: No description available,UK_Parliament_Bills_Enriched_Corpus,0.8,20.19
2185,2018-11-13T00:00:00Z,Child Maintenance (Assessment of Parents' Income) Bill,Title: Child Maintenance (Assessment of Parents' Income) Bill | Summary: No summary available | Description: No description available,UK_Parliament_Bills_Enriched_Corpus,1.4,17
2236,2018-11-13T00:00:00Z,Discarded Needles (Offences) Bill,Title: Discarded Needles (Offences) Bill | Summary: No summary available | Description: No description available,UK_Parliament_Bills_Enriched_Corpus,0.2,17.79
2271,2018-11-13T00:00:00Z,Food Advertising (Protection of Children from Targeting) Bill,Title: Food Advertising (Protection of Children from Targeting) Bill | Summary: No summary available | Description: No description available,UK_Parliament_Bills_Enriched_Corpus,2,17.9
2270,2018-11-08T00:00:00Z,Northern Ireland Budget Act 2018,Title: Northern Ireland Budget Act 2018 | Summary: No summary available | Description: No description available,UK_Parliament_Bills_Enriched_Corpus,0.8,16.46
2250,2018-11-02T00:00:00Z,Non-Domestic Rating (Nursery Grounds) Act 2018,Title: Non-Domestic Rating (Nursery Grounds) Act 2018 | Summary: No summary available | Description: No description available,UK_Parliament_Bills_Enriched_Corpus,1.4,16.34
2300,2018-11-02T00:00:00Z,Northern Ireland (Executive Formation and Exercise of Functions) Act 2018,Title: Northern Ireland (Executive Formation and Exercise of Functions) Act 2018 | Summary: No summary available | Description: No description available,UK_Parliament_Bills_Enriched_Corpus,0.8,19.01
2169,2018-10-31T00:00:00Z,Live Animal Exports (Prohibition) Bill,Title: Live Animal Exports (Prohibition) Bill | Summary: No summary available | Description: No description available,UK_Parliament_Bills_Enriched_Corpus,-0.2,17.94
2245,2018-10-25T00:00:00Z,Protection of Pollinators Bill,Title: Protection of Pollinators Bill | Summary: No summary available | Description: No description available,UK_Parliament_Bills_Enriched_Corpus,1.6,17.79
2165,2018-10-16T00:00:00Z,Channel 4 (Relocation) Bill,Title: Channel 4 (Relocation) Bill | Summary: No summary available | Description: No description available,UK_Parliament_Bills_Enriched_Corpus,0.8,17.01
2188,2018-10-10T00:00:00Z,Sanctions (Human Rights Abuse and Corruption) Bill,Title: Sanctions (Human Rights Abuse and Corruption) Bill | Summary: No summary available | Description: No description available,UK_Parliament_Bills_Enriched_Corpus,-0.95,16.34
2058,2018-09-14T00:00:00Z,Assaults on Emergency Workers (Offences) Act 2018,Title: Assaults on Emergency Workers (Offences) Act 2018 | Summary: No summary available | Description: No description available,UK_Parliament_Bills_Enriched_Corpus,0.05,17.65
2073,2018-09-14T00:00:00Z,Parental Bereavement (Leave and Pay) Act 2018,Title: Parental Bereavement (Leave and Pay) Act 2018 | Summary: No summary available | Description: No description available,UK_Parliament_Bills_Enriched_Corpus,-0.05,15.69
2198,2018-09-14T00:00:00Z,Planning (Agent of Change) Bill,Title: Planning (Agent of Change) Bill | Summary: No summary available | Description: No description available,UK_Parliament_Bills_Enriched_Corpus,1.05,14.99
2233,2018-09-12T00:00:00Z,Fire Safety Information Bill,Title: Fire Safety Information Bill | Summary: No summary available | Description: No description available,UK_Parliament_Bills_Enriched_Corpus,1.75,17.79
2278,2018-09-07T00:00:00Z,Rail Passenger (Compensation) Bill,Title: Rail Passenger (Compensation) Bill | Summary: No summary available | Description: No description available,UK_Parliament_Bills_Enriched_Corpus,0.8,17.79
2163,2018-07-20T00:00:00Z,Automated and Electric Vehicles Act 2018,Title: Automated and Electric Vehicles Act 2018 | Summary: No summary available | Description: No description available,UK_Parliament_Bills_Enriched_Corpus,0.8,18.11
2210,2018-07-20T00:00:00Z,Haulage Permits and Trailer Registration Act 2018,Title: Haulage Permits and Trailer Registration Act 2018 | Summary: No summary available | Description: No description available,UK_Parliament_Bills_Enriched_Corpus,0.8,17
2274,2018-07-20T00:00:00Z,Supply and Appropriation (Main Estimates) Act 2018,Title: Supply and Appropriation (Main Estimates) Act 2018 | Summary: No summary available | Description: No description available,UK_Parliament_Bills_Enriched_Corpus,0.8,17.65
2218,2018-07-20T00:00:00Z,Voyeurism (Offences) Bill,Title: Voyeurism (Offences) Bill | Summary: No summary available | Description: No description available,UK_Parliament_Bills_Enriched_Corpus,0.8,18.53
2160,2018-06-27T00:00:00Z,Nuclear Safeguards Act 2018,Title: Nuclear Safeguards Act 2018 | Summary: No summary available | Description: No description available,UK_Parliament_Bills_Enriched_Corpus,0.4,16.22
2243,2018-06-15T00:00:00Z,Road Traffic Offenders (Surrender of Driving Licences etc.) (No. 2) Bill,Title: Road Traffic Offenders (Surrender of Driving Licences etc.) (No. 2) Bill | Summary: No summary available | Description: No description available,UK_Parliament_Bills_Enriched_Corpus,0.3,13.02
2187,2018-06-15T00:00:00Z,Service Animals (Offences) Bill,Title: Service Animals (Offences) Bill | Summary: No summary available | Description: No description available,UK_Parliament_Bills_Enriched_Corpus,0.8,17.79
2249,2018-06-15T00:00:00Z,Social Justice Commission Bill,Title: Social Justice Commission Bill | Summary: No summary available | Description: No description available,UK_Parliament_Bills_Enriched_Corpus,1.8,17.01
2166,2018-05-24T00:00:00Z,Sanctions and Anti-Money Laundering Act 2018,Title: Sanctions and Anti-Money Laundering Act 2018 | Summary: No summary available | Description: No description available,UK_Parliament_Bills_Enriched_Corpus,0.8,16.34
2164,2018-05-24T00:00:00Z,Smart Meters Act 2018,Title: Smart Meters Act 2018 | Summary: No summary available | Description: No description available,UK_Parliament_Bills_Enriched_Corpus,1.3,14.65
1984,2018-05-21T00:00:00Z,Northern Ireland (Ministerial Appointments and Regional Rates) Act 2017,Title: Northern Ireland (Ministerial Appointments and Regional Rates) Act 2017 | Summary: No summary available | Description: No description available,UK_Parliament_Bills_Enriched_Corpus,0.8,19.35
2191,2018-05-16T00:00:00Z,Laser Misuse (Vehicles) Act 2018,Title: Laser Misuse (Vehicles) Act 2018 | Summary: No summary available | Description: No description available,UK_Parliament_Bills_Enriched_Corpus,0.3,16.46
1990,2018-05-11T00:00:00Z,Financial Guidance and Claims Act 2018,Title: Financial Guidance and Claims Act 2018 | Summary: No summary available | Description: No description available,UK_Parliament_Bills_Enriched_Corpus,1.3,15.33
2192,2018-05-11T00:00:00Z,Secure Tenancies (Victims of Domestic Abuse) Act 2018,Title: Secure Tenancies (Victims of Domestic Abuse) Act 2018 | Summary: No summary available | Description: No description available,UK_Parliament_Bills_Enriched_Corpus,-0.7,17.28
2152,2018-04-24T00:00:00Z,School Holidays (Meals and Activities) Bill,Title: School Holidays (Meals and Activities) Bill | Summary: No summary available | Description: No description available,UK_Parliament_Bills_Enriched_Corpus,0.8,16.72
1721,2018-03-29T00:00:00Z,City of London Corporation (Open Spaces) Act 2018,Title: City of London Corporation (Open Spaces) Act 2018 | Summary: No summary available | Description: No description available,UK_Parliament_Bills_Enriched_Corpus,0.55,17.28
2229,2018-03-29T00:00:00Z,Northern Ireland Assembly Members (Pay) Act 2018,Title: Northern Ireland Assembly Members (Pay) Act 2018 | Summary: No summary available | Description: No description available,UK_Parliament_Bills_Enriched_Corpus,0.95,17
2181,2018-03-16T00:00:00Z,Finance Act 2018,Title: Finance Act 2018 | Summary: No summary available | Description: No description available,UK_Parliament_Bills_Enriched_Corpus,0.8,15.16
1996,2018-03-16T00:00:00Z,Space Industry Act 2018,Title: Space Industry Act 2018 | Summary: No summary available | Description: No description available,UK_Parliament_Bills_Enriched_Corpus,0.8,15.43
1908,2018-03-02T00:00:00Z,Criminal Finances Act 2017,Title: Criminal Finances Act 2017 | Summary: No summary available | Description: No description available,UK_Parliament_Bills_Enriched_Corpus,0.05,17.01
1989,2017-12-15T00:00:00Z,European Union (Approvals) Act 2017,Title: European Union (Approvals) Act 2017 | Summary: No summary available | Description: No description available,UK_Parliament_Bills_Enriched_Corpus,0.8,17.94
2153,2017-12-01T00:00:00Z,Finance (No. 2) Act 2017,Title: Finance (No. 2) Act 2017 | Summary: No summary available | Description: No description available,UK_Parliament_Bills_Enriched_Corpus,0.8,11.13
2151,2017-12-01T00:00:00Z,Genocide Determination (No. 2) Bill,Title: Genocide Determination (No. 2) Bill | Summary: No summary available | Description: No description available,UK_Parliament_Bills_Enriched_Corpus,0.6,14.82
1719,2017-11-21T00:00:00Z,New Southgate Cemetery Act 2017,Title: New Southgate Cemetery Act 2017 | Summary: No summary available | Description: No description available,UK_Parliament_Bills_Enriched_Corpus,1.1,16.46
1988,2017-11-17T00:00:00Z,Air Travel Organisers’ Licensing Act 2017,Title: Air Travel Organisers’ Licensing Act 2017 | Summary: No summary available | Description: No description available,UK_Parliament_Bills_Enriched_Corpus,0.8,17.42
2174,2017-11-17T00:00:00Z,Northern Ireland Budget Act 2017,Title: Northern Ireland Budget Act 2017 | Summary: No summary available | Description: No description available,UK_Parliament_Bills_Enriched_Corpus,0.8,16.46
1905,2017-09-21T00:00:00Z,National Citizen Service Act 2017,Title: National Citizen Service Act 2017 | Summary: No summary available | Description: No description available,UK_Parliament_Bills_Enriched_Corpus,0.8,17.2
1857,2017-08-15T00:00:00Z,Child Poverty in the UK (Target for Reduction) Bill,Title: Child Poverty in the UK (Target for Reduction) Bill | Summary: No summary available | Description: No description available,UK_Parliament_Bills_Enriched_Corpus,0.65,16.4
1838,2017-08-15T00:00:00Z,Homelessness Reduction Act 2017,Title: Homelessness Reduction Act 2017 | Summary: No summary available | Description: No description available,UK_Parliament_Bills_Enriched_Corpus,0.8,17.01
1854,2017-08-15T00:00:00Z,Kew Gardens (Leases) Bill,Title: Kew Gardens (Leases) Bill | Summary: No summary available | Description: No description available,UK_Parliament_Bills_Enriched_Corpus,0.8,15.43
1954,2017-08-15T00:00:00Z,Preventing and Combating Violence Against Women and Domestic Violence (Ratification of Convention) Act 2017,Title: Preventing and Combating Violence Against Women and Domestic Violence (Ratification of Convention) Act 2017 | Summary: No summary available | Description: No description available,UK_Parliament_Bills_Enriched_Corpus,0.7,21.54
1842,2017-08-11T00:00:00Z,Awards for Valour (Protection) Bill,Title: Awards for Valour (Protection) Bill | Summary: No summary available | Description: No description available,UK_Parliament_Bills_Enriched_Corpus,2.1,16.46
1774,2017-07-28T00:00:00Z,Children and Social Work Act 2017,Title: Children and Social Work Act 2017 | Summary: No summary available | Description: No description available,UK_Parliament_Bills_Enriched_Corpus,1.05,14.64
1957,2017-06-21T00:00:00Z,Crime (Assaults on Emergency Services Staff) Bill,Title: Crime (Assaults on Emergency Services Staff) Bill | Summary: No summary available | Description: No description available,UK_Parliament_Bills_Enriched_Corpus,-0.7,17
1846,2017-05-03T00:00:00Z,Registration of Marriage Bill,Title: Registration of Marriage Bill | Summary: No summary available | Description: No description available,UK_Parliament_Bills_Enriched_Corpus,1.4,17.01
1836,2017-05-03T00:00:00Z,Sexual Offences (Pardons Etc.) Bill,Title: Sexual Offences (Pardons Etc.) Bill | Summary: No summary available | Description: No description available,UK_Parliament_Bills_Enriched_Corpus,1.6,16.29
1793,2017-05-02T00:00:00Z,Arbitration and Mediation Services (Equality) Bill [HL],Title: Arbitration and Mediation Services (Equality) Bill [HL] | Summary: No summary available | Description: No description available,UK_Parliament_Bills_Enriched_Corpus,1.2,20.27
1817,2017-05-02T00:00:00Z,Automatic Electoral Registration (School Students) Bill [HL],Title: Automatic Electoral Registration (School Students) Bill [HL] | Summary: No summary available | Description: No description available,UK_Parliament_Bills_Enriched_Corpus,0.8,19.62
1810,2017-05-02T00:00:00Z,BBC Royal Charter Bill [HL],Title: BBC Royal Charter Bill [HL] | Summary: No summary available | Description: No description available,UK_Parliament_Bills_Enriched_Corpus,0.8,16.46
1825,2017-05-02T00:00:00Z,Betting Licences (Category B2 Gaming Machines) Bill [HL],Title: Betting Licences (Category B2 Gaming Machines) Bill [HL] | Summary: No summary available | Description: No description available,UK_Parliament_Bills_Enriched_Corpus,0.8,17.9
1788,2017-05-02T00:00:00Z,Budget Responsibility and National Audit (Fiscal Mandate) Bill [HL],Title: Budget Responsibility and National Audit (Fiscal Mandate) Bill [HL] | Summary: No summary available | Description: No description available,UK_Parliament_Bills_Enriched_Corpus,0.8,19.35
1821,2017-05-02T00:00:00Z,Carers (Leave Entitlement) Bill [HL],Title: Carers (Leave Entitlement) Bill [HL] | Summary: No summary available | Description: No description available,UK_Parliament_Bills_Enriched_Corpus,0.55,16.46
1802,2017-05-02T00:00:00Z,Child Contact Centres (Accreditation) Bill [HL],Title: Child Contact Centres (Accreditation) Bill [HL] | Summary: No summary available | Description: No description available,UK_Parliament_Bills_Enriched_Corpus,1.8,17.42
1831,2017-05-02T00:00:00Z,Disability Employment (Gap) Bill [HL],Title: Disability Employment (Gap) Bill [HL] | Summary: No summary available | Description: No description available,UK_Parliament_Bills_Enriched_Corpus,0,17.94
1830,2017-05-02T00:00:00Z,Economic Strategy Bill [HL],Title: Economic Strategy Bill [HL] | Summary: No summary available | Description: No description available,UK_Parliament_Bills_Enriched_Corpus,0.55,17.79
1812,2017-05-02T00:00:00Z,Ethnicity Pay Gap Bill [HL],Title: Ethnicity Pay Gap Bill [HL] | Summary: No summary available | Description: No description available,UK_Parliament_Bills_Enriched_Corpus,0.7,15.73
1890,2017-05-02T00:00:00Z,Fixed-term Parliaments (Repeal) Bill [HL],Title: Fixed-term Parliaments (Repeal) Bill [HL] | Summary: No summary available | Description: No description available,UK_Parliament_Bills_Enriched_Corpus,0.8,15.33
1797,2017-05-02T00:00:00Z,House of Lords Reform Bill [HL],Title: House of Lords Reform Bill [HL] | Summary: No summary available | Description: No description available,UK_Parliament_Bills_Enriched_Corpus,1.05,13.95
1816,2017-05-02T00:00:00Z,Humanitarian Assistance (Genocide Victims) Bill [HL],Title: Humanitarian Assistance (Genocide Victims) Bill [HL] | Summary: No summary available | Description: No description available,UK_Parliament_Bills_Enriched_Corpus,0.85,20.19
1804,2017-05-02T00:00:00Z,Political Parties (Funding and Expenditure) Bill [HL],Title: Political Parties (Funding and Expenditure) Bill [HL] | Summary: No summary available | Description: No description available,UK_Parliament_Bills_Enriched_Corpus,0.55,18.31
1780,2017-05-02T00:00:00Z,Register of Arms Brokers Bill [HL],Title: Register of Arms Brokers Bill [HL] | Summary: No summary available | Description: No description available,UK_Parliament_Bills_Enriched_Corpus,0.8,15.33
1781,2017-05-02T00:00:00Z,Renters’ Rights Bill [HL],Title: Renters’ Rights Bill [HL] | Summary: No summary available | Description: No description available,UK_Parliament_Bills_Enriched_Corpus,0.8,14.65
1798,2017-05-02T00:00:00Z,Student Support (Non-Interest-Bearing Finance) Bill [HL],Title: Student Support (Non-Interest-Bearing Finance) Bill [HL] | Summary: No summary available | Description: No description available,UK_Parliament_Bills_Enriched_Corpus,1.3,16.66
1827,2017-05-02T00:00:00Z,Support to Exit Prostitution Bill [HL],Title: Support to Exit Prostitution Bill [HL] | Summary: No summary available | Description: No description available,UK_Parliament_Bills_Enriched_Corpus,0.8,16.72
1813,2017-05-02T00:00:00Z,Teacher Training (Special Educational Needs) Bill [HL],Title: Teacher Training (Special Educational Needs) Bill [HL] | Summary: No summary available | Description: No description available,UK_Parliament_Bills_Enriched_Corpus,2.65,17.65
1876,2017-04-28T00:00:00Z,Animal Cruelty (Sentencing) Bill,Title: Animal Cruelty (Sentencing) Bill | Summary: No summary available | Description: No description available,UK_Parliament_Bills_Enriched_Corpus,-0.45,17.79
1863,2017-04-28T00:00:00Z,Animal Fighting (Sentencing) Bill,Title: Animal Fighting (Sentencing) Bill | Summary: No summary available | Description: No description available,UK_Parliament_Bills_Enriched_Corpus,-0.25,17.79
1897,2017-04-28T00:00:00Z,Arms Export Controls (Countries of Concern) Bill,Title: Arms Export Controls (Countries of Concern) Bill | Summary: No summary available | Description: No description available,UK_Parliament_Bills_Enriched_Corpus,0.2,15.69
1920,2017-04-28T00:00:00Z,British Victims of Terrorism (Asset-Freezing and Compensation) Bill,Title: British Victims of Terrorism (Asset-Freezing and Compensation) Bill | Summary: No summary available | Description: No description available,UK_Parliament_Bills_Enriched_Corpus,-0.7,18.76
1861,2017-04-28T00:00:00Z,Broadcasting (Radio Multiplex Services) Act 2017,Title: Broadcasting (Radio Multiplex Services) Act 2017 | Summary: No summary available | Description: No description available,UK_Parliament_Bills_Enriched_Corpus,0.8,18.8
1948,2017-04-28T00:00:00Z,Burial Rights Reform Bill,Title: Burial Rights Reform Bill | Summary: No summary available | Description: No description available,UK_Parliament_Bills_Enriched_Corpus,0.55,16.22
1775,2017-04-28T00:00:00Z,Bus Services Act 2017 ch 21,Title: Bus Services Act 2017 ch 21 | Summary: No summary available | Description: No description available,UK_Parliament_Bills_Enriched_Corpus,0.8,14.64
1965,2017-04-28T00:00:00Z,Careers Guidance (Access to Schools) Bill,Title: Careers Guidance (Access to Schools) Bill | Summary: No summary available | Description: No description available,UK_Parliament_Bills_Enriched_Corpus,1.55,15.33
1937,2017-04-28T00:00:00Z,Children of Armed Services Personnel (Schools Admission) Bill,Title: Children of Armed Services Personnel (Schools Admission) Bill | Summary: No summary available | Description: No description available,UK_Parliament_Bills_Enriched_Corpus,0.8,17.28
1966,2017-04-28T00:00:00Z,Companies Documentation (Transgender Persons) Bill,Title: Companies Documentation (Transgender Persons) Bill | Summary: No summary available | Description: No description available,UK_Parliament_Bills_Enriched_Corpus,0.8,20.15
1987,2017-04-28T00:00:00Z,Construction Industry (Protection of Cash Retentions) Bill,Title: Construction Industry (Protection of Cash Retentions) Bill | Summary: No summary available | Description: No description available,UK_Parliament_Bills_Enriched_Corpus,2,18.31
1911,2017-04-28T00:00:00Z,Cosmetic Surgery (Standards of Practice) Bill,Title: Cosmetic Surgery (Standards of Practice) Bill | Summary: No summary available | Description: No description available,UK_Parliament_Bills_Enriched_Corpus,1.2,17.42
1865,2017-04-28T00:00:00Z,Crown Tenancies Bill,Title: Crown Tenancies Bill | Summary: No summary available | Description: No description available,UK_Parliament_Bills_Enriched_Corpus,0.8,16
1941,2017-04-28T00:00:00Z,Diabetes Inpatient Care Bill,Title: Diabetes Inpatient Care Bill | Summary: No summary available | Description: No description available,UK_Parliament_Bills_Enriched_Corpus,1.8,17.79
1972,2017-04-28T00:00:00Z,Diplomatic Service (United Kingdom Wines and Sparkling Wines) Bill,Title: Diplomatic Service (United Kingdom Wines and Sparkling Wines) Bill | Summary: No summary available | Description: No description available,UK_Parliament_Bills_Enriched_Corpus,2.3,17.58
1880,2017-04-28T00:00:00Z,EU Citizens Resident in the United Kingdom (Right To Stay) Bill,Title: EU Citizens Resident in the United Kingdom (Right To Stay) Bill | Summary: No summary available | Description: No description available,UK_Parliament_Bills_Enriched_Corpus,2.1,16.59
1845,2017-04-28T00:00:00Z,Families with Children and Young People in Debt (Respite) Bill,Title: Families with Children and Young People in Debt (Respite) Bill | Summary: No summary available | Description: No description available,UK_Parliament_Bills_Enriched_Corpus,1.2,15.64
1977,2017-04-28T00:00:00Z,Family Justice Bill,Title: Family Justice Bill | Summary: No summary available | Description: No description available,UK_Parliament_Bills_Enriched_Corpus,1.8,16.84
1849,2017-04-28T00:00:00Z,Farriers (Registration) Act 2017,Title: Farriers (Registration) Act 2017 | Summary: No summary available | Description: No description available,UK_Parliament_Bills_Enriched_Corpus,0.8,17.01
1925,2017-04-28T00:00:00Z,Feeding Products for Babies and Children (Advertising and Promotion) Bill,Title: Feeding Products for Babies and Children (Advertising and Promotion) Bill | Summary: No summary available | Description: No description available,UK_Parliament_Bills_Enriched_Corpus,1.3,17.89
1970,2017-04-28T00:00:00Z,Finance Act 2017,Title: Finance Act 2017 | Summary: No summary available | Description: No description available,UK_Parliament_Bills_Enriched_Corpus,0.8,15.16
1935,2017-04-28T00:00:00Z,Football Supporters (Access) Bill,Title: Football Supporters (Access) Bill | Summary: No summary available | Description: No description available,UK_Parliament_Bills_Enriched_Corpus,1.6,17.01
1936,2017-04-28T00:00:00Z,Gender Identity (Protected Characteristic) Bill,Title: Gender Identity (Protected Characteristic) Bill | Summary: No summary available | Description: No description available,UK_Parliament_Bills_Enriched_Corpus,1.6,20.89
1961,2017-04-28T00:00:00Z,Government Services (Telecommunication Charges) Bill,Title: Government Services (Telecommunication Charges) Bill | Summary: No summary available | Description: No description available,UK_Parliament_Bills_Enriched_Corpus,0.3,21.63
1945,2017-04-28T00:00:00Z,Guardianship (Missing Persons) Act 2017,Title: Guardianship (Missing Persons) Act 2017 | Summary: No summary available | Description: No description available,UK_Parliament_Bills_Enriched_Corpus,1.1,17.2
1874,2017-04-28T00:00:00Z,Housing (Tenants' Rights) Bill,Title: Housing (Tenants' Rights) Bill | Summary: No summary available | Description: No description available,UK_Parliament_Bills_Enriched_Corpus,0.8,15.43
1864,2017-04-28T00:00:00Z,Local Audit (Public Access to Documents) Act 2017,Title: Local Audit (Public Access to Documents) Act 2017 | Summary: No summary available | Description: No description available,UK_Parliament_Bills_Enriched_Corpus,0.8,16.66
1877,2017-04-28T00:00:00Z,Malicious Communications (Social Media) Bill,Title: Malicious Communications (Social Media) Bill | Summary: No summary available | Description: No description available,UK_Parliament_Bills_Enriched_Corpus,0.3,20.15
1855,2017-04-28T00:00:00Z,Merchant Shipping (Homosexual Conduct) Act 2017,Title: Merchant Shipping (Homosexual Conduct) Act 2017 | Summary: No summary available | Description: No description available,UK_Parliament_Bills_Enriched_Corpus,0.55,18.11
1939,2017-04-28T00:00:00Z,Mutualisation of the Royal Bank of Scotland Bill,Title: Mutualisation of the Royal Bank of Scotland Bill | Summary: No summary available | Description: No description available,UK_Parliament_Bills_Enriched_Corpus,0.8,16.66
1839,2017-04-28T00:00:00Z,National Minimum Wage (Workplace Internships) Bill,Title: National Minimum Wage (Workplace Internships) Bill | Summary: No summary available | Description: No description available,UK_Parliament_Bills_Enriched_Corpus,0.8,18.11
1889,2017-04-28T00:00:00Z,Neighbourhood Planning Act 2017,Title: Neighbourhood Planning Act 2017 | Summary: No summary available | Description: No description available,UK_Parliament_Bills_Enriched_Corpus,1.05,16.22
1980,2017-04-28T00:00:00Z,Parish Council Governance (Principles of Public Life) Bill,Title: Parish Council Governance (Principles of Public Life) Bill | Summary: No summary available | Description: No description available,UK_Parliament_Bills_Enriched_Corpus,1.2,17.28
1850,2017-04-28T00:00:00Z,Parking Places (Variation of Charges) Act 2017,Title: Parking Places (Variation of Charges) Act 2017 | Summary: No summary available | Description: No description available,UK_Parliament_Bills_Enriched_Corpus,0.8,17
1912,2017-04-28T00:00:00Z,Pension Schemes Act 2017,Title: Pension Schemes Act 2017 | Summary: No summary available | Description: No description available,UK_Parliament_Bills_Enriched_Corpus,0.8,14.65
1949,2017-04-28T00:00:00Z,Promotion of Israeli-Palestinian Peace (United Kingdom Participation) Bill,Title: Promotion of Israeli-Palestinian Peace (United Kingdom Participation) Bill | Summary: No summary available | Description: No description available,UK_Parliament_Bills_Enriched_Corpus,3.15,21.71
1872,2017-04-28T00:00:00Z,Protection of Family Homes (Enforcement and Permitted Development) Bill,Title: Protection of Family Homes (Enforcement and Permitted Development) Bill | Summary: No summary available | Description: No description available,UK_Parliament_Bills_Enriched_Corpus,1.1,19.35
1968,2017-04-28T00:00:00Z,Queen's Sapphire Jubilee Bill,Title: Queen's Sapphire Jubilee Bill | Summary: No summary available | Description: No description available,UK_Parliament_Bills_Enriched_Corpus,0.8,17.01
1943,2017-04-28T00:00:00Z,Rail Ombudsman Bill,Title: Rail Ombudsman Bill | Summary: No summary available | Description: No description available,UK_Parliament_Bills_Enriched_Corpus,0.8,16
1869,2017-04-28T00:00:00Z,Road Traffic Offenders (Surrender of Driving Licences Etc) Bill,Title: Road Traffic Offenders (Surrender of Driving Licences Etc) Bill | Summary: No summary available | Description: No description available,UK_Parliament_Bills_Enriched_Corpus,0.3,19.35
1904,2017-04-28T00:00:00Z,"Sugar in Food and Drinks (Targets, Labelling and Advertising) Bill","Title: Sugar in Food and Drinks (Targets, Labelling and Advertising) Bill | Summary: No summary available | Description: No description available",UK_Parliament_Bills_Enriched_Corpus,0.8,16.76
1916,2017-04-28T00:00:00Z,Technical and Further Education Act 2017,Title: Technical and Further Education Act 2017 | Summary: No summary available | Description: No description available,UK_Parliament_Bills_Enriched_Corpus,0.8,17.42
1976,2017-04-28T00:00:00Z,Terms of Withdrawal from the European Union (Referendum) Bill,Title: Terms of Withdrawal from the European Union (Referendum) Bill | Summary: No summary available | Description: No description available,UK_Parliament_Bills_Enriched_Corpus,0.8,18.17
1883,2017-04-28T00:00:00Z,UK Environmental Protection (Maintenance of EU Standards) Bill,Title: UK Environmental Protection (Maintenance of EU Standards) Bill | Summary: No summary available | Description: No description available,UK_Parliament_Bills_Enriched_Corpus,1.6,19.15
1885,2017-04-28T00:00:00Z,UK International Trade and Investment Agreements (Ratification) Bill,Title: UK International Trade and Investment Agreements (Ratification) Bill | Summary: No summary available | Description: No description available,UK_Parliament_Bills_Enriched_Corpus,0.8,21.01
1986,2017-04-28T00:00:00Z,Unauthorised Overdrafts (Cost of Credit) Bill,Title: Unauthorised Overdrafts (Cost of Credit) Bill | Summary: No summary available | Description: No description available,UK_Parliament_Bills_Enriched_Corpus,1.2,18.11
1906,2017-04-28T00:00:00Z,Unlawful Killing (Recovery of Remains) Bill,Title: Unlawful Killing (Recovery of Remains) Bill | Summary: No summary available | Description: No description available,UK_Parliament_Bills_Enriched_Corpus,-0.2,17.42
1899,2017-04-28T00:00:00Z,Unsolicited Marketing Communications (Company Directors) Bill,Title: Unsolicited Marketing Communications (Company Directors) Bill | Summary: No summary available | Description: No description available,UK_Parliament_Bills_Enriched_Corpus,0.8,22.97
1860,2017-04-28T00:00:00Z,Vehicle Noise Limits (Enforcement) Bill,Title: Vehicle Noise Limits (Enforcement) Bill | Summary: No summary available | Description: No description available,UK_Parliament_Bills_Enriched_Corpus,0.05,17.2
1862,2017-04-28T00:00:00Z,Wild Animals in Circuses (Prohibition) Bill,Title: Wild Animals in Circuses (Prohibition) Bill | Summary: No summary available | Description: No description available,UK_Parliament_Bills_Enriched_Corpus,-0.45,18.11
1722,2017-04-27T00:00:00Z,Faversham Oyster Fishery Company Act 2017,Title: Faversham Oyster Fishery Company Act 2017 | Summary: No summary available | Description: No description available,UK_Parliament_Bills_Enriched_Corpus,0.8,18.11
1952,2017-04-03T00:00:00Z,European Union (Notification of Withdrawal) Act 2017,Title: European Union (Notification of Withdrawal) Act 2017 | Summary: No summary available | Description: No description available,UK_Parliament_Bills_Enriched_Corpus,0.8,19.62
1828,2017-03-29T00:00:00Z,Missing Persons Guardianship Bill [HL],Title: Missing Persons Guardianship Bill [HL] | Summary: No summary available | Description: No description available,UK_Parliament_Bills_Enriched_Corpus,1.1,17.2
1938,2017-03-28T00:00:00Z,Electoral Reform (Local Elections and Miscellaneous Provisions) Bill,Title: Electoral Reform (Local Elections and Miscellaneous Provisions) Bill | Summary: No summary available | Description: No description available,UK_Parliament_Bills_Enriched_Corpus,1.05,21.01
1760,2017-03-24T00:00:00Z,Finance Act 2016,Title: Finance Act 2016 | Summary: No summary available | Description: No description available,UK_Parliament_Bills_Enriched_Corpus,0.8,15.16
1917,2017-03-23T00:00:00Z,Maternity and Paternity Leave (Premature Birth) Bill,Title: Maternity and Paternity Leave (Premature Birth) Bill | Summary: No summary available | Description: No description available,UK_Parliament_Bills_Enriched_Corpus,1.75,18.31
1973,2017-03-23T00:00:00Z,Network Rail (Scotland) Bill,Title: Network Rail (Scotland) Bill | Summary: No summary available | Description: No description available,UK_Parliament_Bills_Enriched_Corpus,0.8,15.43
1947,2017-03-23T00:00:00Z,Organ Donation (Deemed Consent) Bill,Title: Organ Donation (Deemed Consent) Bill | Summary: No summary available | Description: No description available,UK_Parliament_Bills_Enriched_Corpus,2.4,16.46
1955,2017-03-22T00:00:00Z,Crime (Aggravated Murder of and Violence Against Women) Bill,Title: Crime (Aggravated Murder of and Violence Against Women) Bill | Summary: No summary available | Description: No description available,UK_Parliament_Bills_Enriched_Corpus,-1.95,17.58
1913,2017-03-21T00:00:00Z,Housing Standards (Preparation and Storage of Food by Tenants in Receipt of Universal Credit or Housing Benefit) Bill,Title: Housing Standards (Preparation and Storage of Food by Tenants in Receipt of Universal Credit or Housing Benefit) Bill | Summary: No summary available | Description: No description available,UK_Parliament_Bills_Enriched_Corpus,2.75,19.73
1786,2017-03-17T00:00:00Z,Lobbying (Transparency) Bill [HL],Title: Lobbying (Transparency) Bill [HL] | Summary: No summary available | Description: No description available,UK_Parliament_Bills_Enriched_Corpus,0.8,17.79
1964,2017-03-17T00:00:00Z,Supply and Appropriation (Anticipation and Adjustments) Act 2017,Title: Supply and Appropriation (Anticipation and Adjustments) Act 2017 | Summary: No summary available | Description: No description available,UK_Parliament_Bills_Enriched_Corpus,1.05,19.77
1926,2017-03-01T00:00:00Z,Organ Donors (Leave) Bill,Title: Organ Donors (Leave) Bill | Summary: No summary available | Description: No description available,UK_Parliament_Bills_Enriched_Corpus,0.55,15.43
1843,2017-02-27T00:00:00Z,Benefit Claimants Sanctions (Required Assessment) Bill,Title: Benefit Claimants Sanctions (Required Assessment) Bill | Summary: No summary available | Description: No description available,UK_Parliament_Bills_Enriched_Corpus,1.55,18.8
1922,2017-02-24T00:00:00Z,Commonwealth Development Corporation Act 2017,Title: Commonwealth Development Corporation Act 2017 | Summary: No summary available | Description: No description available,UK_Parliament_Bills_Enriched_Corpus,0.55,19.41
1776,2017-02-24T00:00:00Z,Cultural Property (Armed Conflicts) Act 2017,Title: Cultural Property (Armed Conflicts) Act 2017 | Summary: No summary available | Description: No description available,UK_Parliament_Bills_Enriched_Corpus,0.3,16.72
1944,2017-02-24T00:00:00Z,Mutual Guarantee Societies Bill,Title: Mutual Guarantee Societies Bill | Summary: No summary available | Description: No description available,UK_Parliament_Bills_Enriched_Corpus,2.15,19.37
1879,2017-02-22T00:00:00Z,Parthenon Sculptures (Return to Greece) Bill,Title: Parthenon Sculptures (Return to Greece) Bill | Summary: No summary available | Description: No description available,UK_Parliament_Bills_Enriched_Corpus,0.8,16.03
1868,2017-02-21T00:00:00Z,Use of Property (Protection) Bill,Title: Use of Property (Protection) Bill | Summary: No summary available | Description: No description available,UK_Parliament_Bills_Enriched_Corpus,1.6,16.46
1933,2017-02-21T00:00:00Z,Withdrawal from the European Union (Article 50) Bill,Title: Withdrawal from the European Union (Article 50) Bill | Summary: No summary available | Description: No description available,UK_Parliament_Bills_Enriched_Corpus,0.8,17.9
1800,2017-02-03T00:00:00Z,Wales Act 2017,Title: Wales Act 2017 | Summary: No summary available | Description: No description available,UK_Parliament_Bills_Enriched_Corpus,0.8,14.31
1867,2017-02-01T00:00:00Z,Local Authority Roads (Wildlife Protection) Bill,Title: Local Authority Roads (Wildlife Protection) Bill | Summary: No summary available | Description: No description available,UK_Parliament_Bills_Enriched_Corpus,2.1,18.11
1745,2017-02-01T00:00:00Z,Policing and Crime Act 2017,Title: Policing and Crime Act 2017 | Summary: No summary available | Description: No description available,UK_Parliament_Bills_Enriched_Corpus,0.05,14.99
1921,2017-01-30T00:00:00Z,Small and Medium Sized Co-operative Development Bill,Title: Small and Medium Sized Co-operative Development Bill | Summary: No summary available | Description: No description available,UK_Parliament_Bills_Enriched_Corpus,1.3,17.9
1866,2017-01-18T00:00:00Z,Highway Works (Weekend Working and Traffic Management Measures) Bill,Title: Highway Works (Weekend Working and Traffic Management Measures) Bill | Summary: No summary available | Description: No description available,UK_Parliament_Bills_Enriched_Corpus,1.7,16.99
1927,2017-01-18T00:00:00Z,Representation of the People (Voter Proof of Identity) Bill,Title: Representation of the People (Voter Proof of Identity) Bill | Summary: No summary available | Description: No description available,UK_Parliament_Bills_Enriched_Corpus,1.4,18.17
1888,2017-01-17T00:00:00Z,Savings (Government Contributions) Act 2017,Title: Savings (Government Contributions) Act 2017 | Summary: No summary available | Description: No description available,UK_Parliament_Bills_Enriched_Corpus,0.8,17.94
1895,2017-01-17T00:00:00Z,Small Charitable Donations and Childcare Payments Act 2017,Title: Small Charitable Donations and Childcare Payments Act 2017 | Summary: No summary available | Description: No description available,UK_Parliament_Bills_Enriched_Corpus,1.3,17.28
1909,2017-01-17T00:00:00Z,Stalking (Sentencing) Bill,Title: Stalking (Sentencing) Bill | Summary: No summary available | Description: No description available,UK_Parliament_Bills_Enriched_Corpus,-0.25,16.84
1851,2016-12-02T00:00:00Z,Disability Equality Training (Taxi and Private Hire Vehicle Drivers) Bill,Title: Disability Equality Training (Taxi and Private Hire Vehicle Drivers) Bill | Summary: No summary available | Description: No description available,UK_Parliament_Bills_Enriched_Corpus,1.4,20.7
1749,2016-12-02T00:00:00Z,Investigatory Powers Act 2016,Title: Investigatory Powers Act 2016 | Summary: No summary available | Description: No description available,UK_Parliament_Bills_Enriched_Corpus,0.8,18.58
1902,2016-11-18T00:00:00Z,Air Quality (Diesel Emissions in Urban Centres) Bill,Title: Air Quality (Diesel Emissions in Urban Centres) Bill | Summary: No summary available | Description: No description available,UK_Parliament_Bills_Enriched_Corpus,0.8,17.28
1847,2016-11-02T00:00:00Z,Assets of Community Value Bill,Title: Assets of Community Value Bill | Summary: No summary available | Description: No description available,UK_Parliament_Bills_Enriched_Corpus,1.9,17.2
1852,2016-11-02T00:00:00Z,Gangmasters (Licensing) and Labour Abuse Authority Bill,Title: Gangmasters (Licensing) and Labour Abuse Authority Bill | Summary: No summary available | Description: No description available,UK_Parliament_Bills_Enriched_Corpus,0.3,18.96
1720,2016-10-05T00:00:00Z,Haberdashers' Aske's Charity Act 2016,Title: Haberdashers' Aske's Charity Act 2016 | Summary: No summary available | Description: No description available,UK_Parliament_Bills_Enriched_Corpus,1.6,17.94
1592,2016-08-15T00:00:00Z,Childcare Act 2016,Title: Childcare Act 2016 | Summary: No summary available | Description: No description available,UK_Parliament_Bills_Enriched_Corpus,0.8,15.16
1337,2016-07-27T00:00:00Z,Consumer Rights Act 2015,Title: Consumer Rights Act 2015 | Summary: No summary available | Description: No description available,UK_Parliament_Bills_Enriched_Corpus,0.8,15.43
1858,2016-07-21T00:00:00Z,Supply and Appropriation (Main Estimates) Act 2016,Title: Supply and Appropriation (Main Estimates) Act 2016 | Summary: No summary available | Description: No description available,UK_Parliament_Bills_Enriched_Corpus,0.8,17.65
1685,2016-05-23T00:00:00Z,Trade Union Act 2016,Title: Trade Union Act 2016 | Summary: No summary available | Description: No description available,UK_Parliament_Bills_Enriched_Corpus,0.8,14.65
799,2016-05-19T00:00:00Z,Transport for London Act 2016,Title: Transport for London Act 2016 | Summary: No summary available | Description: No description available,UK_Parliament_Bills_Enriched_Corpus,0.8,14.99
1644,2016-05-13T00:00:00Z,Criminal Cases Review Commission (Information) Act 2016,Title: Criminal Cases Review Commission (Information) Act 2016 | Summary: No summary available | Description: No description available,UK_Parliament_Bills_Enriched_Corpus,0.45,18.96
1739,2016-05-13T00:00:00Z,Driving Instructors (Registration) Act 2016,Title: Driving Instructors (Registration) Act 2016 | Summary: No summary available | Description: No description available,UK_Parliament_Bills_Enriched_Corpus,0.8,17.94
1735,2016-05-13T00:00:00Z,Freedom of Information (Public Interest and Transparency) Bill,Title: Freedom of Information (Public Interest and Transparency) Bill | Summary: No summary available | Description: No description available,UK_Parliament_Bills_Enriched_Corpus,2.45,19.15
1714,2016-05-13T00:00:00Z,Government Departments (Decentralisation Target) Bill,Title: Government Departments (Decentralisation Target) Bill | Summary: No summary available | Description: No description available,UK_Parliament_Bills_Enriched_Corpus,0.3,20.89
1645,2016-05-13T00:00:00Z,Higher Education (Information) Bill,Title: Higher Education (Information) Bill | Summary: No summary available | Description: No description available,UK_Parliament_Bills_Enriched_Corpus,1.2,19.37
1639,2016-05-13T00:00:00Z,Homes (Fitness for Human Habitation) Bill,Title: Homes (Fitness for Human Habitation) Bill | Summary: No summary available | Description: No description available,UK_Parliament_Bills_Enriched_Corpus,1.4,16.72
1737,2016-05-13T00:00:00Z,House of Commons Members' Fund Bill,Title: House of Commons Members' Fund Bill | Summary: No summary available | Description: No description available,UK_Parliament_Bills_Enriched_Corpus,0.8,14.64
1667,2016-05-13T00:00:00Z,House of Lords (Maximum Membership) Bill,Title: House of Lords (Maximum Membership) Bill | Summary: No summary available | Description: No description available,UK_Parliament_Bills_Enriched_Corpus,0.8,16.03
1715,2016-05-13T00:00:00Z,House of Lords (Parliamentary Standards Etc) Bill,Title: House of Lords (Parliamentary Standards Etc) Bill | Summary: No summary available | Description: No description available,UK_Parliament_Bills_Enriched_Corpus,0.8,18.31
1767,2016-05-13T00:00:00Z,House of Lords Reform (Exclusion of Hereditary Peers) Bill,Title: House of Lords Reform (Exclusion of Hereditary Peers) Bill | Summary: No summary available | Description: No description available,UK_Parliament_Bills_Enriched_Corpus,0.3,16.99
1700,2016-05-13T00:00:00Z,Housing and Planning Act 2016,Title: Housing and Planning Act 2016 | Summary: No summary available | Description: No description available,UK_Parliament_Bills_Enriched_Corpus,1.05,14.99
1699,2016-05-13T00:00:00Z,Immigration Act 2016,Title: Immigration Act 2016 | Summary: No summary available | Description: No description available,UK_Parliament_Bills_Enriched_Corpus,0.8,16.84
1763,2016-05-13T00:00:00Z,Improvement of Rail Passenger Services (Use of Disruption Payments) Bill,Title: Improvement of Rail Passenger Services (Use of Disruption Payments) Bill | Summary: No summary available | Description: No description available,UK_Parliament_Bills_Enriched_Corpus,0.8,17.89
1697,2016-05-13T00:00:00Z,International Trade Agreements (Scrutiny) Bill,Title: International Trade Agreements (Scrutiny) Bill | Summary: No summary available | Description: No description available,UK_Parliament_Bills_Enriched_Corpus,0.2,19.41
1768,2016-05-13T00:00:00Z,Landlord and Tenant (Reform) Bill,Title: Landlord and Tenant (Reform) Bill | Summary: No summary available | Description: No description available,UK_Parliament_Bills_Enriched_Corpus,1.05,15.73
1652,2016-05-13T00:00:00Z,Local Area Referendum (Disposal of School Playing Fields) Bill,Title: Local Area Referendum (Disposal of School Playing Fields) Bill | Summary: No summary available | Description: No description available,UK_Parliament_Bills_Enriched_Corpus,0.4,18.17
1641,2016-05-13T00:00:00Z,Local Government Finance (Tenure Information) Bill,Title: Local Government Finance (Tenure Information) Bill | Summary: No summary available | Description: No description available,UK_Parliament_Bills_Enriched_Corpus,0.7,18.8
1712,2016-05-13T00:00:00Z,Marriage and Civil Partnership Registration (Mothers' Names) Bill,Title: Marriage and Civil Partnership Registration (Mothers' Names) Bill | Summary: No summary available | Description: No description available,UK_Parliament_Bills_Enriched_Corpus,3,17.9
1730,2016-05-13T00:00:00Z,Marriage Registration Bill,Title: Marriage Registration Bill | Summary: No summary available | Description: No description available,UK_Parliament_Bills_Enriched_Corpus,1.4,17.68
1757,2016-05-13T00:00:00Z,Multinational Enterprises (Financial Transparency) Bill,Title: Multinational Enterprises (Financial Transparency) Bill | Summary: No summary available | Description: No description available,UK_Parliament_Bills_Enriched_Corpus,0.8,22.36
1701,2016-05-13T00:00:00Z,Negligence and Damages Bill,Title: Negligence and Damages Bill | Summary: No summary available | Description: No description available,UK_Parliament_Bills_Enriched_Corpus,-0.45,17.01
1702,2016-05-13T00:00:00Z,No Fault Divorce Bill,Title: No Fault Divorce Bill | Summary: No summary available | Description: No description available,UK_Parliament_Bills_Enriched_Corpus,-0.7,14.65
1638,2016-05-13T00:00:00Z,Off-patent Drugs Bill,Title: Off-patent Drugs Bill | Summary: No summary available | Description: No description available,UK_Parliament_Bills_Enriched_Corpus,0.8,14.65
1673,2016-05-13T00:00:00Z,Off-Shore Wind Farm Subsidies (Restriction) Bill,Title: Off-Shore Wind Farm Subsidies (Restriction) Bill | Summary: No summary available | Description: No description available,UK_Parliament_Bills_Enriched_Corpus,0.05,15.69
1743,2016-05-13T00:00:00Z,Ofsted Inspections (Schools' Rights of Challenge) Bill,Title: Ofsted Inspections (Schools' Rights of Challenge) Bill | Summary: No summary available | Description: No description available,UK_Parliament_Bills_Enriched_Corpus,0.55,15.69
1642,2016-05-13T00:00:00Z,On-demand Audiovisual Services (Accessibility for People with Disabilities affecting Hearing or Sight or both) Bill,Title: On-demand Audiovisual Services (Accessibility for People with Disabilities affecting Hearing or Sight or both) Bill | Summary: No summary available | Description: No description available,UK_Parliament_Bills_Enriched_Corpus,0.8,22.47
1654,2016-05-13T00:00:00Z,Ovarian Cancer (Information) Bill,Title: Ovarian Cancer (Information) Bill | Summary: No summary available | Description: No description available,UK_Parliament_Bills_Enriched_Corpus,0.45,19.37
1658,2016-05-13T00:00:00Z,Prime Minister (Temporary Appointment) Bill,Title: Prime Minister (Temporary Appointment) Bill | Summary: No summary available | Description: No description available,UK_Parliament_Bills_Enriched_Corpus,0.9,18.68
1738,2016-05-13T00:00:00Z,Profit-Sharing and Company Governance (Employees' Participation) Bill,Title: Profit-Sharing and Company Governance (Employees' Participation) Bill | Summary: No summary available | Description: No description available,UK_Parliament_Bills_Enriched_Corpus,1.4,20.39
1765,2016-05-13T00:00:00Z,Property Ownership in London (Registration) Bill,Title: Property Ownership in London (Registration) Bill | Summary: No summary available | Description: No description available,UK_Parliament_Bills_Enriched_Corpus,1.4,18.8
1689,2016-05-13T00:00:00Z,Public Nuisance from Wind Farms (Mandatory Liability Cover) Bill,Title: Public Nuisance from Wind Farms (Mandatory Liability Cover) Bill | Summary: No summary available | Description: No description available,UK_Parliament_Bills_Enriched_Corpus,-0.8,18.76
1661,2016-05-13T00:00:00Z,Public Services (Ownership and User Involvement) Bill,Title: Public Services (Ownership and User Involvement) Bill | Summary: No summary available | Description: No description available,UK_Parliament_Bills_Enriched_Corpus,1.4,18.31
1646,2016-05-13T00:00:00Z,Representation of the People (Young Persons’ Enfranchisement and Education) Bill,Title: Representation of the People (Young Persons’ Enfranchisement and Education) Bill | Summary: No summary available | Description: No description available,UK_Parliament_Bills_Enriched_Corpus,1.2,20.13
1691,2016-05-13T00:00:00Z,Satellite Navigation (Updating Scheme) Bill,Title: Satellite Navigation (Updating Scheme) Bill | Summary: No summary available | Description: No description available,UK_Parliament_Bills_Enriched_Corpus,0.7,18.68
1770,2016-05-13T00:00:00Z,Transparency and Accountability (European Union) Bill,Title: Transparency and Accountability (European Union) Bill | Summary: No summary available | Description: No description available,UK_Parliament_Bills_Enriched_Corpus,1.6,21.58
1736,2016-05-13T00:00:00Z,Transport of Nuclear Weapons Bill,Title: Transport of Nuclear Weapons Bill | Summary: No summary available | Description: No description available,UK_Parliament_Bills_Enriched_Corpus,0.4,16.46
1665,2016-05-13T00:00:00Z,UK Borders Control Bill,Title: UK Borders Control Bill | Summary: No summary available | Description: No description available,UK_Parliament_Bills_Enriched_Corpus,0.8,16.22
1695,2016-05-13T00:00:00Z,United Kingdom Borders (Control and Sovereignty) Bill,Title: United Kingdom Borders (Control and Sovereignty) Bill | Summary: No summary available | Description: No description available,UK_Parliament_Bills_Enriched_Corpus,1.3,17.65
1705,2016-05-13T00:00:00Z,"Victims of Crime Etc (Rights, Entitlements and Related Matters) Bill","Title: Victims of Crime Etc (Rights, Entitlements and Related Matters) Bill | Summary: No summary available | Description: No description available",UK_Parliament_Bills_Enriched_Corpus,-0.7,18.45
1583,2016-05-12T00:00:00Z,Accessible Sports Grounds Bill [HL],Title: Accessible Sports Grounds Bill [HL] | Summary: No summary available | Description: No description available,UK_Parliament_Bills_Enriched_Corpus,1.55,15.73
1595,2016-05-12T00:00:00Z,Advertising of Prostitution (Prohibition) Bill [HL],Title: Advertising of Prostitution (Prohibition) Bill [HL] | Summary: No summary available | Description: No description available,UK_Parliament_Bills_Enriched_Corpus,-0.7,19.5
1650,2016-05-12T00:00:00Z,Assessment of Government Policies (Impact on Families) Bill,Title: Assessment of Government Policies (Impact on Families) Bill | Summary: No summary available | Description: No description available,UK_Parliament_Bills_Enriched_Corpus,0.3,18.53
1631,2016-05-12T00:00:00Z,Assisted Dying (No. 2) Bill,Title: Assisted Dying (No. 2) Bill | Summary: No summary available | Description: No description available,UK_Parliament_Bills_Enriched_Corpus,0.3,12.61
1726,2016-05-12T00:00:00Z,Asylum (Unaccompanied Children Displaced by Conflict) Bill,Title: Asylum (Unaccompanied Children Displaced by Conflict) Bill | Summary: No summary available | Description: No description available,UK_Parliament_Bills_Enriched_Corpus,-1,18.96
1698,2016-05-12T00:00:00Z,Basement Excavation (Restriction of Permitted Development) Bill,Title: Basement Excavation (Restriction of Permitted Development) Bill | Summary: No summary available | Description: No description available,UK_Parliament_Bills_Enriched_Corpus,-0.2,20.27
1657,2016-05-12T00:00:00Z,BBC Privatisation Bill,Title: BBC Privatisation Bill | Summary: No summary available | Description: No description available,UK_Parliament_Bills_Enriched_Corpus,0.8,19.37
1668,2016-05-12T00:00:00Z,Benefit Entitlement (Restriction) Bill,Title: Benefit Entitlement (Restriction) Bill | Summary: No summary available | Description: No description available,UK_Parliament_Bills_Enriched_Corpus,0.8,19.37
1708,2016-05-12T00:00:00Z,Benefit Sanctions Regime (Entitlement to Automatic Hardship Payments) Bill,Title: Benefit Sanctions Regime (Entitlement to Automatic Hardship Payments) Bill | Summary: No summary available | Description: No description available,UK_Parliament_Bills_Enriched_Corpus,0.8,19.94
1742,2016-05-12T00:00:00Z,Blood Donor (Equality) Bill,Title: Blood Donor (Equality) Bill | Summary: No summary available | Description: No description available,UK_Parliament_Bills_Enriched_Corpus,1.6,17.01
1601,2016-05-12T00:00:00Z,Chancel Repairs Bill [HL],Title: Chancel Repairs Bill [HL] | Summary: No summary available | Description: No description available,UK_Parliament_Bills_Enriched_Corpus,0.8,15.43
1653,2016-05-12T00:00:00Z,Child Victims of Human Trafficking (Central Government Responsibility) Bill,Title: Child Victims of Human Trafficking (Central Government Responsibility) Bill | Summary: No summary available | Description: No description available,UK_Parliament_Bills_Enriched_Corpus,0.15,19.94
1682,2016-05-12T00:00:00Z,Civil Enforcement Officers and Traffic Wardens (Integration of Duties and Powers) (England) Bill,Title: Civil Enforcement Officers and Traffic Wardens (Integration of Duties and Powers) (England) Bill | Summary: No summary available | Description: No description available,UK_Parliament_Bills_Enriched_Corpus,0.7,19.34
1636,2016-05-12T00:00:00Z,Compulsory Emergency First Aid Education (State-funded Secondary Schools) Bill,Title: Compulsory Emergency First Aid Education (State-funded Secondary Schools) Bill | Summary: No summary available | Description: No description available,UK_Parliament_Bills_Enriched_Corpus,0.65,20.13
1688,2016-05-12T00:00:00Z,Constitutional Convention (No. 2) Bill,Title: Constitutional Convention (No. 2) Bill | Summary: No summary available | Description: No description available,UK_Parliament_Bills_Enriched_Corpus,2,14.82
1748,2016-05-12T00:00:00Z,Consumer Protection (Distance Selling Delivery Charges) Bill,Title: Consumer Protection (Distance Selling Delivery Charges) Bill | Summary: No summary available | Description: No description available,UK_Parliament_Bills_Enriched_Corpus,2.2,19.62
1724,2016-05-12T00:00:00Z,Consumer Protection (Standards of Fire Resistance of Children's Fancy Dress and Play Costumes Etc) Bill,Title: Consumer Protection (Standards of Fire Resistance of Children's Fancy Dress and Play Costumes Etc) Bill | Summary: No summary available | Description: No description available,UK_Parliament_Bills_Enriched_Corpus,1.35,19.51
1670,2016-05-12T00:00:00Z,Convicted Prisoners Voting Bill,Title: Convicted Prisoners Voting Bill | Summary: No summary available | Description: No description available,UK_Parliament_Bills_Enriched_Corpus,0,17.79
1687,2016-05-12T00:00:00Z,Criminal Cases Review Commission (Supplementary Powers) Bill,Title: Criminal Cases Review Commission (Supplementary Powers) Bill | Summary: No summary available | Description: No description available,UK_Parliament_Bills_Enriched_Corpus,0.05,20.27
1733,2016-05-12T00:00:00Z,Criminal Driving (Justice for Victims) Bill,Title: Criminal Driving (Justice for Victims) Bill | Summary: No summary available | Description: No description available,UK_Parliament_Bills_Enriched_Corpus,0.3,16.72
1750,2016-05-12T00:00:00Z,Devolution (Bank Holidays) (Wales) Bill,Title: Devolution (Bank Holidays) (Wales) Bill | Summary: No summary available | Description: No description available,UK_Parliament_Bills_Enriched_Corpus,0.2,17.2
1690,2016-05-12T00:00:00Z,Devolution (London) Bill,Title: Devolution (London) Bill | Summary: No summary available | Description: No description available,UK_Parliament_Bills_Enriched_Corpus,0.2,17.68
1600,2016-05-12T00:00:00Z,Direct Planning (Pilot) Bill [HL],Title: Direct Planning (Pilot) Bill [HL] | Summary: No summary available | Description: No description available,UK_Parliament_Bills_Enriched_Corpus,1.05,15.73
1753,2016-05-12T00:00:00Z,Driving Licence (Mandatory First Aid Training) Bill,Title: Driving Licence (Mandatory First Aid Training) Bill | Summary: No summary available | Description: No description available,UK_Parliament_Bills_Enriched_Corpus,1.2,17
1752,2016-05-12T00:00:00Z,Employment Status (Review) Bill,Title: Employment Status (Review) Bill | Summary: No summary available | Description: No description available,UK_Parliament_Bills_Enriched_Corpus,0.8,17.01
1734,2016-05-12T00:00:00Z,English National Anthem Bill,Title: English National Anthem Bill | Summary: No summary available | Description: No description available,UK_Parliament_Bills_Enriched_Corpus,0.8,17.01
1655,2016-05-12T00:00:00Z,EU Membership (Audit of Costs and Benefits) Bill,Title: EU Membership (Audit of Costs and Benefits) Bill | Summary: No summary available | Description: No description available,UK_Parliament_Bills_Enriched_Corpus,1.8,16.04
1671,2016-05-12T00:00:00Z,European Parliament Elections Bill,Title: European Parliament Elections Bill | Summary: No summary available | Description: No description available,UK_Parliament_Bills_Enriched_Corpus,0.8,19.37
1762,2016-05-12T00:00:00Z,"Events and Festivals (Control of Flares, Fireworks and Smoke Bombs Etc) Bill","Title: Events and Festivals (Control of Flares, Fireworks and Smoke Bombs Etc) Bill | Summary: No summary available | Description: No description available",UK_Parliament_Bills_Enriched_Corpus,0.55,16.98
1764,2016-05-12T00:00:00Z,Farm Produce (Labelling Requirements) Bill,Title: Farm Produce (Labelling Requirements) Bill | Summary: No summary available | Description: No description available,UK_Parliament_Bills_Enriched_Corpus,0.8,17.2
1693,2016-05-12T00:00:00Z,Food Waste (Reduction) Bill,Title: Food Waste (Reduction) Bill | Summary: No summary available | Description: No description available,UK_Parliament_Bills_Enriched_Corpus,0.45,15.43
1675,2016-05-12T00:00:00Z,Football Governance (Supporters’ Participation) Bill,Title: Football Governance (Supporters’ Participation) Bill | Summary: No summary available | Description: No description available,UK_Parliament_Bills_Enriched_Corpus,2.2,20.15
1659,2016-05-12T00:00:00Z,Foreign National Offenders (Exclusion from the UK) Bill,Title: Foreign National Offenders (Exclusion from the UK) Bill | Summary: No summary available | Description: No description available,UK_Parliament_Bills_Enriched_Corpus,-0.2,17.9
1766,2016-05-12T00:00:00Z,Forensic Linguistics (Standards) Bill,Title: Forensic Linguistics (Standards) Bill | Summary: No summary available | Description: No description available,UK_Parliament_Bills_Enriched_Corpus,0.8,17.79
1604,2016-05-12T00:00:00Z,Gambling (Categorisation and Use of B2 Gaming Machines) Bill [HL],Title: Gambling (Categorisation and Use of B2 Gaming Machines) Bill [HL] | Summary: No summary available | Description: No description available,UK_Parliament_Bills_Enriched_Corpus,0.55,17.89
1610,2016-05-12T00:00:00Z,Referendum (Local Authority Governance) Bill [HL],Title: Referendum (Local Authority Governance) Bill [HL] | Summary: No summary available | Description: No description available,UK_Parliament_Bills_Enriched_Corpus,1.3,19.5
1617,2016-05-12T00:00:00Z,Referendums (Franchise) Bill [HL],Title: Referendums (Franchise) Bill [HL] | Summary: No summary available | Description: No description available,UK_Parliament_Bills_Enriched_Corpus,0.8,17.01
1626,2016-05-12T00:00:00Z,Rehabilitation of Offenders Bill [HL],Title: Rehabilitation of Offenders Bill [HL] | Summary: No summary available | Description: No description available,UK_Parliament_Bills_Enriched_Corpus,1.8,18.68
1627,2016-05-12T00:00:00Z,Student Fees (Qualifying Persons) (England) Bill [HL],Title: Student Fees (Qualifying Persons) (England) Bill [HL] | Summary: No summary available | Description: No description available,UK_Parliament_Bills_Enriched_Corpus,1.6,17
1620,2016-05-12T00:00:00Z,Veterinary Nurses (Protection of Title) Bill [HL],Title: Veterinary Nurses (Protection of Title) Bill [HL] | Summary: No summary available | Description: No description available,UK_Parliament_Bills_Enriched_Corpus,1.6,17.65
1614,2016-05-12T00:00:00Z,Welfare of Cats (Breeding and Sale) Bill [HL],Title: Welfare of Cats (Breeding and Sale) Bill [HL] | Summary: No summary available | Description: No description available,UK_Parliament_Bills_Enriched_Corpus,0.8,14.18
1622,2016-05-12T00:00:00Z,Welfare of Women (Fertility Treatments) Bill [HL],Title: Welfare of Women (Fertility Treatments) Bill [HL] | Summary: No summary available | Description: No description available,UK_Parliament_Bills_Enriched_Corpus,0.8,17
1696,2016-05-05T00:00:00Z,Enterprise Act 2016,Title: Enterprise Act 2016 | Summary: No summary available | Description: No description available,UK_Parliament_Bills_Enriched_Corpus,0.8,16
1744,2016-05-05T00:00:00Z,Northern Ireland (Stormont Agreement and Implementation Plan) Act 2016,Title: Northern Ireland (Stormont Agreement and Implementation Plan) Act 2016 | Summary: No summary available | Description: No description available,UK_Parliament_Bills_Enriched_Corpus,1.3,18.76
1574,2016-03-24T00:00:00Z,Charities (Protection and Social Investment) Act 2016,Title: Charities (Protection and Social Investment) Act 2016 | Summary: No summary available | Description: No description available,UK_Parliament_Bills_Enriched_Corpus,1.6,17.65
1598,2016-03-24T00:00:00Z,Education and Adoption Act,Title: Education and Adoption Act | Summary: No summary available | Description: No description available,UK_Parliament_Bills_Enriched_Corpus,0.8,17.79
1637,2016-03-24T00:00:00Z,Riot Compensation Act 2016,Title: Riot Compensation Act 2016 | Summary: No summary available | Description: No description available,UK_Parliament_Bills_Enriched_Corpus,0.3,17.01
1571,2016-03-24T00:00:00Z,Scotland Act 2016,Title: Scotland Act 2016 | Summary: No summary available | Description: No description available,UK_Parliament_Bills_Enriched_Corpus,0.8,15.16
1751,2016-03-24T00:00:00Z,Supply and Appropriation (Anticipation and Adjustments) Act 2016,Title: Supply and Appropriation (Anticipation and Adjustments) Act 2016 | Summary: No summary available | Description: No description available,UK_Parliament_Bills_Enriched_Corpus,1.05,19.77
1389,2016-03-16T00:00:00Z,Modern Slavery Act 2015,Title: Modern Slavery Act 2015 | Summary: No summary available | Description: No description available,UK_Parliament_Bills_Enriched_Corpus,0.65,16.22
1666,2016-03-07T00:00:00Z,Illegal Immigrants (Criminal Sanctions) Bill,Title: Illegal Immigrants (Criminal Sanctions) Bill | Summary: No summary available | Description: No description available,UK_Parliament_Bills_Enriched_Corpus,-0.95,18.68
1669,2016-03-04T00:00:00Z,Overseas Voters Bill,Title: Overseas Voters Bill | Summary: No summary available | Description: No description available,UK_Parliament_Bills_Enriched_Corpus,0.8,16.84
1679,2016-02-12T00:00:00Z,Parks and Playing Fields in Public Ownership (Protection from Sale) Bill,Title: Parks and Playing Fields in Public Ownership (Protection from Sale) Bill | Summary: No summary available | Description: No description available,UK_Parliament_Bills_Enriched_Corpus,2.2,16.05
1716,2016-02-08T00:00:00Z,Speed Limits on Roads (Devolved Powers) Bill,Title: Speed Limits on Roads (Devolved Powers) Bill | Summary: No summary available | Description: No description available,UK_Parliament_Bills_Enriched_Corpus,0.3,15.03
1599,2016-02-01T00:00:00Z,European Union (Finance) Act 2015,Title: European Union (Finance) Act 2015 | Summary: No summary available | Description: No description available,UK_Parliament_Bills_Enriched_Corpus,0.8,17.2
1584,2016-01-29T00:00:00Z,Cities and Local Government Devolution Act 2016,Title: Cities and Local Government Devolution Act 2016 | Summary: No summary available | Description: No description available,UK_Parliament_Bills_Enriched_Corpus,-0.3,17.65
1585,2016-01-29T00:00:00Z,Psychoactive Substances Act 2016,Title: Psychoactive Substances Act 2016 | Summary: No summary available | Description: No description available,UK_Parliament_Bills_Enriched_Corpus,0.8,17.79
1651,2015-12-18T00:00:00Z,European Union (Approvals) Act 2015,Title: European Union (Approvals) Act 2015 | Summary: No summary available | Description: No description available,UK_Parliament_Bills_Enriched_Corpus,0.8,17.94
1570,2015-12-18T00:00:00Z,European Union Referendum Act 2015,Title: European Union Referendum Act 2015 | Summary: No summary available | Description: No description available,UK_Parliament_Bills_Enriched_Corpus,0.8,18.68
1680,2015-12-18T00:00:00Z,National Insurance Contributions (Rate Ceilings) Act 2015,Title: National Insurance Contributions (Rate Ceilings) Act 2015 | Summary: No summary available | Description: No description available,UK_Parliament_Bills_Enriched_Corpus,0.8,18.31
1640,2015-12-11T00:00:00Z,Pavement Parking (Protection of Vulnerable Pedestrians) Bill,Title: Pavement Parking (Protection of Vulnerable Pedestrians) Bill | Summary: No summary available | Description: No description available,UK_Parliament_Bills_Enriched_Corpus,1.1,19.62
1683,2015-11-27T00:00:00Z,Finance (No. 2) Act 2015,Title: Finance (No. 2) Act 2015 | Summary: No summary available | Description: No description available,UK_Parliament_Bills_Enriched_Corpus,0.8,11.13
1717,2015-11-27T00:00:00Z,Northern Ireland (Welfare Reform) Act 2015,Title: Northern Ireland (Welfare Reform) Act 2015 | Summary: No summary available | Description: No description available,UK_Parliament_Bills_Enriched_Corpus,1.05,16.72
1593,2015-11-23T00:00:00Z,Planning (Subterranean Development) Bill [HL],Title: Planning (Subterranean Development) Bill [HL] | Summary: No summary available | Description: No description available,UK_Parliament_Bills_Enriched_Corpus,1.05,19.41
1483,2015-11-17T00:00:00Z,Insurance Act 2015,Title: Insurance Act 2015 | Summary: No summary available | Description: No description available,UK_Parliament_Bills_Enriched_Corpus,0.8,16
1681,2015-11-06T00:00:00Z,Supply and Appropriation (Main Estimates) Act 2015,Title: Supply and Appropriation (Main Estimates) Act 2015 | Summary: No summary available | Description: No description available,UK_Parliament_Bills_Enriched_Corpus,0.8,17.65
1692,2015-09-10T00:00:00Z,Natural Environment Bill [HL],Title: Natural Environment Bill [HL] | Summary: No summary available | Description: No description available,UK_Parliament_Bills_Enriched_Corpus,1.4,17.79
1580,2015-06-22T00:00:00Z,Easter Trading Bill [HL],Title: Easter Trading Bill [HL] | Summary: No summary available | Description: No description available,UK_Parliament_Bills_Enriched_Corpus,0.8,15.43
1629,2015-06-16T00:00:00Z,International Development (Population Dynamics) Bill [HL],Title: International Development (Population Dynamics) Bill [HL] | Summary: No summary available | Description: No description available,UK_Parliament_Bills_Enriched_Corpus,0.8,21.58
1619,2015-06-10T00:00:00Z,Polling Day (Saturday) Bill [HL],Title: Polling Day (Saturday) Bill [HL] | Summary: No summary available | Description: No description available,UK_Parliament_Bills_Enriched_Corpus,0.8,15.73
1608,2015-06-09T00:00:00Z,European Union Citizens (Electoral Rights) Bill [HL],Title: European Union Citizens (Electoral Rights) Bill [HL] | Summary: No summary available | Description: No description available,UK_Parliament_Bills_Enriched_Corpus,0.8,18.96
1410,2015-06-05T00:00:00Z,"Small Business, Enterprise and Employment Act 2015","Title: Small Business, Enterprise and Employment Act 2015 | Summary: No summary available | Description: No description available",UK_Parliament_Bills_Enriched_Corpus,0.8,16.34
1514,2015-03-30T00:00:00Z,Abortion (Sex-Selection) Bill,Title: Abortion (Sex-Selection) Bill | Summary: No summary available | Description: No description available,UK_Parliament_Bills_Enriched_Corpus,0,17.01
1412,2015-03-30T00:00:00Z,Affordable Homes Bill,Title: Affordable Homes Bill | Summary: No summary available | Description: No description available,UK_Parliament_Bills_Enriched_Corpus,1.6,16.84
1496,2015-03-30T00:00:00Z,Affordable Housing Contributions (Ten Unit Threshold) Bill,Title: Affordable Housing Contributions (Ten Unit Threshold) Bill | Summary: No summary available | Description: No description available,UK_Parliament_Bills_Enriched_Corpus,1.6,18.96
1536,2015-03-30T00:00:00Z,Alcohol Labelling (Pregnancy): Bill,Title: Alcohol Labelling (Pregnancy): Bill | Summary: No summary available | Description: No description available,UK_Parliament_Bills_Enriched_Corpus,0.8,18.58
1475,2015-03-30T00:00:00Z,Amenity Land (Adoption by Local Authorities) Bill,Title: Amenity Land (Adoption by Local Authorities) Bill | Summary: No summary available | Description: No description available,UK_Parliament_Bills_Enriched_Corpus,1.05,18.96
1442,2015-03-30T00:00:00Z,Asylum (Time Limit) Bill,Title: Asylum (Time Limit) Bill | Summary: No summary available | Description: No description available,UK_Parliament_Bills_Enriched_Corpus,0.55,16.22
1510,2015-03-30T00:00:00Z,Blood Donation (Equality) Bill,Title: Blood Donation (Equality) Bill | Summary: No summary available | Description: No description available,UK_Parliament_Bills_Enriched_Corpus,2.4,17.79
1526,2015-03-30T00:00:00Z,Buses (Audio Announcements) Bill,Title: Buses (Audio Announcements) Bill | Summary: No summary available | Description: No description available,UK_Parliament_Bills_Enriched_Corpus,0.8,17.79
1505,2015-03-30T00:00:00Z,Carers Bedroom Entitlement (Social Housing Sector) Bill,Title: Carers Bedroom Entitlement (Social Housing Sector) Bill | Summary: No summary available | Description: No description available,UK_Parliament_Bills_Enriched_Corpus,0.8,18.31
1487,2015-03-30T00:00:00Z,Child Benefit Entitlement (Disqualification of Non-UK EU Nationals) Bill,Title: Child Benefit Entitlement (Disqualification of Non-UK EU Nationals) Bill | Summary: No summary available | Description: No description available,UK_Parliament_Bills_Enriched_Corpus,1.35,20.13
1564,2015-03-30T00:00:00Z,Confiscation Orders (Sentencing and Offence) Bill,Title: Confiscation Orders (Sentencing and Offence) Bill | Summary: No summary available | Description: No description available,UK_Parliament_Bills_Enriched_Corpus,-1.05,18.8
1523,2015-03-30T00:00:00Z,Dogs (Registration) Bill,Title: Dogs (Registration) Bill | Summary: No summary available | Description: No description available,UK_Parliament_Bills_Enriched_Corpus,0.8,16.84
1509,2015-03-30T00:00:00Z,Electronic Cigarettes (Advertising and Legal Age of Purchase) Bill,Title: Electronic Cigarettes (Advertising and Legal Age of Purchase) Bill | Summary: No summary available | Description: No description available,UK_Parliament_Bills_Enriched_Corpus,1.3,18.76
1554,2015-03-30T00:00:00Z,Employment of People with Disabilities (Reporting) Bill,Title: Employment of People with Disabilities (Reporting) Bill | Summary: No summary available | Description: No description available,UK_Parliament_Bills_Enriched_Corpus,0.8,18.96
1446,2015-03-30T00:00:00Z,Employment Rights Bill,Title: Employment Rights Bill | Summary: No summary available | Description: No description available,UK_Parliament_Bills_Enriched_Corpus,0.8,16
1532,2015-03-30T00:00:00Z,Equal Pay (Transparency) Bill,Title: Equal Pay (Transparency) Bill | Summary: No summary available | Description: No description available,UK_Parliament_Bills_Enriched_Corpus,0.7,17.01
1441,2015-03-30T00:00:00Z,Firearm and Shotgun Licensing (Domestic Violence) Bill,Title: Firearm and Shotgun Licensing (Domestic Violence) Bill | Summary: No summary available | Description: No description available,UK_Parliament_Bills_Enriched_Corpus,-0.35,18.96
1437,2015-03-30T00:00:00Z,Fixed Odds Betting Terminals (Betting Shops) Bill,Title: Fixed Odds Betting Terminals (Betting Shops) Bill | Summary: No summary available | Description: No description available,UK_Parliament_Bills_Enriched_Corpus,0.8,15.69
1541,2015-03-30T00:00:00Z,Fixed-Term Parliaments (Repeal) Bill,Title: Fixed-Term Parliaments (Repeal) Bill | Summary: No summary available | Description: No description available,UK_Parliament_Bills_Enriched_Corpus,0.8,15.73
1451,2015-03-30T00:00:00Z,Foreign National Offenders (Exclusion from the United Kingdom) Bill,Title: Foreign National Offenders (Exclusion from the United Kingdom) Bill | Summary: No summary available | Description: No description available,UK_Parliament_Bills_Enriched_Corpus,0.3,18.76
1447,2015-03-30T00:00:00Z,Free Movement of Persons into the United Kingdom (Derogation) Bill,Title: Free Movement of Persons into the United Kingdom (Derogation) Bill | Summary: No summary available | Description: No description available,UK_Parliament_Bills_Enriched_Corpus,1.4,17.89
1528,2015-03-30T00:00:00Z,Funeral Services Bill,Title: Funeral Services Bill | Summary: No summary available | Description: No description available,UK_Parliament_Bills_Enriched_Corpus,0,17.68
1507,2015-03-30T00:00:00Z,General Practitioner Surgeries (Rural Areas) Bill,Title: General Practitioner Surgeries (Rural Areas) Bill | Summary: No summary available | Description: No description available,UK_Parliament_Bills_Enriched_Corpus,1.2,20.19
1438,2015-03-30T00:00:00Z,High Cost Credit Services (Retail Premises) Bill,Title: High Cost Credit Services (Retail Premises) Bill | Summary: No summary available | Description: No description available,UK_Parliament_Bills_Enriched_Corpus,1.45,17
1562,2015-03-30T00:00:00Z,Horses and Ponies (Live Export) Bill,Title: Horses and Ponies (Live Export) Bill | Summary: No summary available | Description: No description available,UK_Parliament_Bills_Enriched_Corpus,0.8,15.33
1500,2015-03-30T00:00:00Z,House of Commons Members’ Fund Bill,Title: House of Commons Members’ Fund Bill | Summary: No summary available | Description: No description available,UK_Parliament_Bills_Enriched_Corpus,0.8,14.64
1458,2015-03-30T00:00:00Z,"Housing (Affordability, Supply and Tenant Protection) Bill","Title: Housing (Affordability, Supply and Tenant Protection) Bill | Summary: No summary available | Description: No description available",UK_Parliament_Bills_Enriched_Corpus,1.6,19.62
1556,2015-03-30T00:00:00Z,Housing Ombudsman (Power to Settle Disputes Between Neighbours and Tenants) Bill,Title: Housing Ombudsman (Power to Settle Disputes Between Neighbours and Tenants) Bill | Summary: No summary available | Description: No description available,UK_Parliament_Bills_Enriched_Corpus,0.2,17.66
1464,2015-03-30T00:00:00Z,HS2 Funding Referendum Bill,Title: HS2 Funding Referendum Bill | Summary: No summary available | Description: No description available,UK_Parliament_Bills_Enriched_Corpus,0.8,17.01
1552,2015-03-30T00:00:00Z,Job Creation Powers (Scotland) Bill,Title: Job Creation Powers (Scotland) Bill | Summary: No summary available | Description: No description available,UK_Parliament_Bills_Enriched_Corpus,0.8,16.46
1435,2015-03-30T00:00:00Z,Jobs Guarantee Scheme (Research) Bill,Title: Jobs Guarantee Scheme (Research) Bill | Summary: No summary available | Description: No description available,UK_Parliament_Bills_Enriched_Corpus,1.45,15.73
1440,2015-03-30T00:00:00Z,Letting Agents (Fees) Bill,Title: Letting Agents (Fees) Bill | Summary: No summary available | Description: No description available,UK_Parliament_Bills_Enriched_Corpus,0.8,15.43
1547,2015-03-30T00:00:00Z,Living Wage (Reporting) Bill,Title: Living Wage (Reporting) Bill | Summary: No summary available | Description: No description available,UK_Parliament_Bills_Enriched_Corpus,0.8,16.22
1471,2015-03-30T00:00:00Z,Local Government (Independence) Bill,Title: Local Government (Independence) Bill | Summary: No summary available | Description: No description available,UK_Parliament_Bills_Enriched_Corpus,1.1,18.58
1538,2015-03-30T00:00:00Z,Local Government (Planning Permission and Referendums) Bill,Title: Local Government (Planning Permission and Referendums) Bill | Summary: No summary available | Description: No description available,UK_Parliament_Bills_Enriched_Corpus,1.35,18.96
1530,2015-03-30T00:00:00Z,Local Planning and Housing Bill,Title: Local Planning and Housing Bill | Summary: No summary available | Description: No description available,UK_Parliament_Bills_Enriched_Corpus,1.05,15.73
1418,2015-03-30T00:00:00Z,Low Pay Commission (National Minimum Wage) Bill,Title: Low Pay Commission (National Minimum Wage) Bill | Summary: No summary available | Description: No description available,UK_Parliament_Bills_Enriched_Corpus,0.7,17
1499,2015-03-30T00:00:00Z,Mobile Phones and Other Devices Capable of Connection to the Internet (Distribution of Sexually Explicit Images and Manufacturers’ Anti-Pornography Default Setting) Bill,Title: Mobile Phones and Other Devices Capable of Connection to the Internet (Distribution of Sexually Explicit Images and Manufacturers’ Anti-Pornography Default Setting) Bill | Summary: No summary available | Description: No description available,UK_Parliament_Bills_Enriched_Corpus,1.05,25.09
1553,2015-03-30T00:00:00Z,Nature Bill,Title: Nature Bill | Summary: No summary available | Description: No description available,UK_Parliament_Bills_Enriched_Corpus,0.8,15.8
1433,2015-03-30T00:00:00Z,Office for Budget Responsibility (Political Party Policy Costings) Bill,Title: Office for Budget Responsibility (Political Party Policy Costings) Bill | Summary: No summary available | Description: No description available,UK_Parliament_Bills_Enriched_Corpus,0.8,21.12
1456,2015-03-30T00:00:00Z,Office of the Deputy Prime Minister (Abolition) Bill,Title: Office of the Deputy Prime Minister (Abolition) Bill | Summary: No summary available | Description: No description available,UK_Parliament_Bills_Enriched_Corpus,0.9,17.9
1544,2015-03-30T00:00:00Z,Onshore Wind Turbine Subsidies (Abolition) Bill,Title: Onshore Wind Turbine Subsidies (Abolition) Bill | Summary: No summary available | Description: No description available,UK_Parliament_Bills_Enriched_Corpus,0.8,18.11
1524,2015-03-30T00:00:00Z,Overseas Voters (15 Year Rule) Bill,Title: Overseas Voters (15 Year Rule) Bill | Summary: No summary available | Description: No description available,UK_Parliament_Bills_Enriched_Corpus,0.8,15.33
1521,2015-03-30T00:00:00Z,Parliamentary and Constitutional Reform Bill,Title: Parliamentary and Constitutional Reform Bill | Summary: No summary available | Description: No description available,UK_Parliament_Bills_Enriched_Corpus,1.85,20.15
1529,2015-03-30T00:00:00Z,Planning Consent Applications (Contracts) Bill,Title: Planning Consent Applications (Contracts) Bill | Summary: No summary available | Description: No description available,UK_Parliament_Bills_Enriched_Corpus,1.85,17.94
1480,2015-03-30T00:00:00Z,Political Party Policy Costings (Office for Budget Responsibility) Bill,Title: Political Party Policy Costings (Office for Budget Responsibility) Bill | Summary: No summary available | Description: No description available,UK_Parliament_Bills_Enriched_Corpus,0.8,21.12
1546,2015-03-30T00:00:00Z,Private Rented Sector (Decent Homes Standard) Bill,Title: Private Rented Sector (Decent Homes Standard) Bill | Summary: No summary available | Description: No description available,UK_Parliament_Bills_Enriched_Corpus,1.3,16.34
1568,2015-03-30T00:00:00Z,Protection of Children (Removal of Police Discretion) Bill,Title: Protection of Children (Removal of Police Discretion) Bill | Summary: No summary available | Description: No description available,UK_Parliament_Bills_Enriched_Corpus,1.7,17.9
1474,2015-03-30T00:00:00Z,Protective Headgear for Cyclists Aged Fourteen Years and Under (Research) Bill,Title: Protective Headgear for Cyclists Aged Fourteen Years and Under (Research) Bill | Summary: No summary available | Description: No description available,UK_Parliament_Bills_Enriched_Corpus,1.3,17.13
1549,2015-03-30T00:00:00Z,Public Sector Efficiency (Employee Participation) Bill,Title: Public Sector Efficiency (Employee Participation) Bill | Summary: No summary available | Description: No description available,UK_Parliament_Bills_Enriched_Corpus,2.2,20.89
1513,2015-03-30T00:00:00Z,Railways (Public Sector Operators) Bill,Title: Railways (Public Sector Operators) Bill | Summary: No summary available | Description: No description available,UK_Parliament_Bills_Enriched_Corpus,0.8,17.94
1495,2015-03-30T00:00:00Z,Recall of Elected Representatives Bill,Title: Recall of Elected Representatives Bill | Summary: No summary available | Description: No description available,UK_Parliament_Bills_Enriched_Corpus,0.8,18.68
1563,2015-03-30T00:00:00Z,Representation of the People (Candidate’s Disclosure) Bill,Title: Representation of the People (Candidate’s Disclosure) Bill | Summary: No summary available | Description: No description available,UK_Parliament_Bills_Enriched_Corpus,1.05,19.62
1428,2015-03-30T00:00:00Z,Responsible Parking (Scotland) Bill,Title: Responsible Parking (Scotland) Bill | Summary: No summary available | Description: No description available,UK_Parliament_Bills_Enriched_Corpus,1.05,17.79
1548,2015-03-30T00:00:00Z,Right to Buy and Right to Acquire Schemes (Research) Bill,Title: Right to Buy and Right to Acquire Schemes (Research) Bill | Summary: No summary available | Description: No description available,UK_Parliament_Bills_Enriched_Corpus,2.4,14.51
1542,2015-03-30T00:00:00Z,Road Fuel Pricing (Equalisation) Bill,Title: Road Fuel Pricing (Equalisation) Bill | Summary: No summary available | Description: No description available,UK_Parliament_Bills_Enriched_Corpus,0.8,17.94
1443,2015-03-30T00:00:00Z,School Admissions Bill,Title: School Admissions Bill | Summary: No summary available | Description: No description available,UK_Parliament_Bills_Enriched_Corpus,0.8,16
1512,2015-03-30T00:00:00Z,School Governors (Appointment) Bill,Title: School Governors (Appointment) Bill | Summary: No summary available | Description: No description available,UK_Parliament_Bills_Enriched_Corpus,0.8,17.01
1567,2015-03-30T00:00:00Z,Schools (Opportunity to Study for Qualifications) Bill,Title: Schools (Opportunity to Study for Qualifications) Bill | Summary: No summary available | Description: No description available,UK_Parliament_Bills_Enriched_Corpus,1.55,18.96
1508,2015-03-30T00:00:00Z,Sex and Relationships Education (Curriculum) Bill,Title: Sex and Relationships Education (Curriculum) Bill | Summary: No summary available | Description: No description available,UK_Parliament_Bills_Enriched_Corpus,0.9,19.5
1560,2015-03-30T00:00:00Z,Standardised Testing for Diabetes (People Aged 40 and Over) Bill,Title: Standardised Testing for Diabetes (People Aged 40 and Over) Bill | Summary: No summary available | Description: No description available,UK_Parliament_Bills_Enriched_Corpus,0.8,17.89
1449,2015-03-30T00:00:00Z,Wind Farm Subsidies (Abolition) Bill,Title: Wind Farm Subsidies (Abolition) Bill | Summary: No summary available | Description: No description available,UK_Parliament_Bills_Enriched_Corpus,0.8,17.2
1427,2015-03-27T00:00:00Z,Control of Horses Act 2015,Title: Control of Horses Act 2015 | Summary: No summary available | Description: No description available,UK_Parliament_Bills_Enriched_Corpus,0.8,14.99
1566,2015-03-27T00:00:00Z,Finance Act 2015,Title: Finance Act 2015 | Summary: No summary available | Description: No description available,UK_Parliament_Bills_Enriched_Corpus,0.8,15.16
1550,2015-03-27T00:00:00Z,House of Commons Commission Act 2015,Title: House of Commons Commission Act 2015 | Summary: No summary available | Description: No description available,UK_Parliament_Bills_Enriched_Corpus,0.8,15.33
1413,2015-03-27T00:00:00Z,International Development (Official Development Assistance Target) Act 2015,Title: International Development (Official Development Assistance Target) Act 2015 | Summary: No summary available | Description: No description available,UK_Parliament_Bills_Enriched_Corpus,1.6,22.25
1420,2015-03-27T00:00:00Z,Local Government (Religious etc. Observances) Act 2015,Title: Local Government (Religious etc. Observances) Act 2015 | Summary: No summary available | Description: No description available,UK_Parliament_Bills_Enriched_Corpus,0.3,16.76
1429,2015-03-27T00:00:00Z,Local Government (Review of Decisions) Act 2015,Title: Local Government (Review of Decisions) Act 2015 | Summary: No summary available | Description: No description available,UK_Parliament_Bills_Enriched_Corpus,0.3,17
1534,2015-03-27T00:00:00Z,Lords Spiritual (Women) Act 2015,Title: Lords Spiritual (Women) Act 2015 | Summary: No summary available | Description: No description available,UK_Parliament_Bills_Enriched_Corpus,0.9,16.46
1380,2015-03-27T00:00:00Z,Mutuals' Deferred Shares Act 2015,Title: Mutuals' Deferred Shares Act 2015 | Summary: No summary available | Description: No description available,UK_Parliament_Bills_Enriched_Corpus,0.9,14.99
1501,2015-03-27T00:00:00Z,Recall of MPs Act 2015,Title: Recall of MPs Act 2015 | Summary: No summary available | Description: No description available,UK_Parliament_Bills_Enriched_Corpus,0.8,14.25
1415,2015-03-27T00:00:00Z,Self-build and Custom Housebuilding Act 2015,Title: Self-build and Custom Housebuilding Act 2015 | Summary: No summary available | Description: No description available,UK_Parliament_Bills_Enriched_Corpus,0.8,15.69
1498,2015-03-27T00:00:00Z,Specialist Printing Equipment and Materials (Offences) Act 2015,Title: Specialist Printing Equipment and Materials (Offences) Act 2015 | Summary: No summary available | Description: No description available,UK_Parliament_Bills_Enriched_Corpus,0.8,19.15
1555,2015-03-27T00:00:00Z,Supply and Appropriation (Anticipation and Adjustments) Act 2015,Title: Supply and Appropriation (Anticipation and Adjustments) Act 2015 | Summary: No summary available | Description: No description available,UK_Parliament_Bills_Enriched_Corpus,1.05,19.77
1425,2015-03-27T00:00:00Z,Tenancies (Reform) Bill,Title: Tenancies (Reform) Bill | Summary: No summary available | Description: No description available,UK_Parliament_Bills_Enriched_Corpus,1.05,16.84
1436,2015-03-27T00:00:00Z,Terms and Conditions (Migrant Workers) Bill,Title: Terms and Conditions (Migrant Workers) Bill | Summary: No summary available | Description: No description available,UK_Parliament_Bills_Enriched_Corpus,0.8,16.03
1565,2015-03-27T00:00:00Z,Tobacco Manufacturers’ Producer Responsibility Bill,Title: Tobacco Manufacturers’ Producer Responsibility Bill | Summary: No summary available | Description: No description available,UK_Parliament_Bills_Enriched_Corpus,0.7,23.1
1424,2015-03-27T00:00:00Z,Transparency and Accountability Bill,Title: Transparency and Accountability Bill | Summary: No summary available | Description: No description available,UK_Parliament_Bills_Enriched_Corpus,1.6,20.15
1439,2015-03-27T00:00:00Z,"Transparency of Lobbying, Non-Party Campaigning and Trade Union Administration Act 2014 (Repeal) Bill","Title: Transparency of Lobbying, Non-Party Campaigning and Trade Union Administration Act 2014 (Repeal) Bill | Summary: No summary available | Description: No description available",UK_Parliament_Bills_Enriched_Corpus,0.55,19.65
1551,2015-03-27T00:00:00Z,Tuition Fee (Transparency and Accountability) Bill,Title: Tuition Fee (Transparency and Accountability) Bill | Summary: No summary available | Description: No description available,UK_Parliament_Bills_Enriched_Corpus,1,20.19
1423,2015-03-27T00:00:00Z,Under-Occupancy Penalty (Exemptions) Bill,Title: Under-Occupancy Penalty (Exemptions) Bill | Summary: No summary available | Description: No description available,UK_Parliament_Bills_Enriched_Corpus,0.05,19.41
1525,2015-03-27T00:00:00Z,United Kingdom Parliament (Sovereignty and Jurisdiction over Borders) Bill,Title: United Kingdom Parliament (Sovereignty and Jurisdiction over Borders) Bill | Summary: No summary available | Description: No description available,UK_Parliament_Bills_Enriched_Corpus,1.05,19.94
1557,2015-03-27T00:00:00Z,Victims (Bill of Rights) Bill,Title: Victims (Bill of Rights) Bill | Summary: No summary available | Description: No description available,UK_Parliament_Bills_Enriched_Corpus,0.05,14.25
1539,2015-03-27T00:00:00Z,Voting (Civic Obligation) Bill,Title: Voting (Civic Obligation) Bill | Summary: No summary available | Description: No description available,UK_Parliament_Bills_Enriched_Corpus,0.8,17.79
1533,2015-03-27T00:00:00Z,Women’s Refuges (Provision and Eligibility) Bill,Title: Women’s Refuges (Provision and Eligibility) Bill | Summary: No summary available | Description: No description available,UK_Parliament_Bills_Enriched_Corpus,0.8,20.19
1376,2015-03-11T00:00:00Z,Serious Crime Act,Title: Serious Crime Act | Summary: No summary available | Description: No description available,UK_Parliament_Bills_Enriched_Corpus,0.05,16
1375,2015-03-10T00:00:00Z,Childcare Payments Act 2014,Title: Childcare Payments Act 2014 | Summary: No summary available | Description: No description available,UK_Parliament_Bills_Enriched_Corpus,0.8,15.43
1411,2015-03-04T00:00:00Z,Pension Schemes Act,Title: Pension Schemes Act | Summary: No summary available | Description: No description available,UK_Parliament_Bills_Enriched_Corpus,0.8,15.16
1522,2015-02-13T00:00:00Z,Counter-Terrorism and Security Act 2015,Title: Counter-Terrorism and Security Act 2015 | Summary: No summary available | Description: No description available,UK_Parliament_Bills_Enriched_Corpus,0.8,18.11
1377,2015-02-13T00:00:00Z,Infrastructure Act 2015,Title: Infrastructure Act 2015 | Summary: No summary available | Description: No description available,UK_Parliament_Bills_Enriched_Corpus,0.8,16.84
1481,2015-02-13T00:00:00Z,National Insurance Contributions Act 2015,Title: National Insurance Contributions Act 2015 | Summary: No summary available | Description: No description available,UK_Parliament_Bills_Enriched_Corpus,0.8,18.68
1406,2015-02-13T00:00:00Z,"Social Action, Responsibility and Heroism Act 2015","Title: Social Action, Responsibility and Heroism Act 2015 | Summary: No summary available | Description: No description available",UK_Parliament_Bills_Enriched_Corpus,2.05,19.62
1357,2015-01-06T00:00:00Z,Wales Act 2014,Title: Wales Act 2014 | Summary: No summary available | Description: No description available,UK_Parliament_Bills_Enriched_Corpus,0.8,14.31
1316,2014-11-12T00:00:00Z,Buckinghamshire County Council (Filming on Highways) Bill [HL],Title: Buckinghamshire County Council (Filming on Highways) Bill [HL] | Summary: No summary available | Description: No description available,UK_Parliament_Bills_Enriched_Corpus,1.2,17.9
1516,2014-11-12T00:00:00Z,Prime Minister (Limitation of Period of Office) Bill [HL],Title: Prime Minister (Limitation of Period of Office) Bill [HL] | Summary: No summary available | Description: No description available,UK_Parliament_Bills_Enriched_Corpus,0.4,17.58
1503,2014-10-15T00:00:00Z,Leader of the House of Lords Bill [HL],Title: Leader of the House of Lords Bill [HL] | Summary: No summary available | Description: No description available,UK_Parliament_Bills_Enriched_Corpus,1.05,13.56
1488,2014-07-25T00:00:00Z,Welfare of Cats Bill [HL],Title: Welfare of Cats Bill [HL] | Summary: No summary available | Description: No description available,UK_Parliament_Bills_Enriched_Corpus,0.8,14.25
1473,2014-07-18T00:00:00Z,Data Retention and Investigatory Powers Act 2014,Title: Data Retention and Investigatory Powers Act 2014 | Summary: No summary available | Description: No description available,UK_Parliament_Bills_Enriched_Corpus,1.2,18.96
1360,2014-07-18T00:00:00Z,Finance Act 2014,Title: Finance Act 2014 | Summary: No summary available | Description: No description available,UK_Parliament_Bills_Enriched_Corpus,0.8,15.16
1432,2014-07-18T00:00:00Z,Supply and Appropriation (Main Estimates) Act 2014,Title: Supply and Appropriation (Main Estimates) Act 2014 | Summary: No summary available | Description: No description available,UK_Parliament_Bills_Enriched_Corpus,0.8,17.65
1206,2014-07-04T00:00:00Z,House of Lords Reform Act,Title: House of Lords Reform Act | Summary: No summary available | Description: No description available,UK_Parliament_Bills_Enriched_Corpus,1.05,14.25
1384,2014-06-30T00:00:00Z,Parliamentary Privilege (Defamation) Bill [HL],Title: Parliamentary Privilege (Defamation) Bill [HL] | Summary: No summary available | Description: No description available,UK_Parliament_Bills_Enriched_Corpus,0.8,20.15
1407,2014-06-17T00:00:00Z,European Union (Withdrawal) Bill [HL],Title: European Union (Withdrawal) Bill [HL] | Summary: No summary available | Description: No description available,UK_Parliament_Bills_Enriched_Corpus,0.8,17.94
1405,2014-06-13T00:00:00Z,BBC (Trustee Election and Licence Fee) Bill [HL],Title: BBC (Trustee Election and Licence Fee) Bill [HL] | Summary: No summary available | Description: No description available,UK_Parliament_Bills_Enriched_Corpus,0.2,16.66
1401,2014-06-13T00:00:00Z,Voting Age (Comprehensive Reduction) Bill [HL],Title: Voting Age (Comprehensive Reduction) Bill [HL] | Summary: No summary available | Description: No description available,UK_Parliament_Bills_Enriched_Corpus,1.55,17.42
1395,2014-06-12T00:00:00Z,Employment Practices Bill [HL],Title: Employment Practices Bill [HL] | Summary: No summary available | Description: No description available,UK_Parliament_Bills_Enriched_Corpus,0.8,17.01
1398,2014-06-12T00:00:00Z,Governance of Sport Bill [HL],Title: Governance of Sport Bill [HL] | Summary: No summary available | Description: No description available,UK_Parliament_Bills_Enriched_Corpus,0.8,14.99
1392,2014-06-11T00:00:00Z,Voter Registration Bill [HL],Title: Voter Registration Bill [HL] | Summary: No summary available | Description: No description available,UK_Parliament_Bills_Enriched_Corpus,1.4,17.01
1388,2014-06-10T00:00:00Z,High-cost Credit Agreements (Advertising Restrictions) Bill [HL],Title: High-cost Credit Agreements (Advertising Restrictions) Bill [HL] | Summary: No summary available | Description: No description available,UK_Parliament_Bills_Enriched_Corpus,1.2,17.9
1165,2014-05-20T00:00:00Z,Care Act,Title: Care Act | Summary: No summary available | Description: No description available,UK_Parliament_Bills_Enriched_Corpus,1.8,14.9
1272,2014-05-20T00:00:00Z,Water Act,Title: Water Act | Summary: No summary available | Description: No description available,UK_Parliament_Bills_Enriched_Corpus,0.8,15.8
1166,2014-05-19T00:00:00Z,Offender Rehabilitation Act,Title: Offender Rehabilitation Act | Summary: No summary available | Description: No description available,UK_Parliament_Bills_Enriched_Corpus,1.05,20.21
1346,2014-05-15T00:00:00Z,Additional Charges for Utility Bills Not Paid by Direct Debit (Limits) Bill,Title: Additional Charges for Utility Bills Not Paid by Direct Debit (Limits) Bill | Summary: No summary available | Description: No description available,UK_Parliament_Bills_Enriched_Corpus,1.2,18.01
1334,2014-05-15T00:00:00Z,Adventure and Gap Year Activity Companies (Accreditation and Inspection) Bill,Title: Adventure and Gap Year Activity Companies (Accreditation and Inspection) Bill | Summary: No summary available | Description: No description available,UK_Parliament_Bills_Enriched_Corpus,1.3,20.13
1368,2014-05-15T00:00:00Z,Agricultural Accidents (Records) Bill,Title: Agricultural Accidents (Records) Bill | Summary: No summary available | Description: No description available,UK_Parliament_Bills_Enriched_Corpus,0.2,19.37
1336,2014-05-15T00:00:00Z,Animal Welfare (Electronic Collars) Bill,Title: Animal Welfare (Electronic Collars) Bill | Summary: No summary available | Description: No description available,UK_Parliament_Bills_Enriched_Corpus,0.8,18.68
1226,2014-05-15T00:00:00Z,Asylum Seekers (Return to Nearest Safe Country) Bill,Title: Asylum Seekers (Return to Nearest Safe Country) Bill | Summary: No summary available | Description: No description available,UK_Parliament_Bills_Enriched_Corpus,1.55,16.66
1236,2014-05-15T00:00:00Z,BBC Licence Fee (Civil Debt) Bill,Title: BBC Licence Fee (Civil Debt) Bill | Summary: No summary available | Description: No description available,UK_Parliament_Bills_Enriched_Corpus,0.25,16.03
1308,2014-05-15T00:00:00Z,Benefit Claimants (Automatic Transfer to Alternative Benefits) Bill,Title: Benefit Claimants (Automatic Transfer to Alternative Benefits) Bill | Summary: No summary available | Description: No description available,UK_Parliament_Bills_Enriched_Corpus,2.55,20.39
1356,2014-05-15T00:00:00Z,Brown Hare (Protection) Bill,Title: Brown Hare (Protection) Bill | Summary: No summary available | Description: No description available,UK_Parliament_Bills_Enriched_Corpus,1.6,15.43
1230,2014-05-15T00:00:00Z,Capital Punishment Bill,Title: Capital Punishment Bill | Summary: No summary available | Description: No description available,UK_Parliament_Bills_Enriched_Corpus,0.3,17.68
1319,2014-05-15T00:00:00Z,Causing Death by Driving Whilst Disqualified Bill,Title: Causing Death by Driving Whilst Disqualified Bill | Summary: No summary available | Description: No description available,UK_Parliament_Bills_Enriched_Corpus,-0.45,16.34
1242,2014-05-15T00:00:00Z,Charitable Status for Religious Institutions Bill,Title: Charitable Status for Religious Institutions Bill | Summary: No summary available | Description: No description available,UK_Parliament_Bills_Enriched_Corpus,1.3,19.5
1213,2014-05-15T00:00:00Z,Child Maltreatment Bill,Title: Child Maltreatment Bill | Summary: No summary available | Description: No description available,UK_Parliament_Bills_Enriched_Corpus,0.4,16
1255,2014-05-15T00:00:00Z,Collection of Nationality Data Bill,Title: Collection of Nationality Data Bill | Summary: No summary available | Description: No description available,UK_Parliament_Bills_Enriched_Corpus,0.8,18.68
1214,2014-05-15T00:00:00Z,Communication Support (Deafness) Bill,Title: Communication Support (Deafness) Bill | Summary: No summary available | Description: No description available,UK_Parliament_Bills_Enriched_Corpus,1.3,18.58
1211,2014-05-15T00:00:00Z,Communications (Unsolicited Telephone Calls and Texts) Bill,Title: Communications (Unsolicited Telephone Calls and Texts) Bill | Summary: No summary available | Description: No description available,UK_Parliament_Bills_Enriched_Corpus,0.8,19.62
1358,2014-05-15T00:00:00Z,Contaminated Blood (Support for Infected and Bereaved Persons) Bill,Title: Contaminated Blood (Support for Infected and Bereaved Persons) Bill | Summary: No summary available | Description: No description available,UK_Parliament_Bills_Enriched_Corpus,-0.45,18.17
1325,2014-05-15T00:00:00Z,Co-operative and Community Benefit Societies Act,Title: Co-operative and Community Benefit Societies Act | Summary: No summary available | Description: No description available,UK_Parliament_Bills_Enriched_Corpus,2.65,20.27
1354,2014-05-15T00:00:00Z,Co-operative and Social Enterprise (Development) Bill,Title: Co-operative and Social Enterprise (Development) Bill | Summary: No summary available | Description: No description available,UK_Parliament_Bills_Enriched_Corpus,1.3,18.96
1205,2014-05-15T00:00:00Z,Deep Sea Mining Act,Title: Deep Sea Mining Act | Summary: No summary available | Description: No description available,UK_Parliament_Bills_Enriched_Corpus,0.8,14.65
1209,2014-05-15T00:00:00Z,Delivery Surcharges (Transparency for Consumers) Bill,Title: Delivery Surcharges (Transparency for Consumers) Bill | Summary: No summary available | Description: No description available,UK_Parliament_Bills_Enriched_Corpus,1.4,20.19
1303,2014-05-15T00:00:00Z,Descendants of Deceased Adopted People (Access to Information) Bill,Title: Descendants of Deceased Adopted People (Access to Information) Bill | Summary: No summary available | Description: No description available,UK_Parliament_Bills_Enriched_Corpus,0.2,18.76
1351,2014-05-15T00:00:00Z,Domestic Violence (Legal Framework) Bill,Title: Domestic Violence (Legal Framework) Bill | Summary: No summary available | Description: No description available,UK_Parliament_Bills_Enriched_Corpus,0.3,17.94
1275,2014-05-15T00:00:00Z,Drink Driving (Repeat Offenders) Bill,Title: Drink Driving (Repeat Offenders) Bill | Summary: No summary available | Description: No description available,UK_Parliament_Bills_Enriched_Corpus,0.8,16.46
1330,2014-05-15T00:00:00Z,Driving Offences (Review of Sentencing Guidelines) Bill,Title: Driving Offences (Review of Sentencing Guidelines) Bill | Summary: No summary available | Description: No description available,UK_Parliament_Bills_Enriched_Corpus,0.55,17.65
1318,2014-05-15T00:00:00Z,Driving Whilst Disqualified (Repeat Offenders) Bill,Title: Driving Whilst Disqualified (Repeat Offenders) Bill | Summary: No summary available | Description: No description available,UK_Parliament_Bills_Enriched_Corpus,0.3,18.11
1210,2014-05-15T00:00:00Z,Drug Driving (Assessment of Drug Misuse) Bill,Title: Drug Driving (Assessment of Drug Misuse) Bill | Summary: No summary available | Description: No description available,UK_Parliament_Bills_Enriched_Corpus,0.2,15.69
1216,2014-05-15T00:00:00Z,Education (Information Sharing) Bill,Title: Education (Information Sharing) Bill | Summary: No summary available | Description: No description available,UK_Parliament_Bills_Enriched_Corpus,1.2,19.37
1284,2014-05-15T00:00:00Z,Electoral Register (Access to Public Services) Bill,Title: Electoral Register (Access to Public Services) Bill | Summary: No summary available | Description: No description available,UK_Parliament_Bills_Enriched_Corpus,0.8,18.96
1314,2014-05-15T00:00:00Z,Electronic Patient Records (Continuity of Care) Bill,Title: Electronic Patient Records (Continuity of Care) Bill | Summary: No summary available | Description: No description available,UK_Parliament_Bills_Enriched_Corpus,2.7,18.96
1233,2014-05-15T00:00:00Z,Equality and Diversity (Reform) Bill,Title: Equality and Diversity (Reform) Bill | Summary: No summary available | Description: No description available,UK_Parliament_Bills_Enriched_Corpus,1.85,18.68
1223,2014-05-15T00:00:00Z,European Communities Act 1972 (Repeal) Bill,Title: European Communities Act 1972 (Repeal) Bill | Summary: No summary available | Description: No description available,UK_Parliament_Bills_Enriched_Corpus,0.8,18.11
1290,2014-05-15T00:00:00Z,Executive Pay and Remuneration Bill,Title: Executive Pay and Remuneration Bill | Summary: No summary available | Description: No description available,UK_Parliament_Bills_Enriched_Corpus,0.7,18.68
1221,2014-05-15T00:00:00Z,Face Coverings (Prohibition) Bill,Title: Face Coverings (Prohibition) Bill | Summary: No summary available | Description: No description available,UK_Parliament_Bills_Enriched_Corpus,-0.2,17.79
1228,2014-05-15T00:00:00Z,Fishing Grounds and Territorial Waters (Repatriation) Bill,Title: Fishing Grounds and Territorial Waters (Repatriation) Bill | Summary: No summary available | Description: No description available,UK_Parliament_Bills_Enriched_Corpus,0.8,19.62
1342,2014-05-15T00:00:00Z,Flooding Prevention for New Developments Bill,Title: Flooding Prevention for New Developments Bill | Summary: No summary available | Description: No description available,UK_Parliament_Bills_Enriched_Corpus,1.85,17.42
1374,2014-05-15T00:00:00Z,Food Labelling (Sugar Content) Bill,Title: Food Labelling (Sugar Content) Bill | Summary: No summary available | Description: No description available,UK_Parliament_Bills_Enriched_Corpus,1.8,16.46
1366,2014-05-15T00:00:00Z,Football Governance (No. 2) Bill,Title: Football Governance (No. 2) Bill | Summary: No summary available | Description: No description available,UK_Parliament_Bills_Enriched_Corpus,0.8,12.61
1241,2014-05-15T00:00:00Z,Foreign Aid Ring-Fencing (Abolition) Bill,Title: Foreign Aid Ring-Fencing (Abolition) Bill | Summary: No summary available | Description: No description available,UK_Parliament_Bills_Enriched_Corpus,1.55,16.72
1256,2014-05-15T00:00:00Z,Foreign Nationals (Access to Public Services) Bill,Title: Foreign Nationals (Access to Public Services) Bill | Summary: No summary available | Description: No description available,UK_Parliament_Bills_Enriched_Corpus,0.55,17.65
1305,2014-05-15T00:00:00Z,Funding for Local Authorities Bill,Title: Funding for Local Authorities Bill | Summary: No summary available | Description: No description available,UK_Parliament_Bills_Enriched_Corpus,0.8,17.2
1179,2014-05-15T00:00:00Z,Gambling (Licensing and Advertising) Act,Title: Gambling (Licensing and Advertising) Act | Summary: No summary available | Description: No description available,UK_Parliament_Bills_Enriched_Corpus,0.55,18.68
1268,2014-05-15T00:00:00Z,Gangmasters Licensing Authority (Extension of Powers) Bill,Title: Gangmasters Licensing Authority (Extension of Powers) Bill | Summary: No summary available | Description: No description available,UK_Parliament_Bills_Enriched_Corpus,1.3,19.62
1302,2014-05-15T00:00:00Z,Gibraltar (Maritime Protection) Bill,Title: Gibraltar (Maritime Protection) Bill | Summary: No summary available | Description: No description available,UK_Parliament_Bills_Enriched_Corpus,1.6,18.58
1231,2014-05-15T00:00:00Z,"Government Departments (Amalgamation of Scotland Office, Wales Office and Northern Ireland Office) Bill","Title: Government Departments (Amalgamation of Scotland Office, Wales Office and Northern Ireland Office) Bill | Summary: No summary available | Description: No description available",UK_Parliament_Bills_Enriched_Corpus,0.3,20.32
1212,2014-05-15T00:00:00Z,Graduated Driving Licence Scheme Bill,Title: Graduated Driving Licence Scheme Bill | Summary: No summary available | Description: No description available,UK_Parliament_Bills_Enriched_Corpus,0.7,17.2
1307,2014-05-15T00:00:00Z,Hate Crime (People with Learning Difficulties and Learning Disabilities) Bill,Title: Hate Crime (People with Learning Difficulties and Learning Disabilities) Bill | Summary: No summary available | Description: No description available,UK_Parliament_Bills_Enriched_Corpus,-0.4,18.45
1203,2014-05-15T00:00:00Z,High Cost Credit Bill,Title: High Cost Credit Bill | Summary: No summary available | Description: No description available,UK_Parliament_Bills_Enriched_Corpus,1.2,14.65
1347,2014-05-15T00:00:00Z,Housing Benefit and Universal Credit in the Social Housing Sector (Regular Payments) Bill,Title: Housing Benefit and Universal Credit in the Social Housing Sector (Regular Payments) Bill | Summary: No summary available | Description: No description available,UK_Parliament_Bills_Enriched_Corpus,2.35,19.34
1361,2014-05-15T00:00:00Z,Illegal Importation of Dogs (Fixed Penalty) Bill,Title: Illegal Importation of Dogs (Fixed Penalty) Bill | Summary: No summary available | Description: No description available,UK_Parliament_Bills_Enriched_Corpus,-0.95,17.65
1298,2014-05-15T00:00:00Z,Immigration Act,Title: Immigration Act | Summary: No summary available | Description: No description available,UK_Parliament_Bills_Enriched_Corpus,0.8,17.62
1287,2014-05-15T00:00:00Z,Inheritance and Trustees’ Powers Act,Title: Inheritance and Trustees’ Powers Act | Summary: No summary available | Description: No description available,UK_Parliament_Bills_Enriched_Corpus,1.4,17.2
1171,2014-05-15T00:00:00Z,Intellectual Property Act,Title: Intellectual Property Act | Summary: No summary available | Description: No description available,UK_Parliament_Bills_Enriched_Corpus,1.6,19.37
1264,2014-05-15T00:00:00Z,International Development (Official Development Assistance Target) Bill,Title: International Development (Official Development Assistance Target) Bill | Summary: No summary available | Description: No description available,UK_Parliament_Bills_Enriched_Corpus,1.6,22.9
1344,2014-05-15T00:00:00Z,Investment Management (Fiduciary Duties) Bill,Title: Investment Management (Fiduciary Duties) Bill | Summary: No summary available | Description: No description available,UK_Parliament_Bills_Enriched_Corpus,1.2,20.15
1273,2014-05-15T00:00:00Z,"Letting Agents (Competition, Choice and Standards) Bill","Title: Letting Agents (Competition, Choice and Standards) Bill | Summary: No summary available | Description: No description available",UK_Parliament_Bills_Enriched_Corpus,0.95,17
1306,2014-05-15T00:00:00Z,Licensed Hackney Carriages and Private Hire Vehicles (Closed Circuit Television) Bill,Title: Licensed Hackney Carriages and Private Hire Vehicles (Closed Circuit Television) Bill | Summary: No summary available | Description: No description available,UK_Parliament_Bills_Enriched_Corpus,1.4,19.27
1263,2014-05-15T00:00:00Z,Lobbyists (Registration of Code of Conduct) Bill,Title: Lobbyists (Registration of Code of Conduct) Bill | Summary: No summary available | Description: No description available,UK_Parliament_Bills_Enriched_Corpus,0.8,17
1220,2014-05-15T00:00:00Z,Local Government (Religious etc. Observances) Bill,Title: Local Government (Religious etc. Observances) Bill | Summary: No summary available | Description: No description available,UK_Parliament_Bills_Enriched_Corpus,0.3,17.57
1267,2014-05-15T00:00:00Z,Local Government (Review of Decisions) Bill,Title: Local Government (Review of Decisions) Bill | Summary: No summary available | Description: No description available,UK_Parliament_Bills_Enriched_Corpus,0.3,17.42
1341,2014-05-15T00:00:00Z,Local Government Boundary Commission (Public Representations) Bill,Title: Local Government Boundary Commission (Public Representations) Bill | Summary: No summary available | Description: No description available,UK_Parliament_Bills_Enriched_Corpus,0.3,20.93
1238,2014-05-15T00:00:00Z,Margaret Thatcher Day Bill,Title: Margaret Thatcher Day Bill | Summary: No summary available | Description: No description available,UK_Parliament_Bills_Enriched_Corpus,0.8,16.22
1350,2014-05-15T00:00:00Z,National Insurance (Renaming) Bill,Title: National Insurance (Renaming) Bill | Summary: No summary available | Description: No description available,UK_Parliament_Bills_Enriched_Corpus,0.8,18.58
1363,2014-05-15T00:00:00Z,National Parks (Governance) Bill,Title: National Parks (Governance) Bill | Summary: No summary available | Description: No description available,UK_Parliament_Bills_Enriched_Corpus,0.8,17.01
1370,2014-05-15T00:00:00Z,National Planning Policy Framework (Community Involvement) Bill,Title: National Planning Policy Framework (Community Involvement) Bill | Summary: No summary available | Description: No description available,UK_Parliament_Bills_Enriched_Corpus,1.65,20.27
1222,2014-05-15T00:00:00Z,National Service Bill,Title: National Service Bill | Summary: No summary available | Description: No description available,UK_Parliament_Bills_Enriched_Corpus,0.8,16.84
1177,2014-05-15T00:00:00Z,Pensions Act,Title: Pensions Act | Summary: No summary available | Description: No description available,UK_Parliament_Bills_Enriched_Corpus,0.8,15.8
1310,2014-05-15T00:00:00Z,Permitted Development (Basements) Bill,Title: Permitted Development (Basements) Bill | Summary: No summary available | Description: No description available,UK_Parliament_Bills_Enriched_Corpus,0.8,18.58
1249,2014-05-15T00:00:00Z,Prime Minister (Replacement) Bill,Title: Prime Minister (Replacement) Bill | Summary: No summary available | Description: No description available,UK_Parliament_Bills_Enriched_Corpus,0.9,17.01
1227,2014-05-15T00:00:00Z,Prisoners (Completion of Custodial Sentences) Bill,Title: Prisoners (Completion of Custodial Sentences) Bill | Summary: No summary available | Description: No description available,UK_Parliament_Bills_Enriched_Corpus,0.8,19.5
1217,2014-05-15T00:00:00Z,Prisons (Drug Testing) Bill,Title: Prisons (Drug Testing) Bill | Summary: No summary available | Description: No description available,UK_Parliament_Bills_Enriched_Corpus,0.7,15.43
1355,2014-05-15T00:00:00Z,Private Rented Sector Bill,Title: Private Rented Sector Bill | Summary: No summary available | Description: No description available,UK_Parliament_Bills_Enriched_Corpus,0.8,16.22
1373,2014-05-15T00:00:00Z,Prohibition of Unpaid Internships Bill,Title: Prohibition of Unpaid Internships Bill | Summary: No summary available | Description: No description available,UK_Parliament_Bills_Enriched_Corpus,-1,17.94
1215,2014-05-15T00:00:00Z,Property Blight Compensation Bill,Title: Property Blight Compensation Bill | Summary: No summary available | Description: No description available,UK_Parliament_Bills_Enriched_Corpus,-0.2,17.79
1371,2014-05-15T00:00:00Z,Pupils at Risk of Educational Disadvantage Bill,Title: Pupils at Risk of Educational Disadvantage Bill | Summary: No summary available | Description: No description available,UK_Parliament_Bills_Enriched_Corpus,0.35,18.31
1321,2014-05-15T00:00:00Z,Recall of Elected Representative Bill,Title: Recall of Elected Representative Bill | Summary: No summary available | Description: No description available,UK_Parliament_Bills_Enriched_Corpus,0.8,18.68
1362,2014-05-15T00:00:00Z,Recall of Members of Parliament Bill,Title: Recall of Members of Parliament Bill | Summary: No summary available | Description: No description available,UK_Parliament_Bills_Enriched_Corpus,0.8,16.03
1331,2014-05-15T00:00:00Z,Registration of Stillbirths Bill,Title: Registration of Stillbirths Bill | Summary: No summary available | Description: No description available,UK_Parliament_Bills_Enriched_Corpus,-0.2,17.01
1232,2014-05-15T00:00:00Z,Residential Roads (Adoption by Local Highways Authority) Bill,Title: Residential Roads (Adoption by Local Highways Authority) Bill | Summary: No summary available | Description: No description available,UK_Parliament_Bills_Enriched_Corpus,1.3,19.15
1246,2014-05-15T00:00:00Z,Romanian and Bulgarian Accession (Labour Restriction) Bill,Title: Romanian and Bulgarian Accession (Labour Restriction) Bill | Summary: No summary available | Description: No description available,UK_Parliament_Bills_Enriched_Corpus,0.05,20.27
1369,2014-05-15T00:00:00Z,Safe and Sanctuary Rooms (Exemption from Under-Occupancy Penalty) Bill,Title: Safe and Sanctuary Rooms (Exemption from Under-Occupancy Penalty) Bill | Summary: No summary available | Description: No description available,UK_Parliament_Bills_Enriched_Corpus,1.55,19.01
1243,2014-05-15T00:00:00Z,Same Sex Marriage (Referendum) Bill,Title: Same Sex Marriage (Referendum) Bill | Summary: No summary available | Description: No description available,UK_Parliament_Bills_Enriched_Corpus,1.5,16.46
1229,2014-05-15T00:00:00Z,School Governing Bodies (Adverse Weather Conditions) Bill,Title: School Governing Bodies (Adverse Weather Conditions) Bill | Summary: No summary available | Description: No description available,UK_Parliament_Bills_Enriched_Corpus,0.3,17.65
1365,2014-05-15T00:00:00Z,Scotland (Independence) (Westminster Representation) Bill,Title: Scotland (Independence) (Westminster Representation) Bill | Summary: No summary available | Description: No description available,UK_Parliament_Bills_Enriched_Corpus,1.6,20.89
1283,2014-05-15T00:00:00Z,Selective Licensing (Housing Standards) Bill,Title: Selective Licensing (Housing Standards) Bill | Summary: No summary available | Description: No description available,UK_Parliament_Bills_Enriched_Corpus,1.2,17.94
1234,2014-05-15T00:00:00Z,Sentencing Escalator Bill,Title: Sentencing Escalator Bill | Summary: No summary available | Description: No description available,UK_Parliament_Bills_Enriched_Corpus,0.55,18.53
1254,2014-05-15T00:00:00Z,Sexual Impropriety in Employment Bill,Title: Sexual Impropriety in Employment Bill | Summary: No summary available | Description: No description available,UK_Parliament_Bills_Enriched_Corpus,0.3,19.41
1279,2014-05-15T00:00:00Z,Slavery Bill,Title: Slavery Bill | Summary: No summary available | Description: No description available,UK_Parliament_Bills_Enriched_Corpus,0.05,16.71
1372,2014-05-15T00:00:00Z,Smoke Alarms (Private Rented Sector) Bill,Title: Smoke Alarms (Private Rented Sector) Bill | Summary: No summary available | Description: No description available,UK_Parliament_Bills_Enriched_Corpus,0.55,16.03
1237,2014-05-15T00:00:00Z,Smoking (Private Members’ Clubs) Bill,Title: Smoking (Private Members’ Clubs) Bill | Summary: No summary available | Description: No description available,UK_Parliament_Bills_Enriched_Corpus,0.8,15.73
1266,2014-05-15T00:00:00Z,Specialist Printing Equipment and Materials (Offences) Bill,Title: Specialist Printing Equipment and Materials (Offences) Bill | Summary: No summary available | Description: No description available,UK_Parliament_Bills_Enriched_Corpus,0.8,19.62
1262,2014-05-15T00:00:00Z,Train Companies (Minimum Fares) Bill,Title: Train Companies (Minimum Fares) Bill | Summary: No summary available | Description: No description available,UK_Parliament_Bills_Enriched_Corpus,0.8,16.46
1250,2014-05-15T00:00:00Z,United Kingdom (Withdrawal from the European Union) Bill,Title: United Kingdom (Withdrawal from the European Union) Bill | Summary: No summary available | Description: No description available,UK_Parliament_Bills_Enriched_Corpus,1.3,18.53
1317,2014-05-15T00:00:00Z,United Kingdom Parliament (Sovereignty) Bill,Title: United Kingdom Parliament (Sovereignty) Bill | Summary: No summary available | Description: No description available,UK_Parliament_Bills_Enriched_Corpus,1.3,18.68
1332,2014-05-15T00:00:00Z,United Kingdom Register of Places Bill,Title: United Kingdom Register of Places Bill | Summary: No summary available | Description: No description available,UK_Parliament_Bills_Enriched_Corpus,1.3,17.42
1309,2014-05-15T00:00:00Z,Unsolicited Telephone Calls (Caller Line Identification) Bill,Title: Unsolicited Telephone Calls (Caller Line Identification) Bill | Summary: No summary available | Description: No description available,UK_Parliament_Bills_Enriched_Corpus,0.8,20.93
1281,2014-05-15T00:00:00Z,Victims and Survivors (Northern Ireland) Bill,Title: Victims and Survivors (Northern Ireland) Bill | Summary: No summary available | Description: No description available,UK_Parliament_Bills_Enriched_Corpus,0.05,17.42
1315,2014-05-15T00:00:00Z,Winter Fuel Allowance Payments (Off Gas Grid Claimants) Bill,Title: Winter Fuel Allowance Payments (Off Gas Grid Claimants) Bill | Summary: No summary available | Description: No description available,UK_Parliament_Bills_Enriched_Corpus,0.8,16.4
1245,2014-05-15T00:00:00Z,Withdrawal from the European Convention of Human Rights and Removal of Alleged Terrorists Bill,Title: Withdrawal from the European Convention of Human Rights and Removal of Alleged Terrorists Bill | Summary: No summary available | Description: No description available,UK_Parliament_Bills_Enriched_Corpus,0.95,19.18
1190,2014-05-08T00:00:00Z,Arbitration and Mediation (Equality) Services Bill [HL],Title: Arbitration and Mediation (Equality) Services Bill [HL] | Summary: No summary available | Description: No description available,UK_Parliament_Bills_Enriched_Corpus,1.2,20.27
1163,2014-03-14T00:00:00Z,"Anti-social Behaviour, Crime and Policing Act","Title: Anti-social Behaviour, Crime and Policing Act | Summary: No summary available | Description: No description available",UK_Parliament_Bills_Enriched_Corpus,-0.95,17
1140,2014-03-14T00:00:00Z,Children and Families Act,Title: Children and Families Act | Summary: No summary available | Description: No description available,UK_Parliament_Bills_Enriched_Corpus,0.8,16.22
1218,2014-03-14T00:00:00Z,International Development (Gender Equality) Act,Title: International Development (Gender Equality) Act | Summary: No summary available | Description: No description available,UK_Parliament_Bills_Enriched_Corpus,1.6,21.63
1178,2014-03-14T00:00:00Z,Northern Ireland (Miscellaneous Provisions) Act,Title: Northern Ireland (Miscellaneous Provisions) Act | Summary: No summary available | Description: No description available,UK_Parliament_Bills_Enriched_Corpus,0.8,20.15
1352,2014-03-14T00:00:00Z,Supply and Appropriation (Anticipation and Adjustments) Act,Title: Supply and Appropriation (Anticipation and Adjustments) Act | Summary: No summary available | Description: No description available,UK_Parliament_Bills_Enriched_Corpus,1.05,20.27
1111,2014-02-11T00:00:00Z,Hertfordshire County Council (Filming on Highways) Act 2014,Title: Hertfordshire County Council (Filming on Highways) Act 2014 | Summary: No summary available | Description: No description available,UK_Parliament_Bills_Enriched_Corpus,1.2,17.28
212,2014-02-04T00:00:00Z,Leeds City Council Act 2013,Title: Leeds City Council Act 2013 | Summary: No summary available | Description: No description available,UK_Parliament_Bills_Enriched_Corpus,1.2,14.99
218,2014-02-04T00:00:00Z,Nottingham City Council Act 2013,Title: Nottingham City Council Act 2013 | Summary: No summary available | Description: No description available,UK_Parliament_Bills_Enriched_Corpus,1.2,16.46
219,2014-02-04T00:00:00Z,Reading Borough Council Act 2013,Title: Reading Borough Council Act 2013 | Summary: No summary available | Description: No description available,UK_Parliament_Bills_Enriched_Corpus,1.3,15.73
1280,2014-01-31T00:00:00Z,European Union (Approvals) Act,Title: European Union (Approvals) Act | Summary: No summary available | Description: No description available,UK_Parliament_Bills_Enriched_Corpus,0.8,18.58
1170,2014-01-31T00:00:00Z,Local Audit and Accountability Act,Title: Local Audit and Accountability Act | Summary: No summary available | Description: No description available,UK_Parliament_Bills_Enriched_Corpus,1.6,18.68
1168,2014-01-31T00:00:00Z,Mesothelioma Act,Title: Mesothelioma Act | Summary: No summary available | Description: No description available,UK_Parliament_Bills_Enriched_Corpus,0.8,19.43
1282,2014-01-31T00:00:00Z,"Transparency of Lobbying, Non-party Campaigning and Trade Union Administration Act","Title: Transparency of Lobbying, Non-party Campaigning and Trade Union Administration Act | Summary: No summary available | Description: No description available",UK_Parliament_Bills_Enriched_Corpus,0.55,19.81
1112,2014-01-30T00:00:00Z,Humber Bridge Act 2013,Title: Humber Bridge Act 2013 | Summary: No summary available | Description: No description available,UK_Parliament_Bills_Enriched_Corpus,0.8,14.65
1340,2014-01-30T00:00:00Z,Scottish Referendum (Consultation) Bill [HL],Title: Scottish Referendum (Consultation) Bill [HL] | Summary: No summary available | Description: No description available,UK_Parliament_Bills_Enriched_Corpus,0.8,18.68
1185,2014-01-13T00:00:00Z,Rights of the Sovereign and the Duchy of Cornwall Bill [HL],Title: Rights of the Sovereign and the Duchy of Cornwall Bill [HL] | Summary: No summary available | Description: No description available,UK_Parliament_Bills_Enriched_Corpus,0.8,14.44
216,2013-12-19T00:00:00Z,London Local Authorities and Transport for London Act 2013,Title: London Local Authorities and Transport for London Act 2013 | Summary: No summary available | Description: No description available,UK_Parliament_Bills_Enriched_Corpus,0.8,16.99
1188,2013-12-18T00:00:00Z,Unsolicited Telephone Communications Bill [HL],Title: Unsolicited Telephone Communications Bill [HL] | Summary: No summary available | Description: No description available,UK_Parliament_Bills_Enriched_Corpus,0.8,20.89
1182,2013-12-09T00:00:00Z,Equality (Titles) Bill [HL],Title: Equality (Titles) Bill [HL] | Summary: No summary available | Description: No description available,UK_Parliament_Bills_Enriched_Corpus,1.6,17.01
1180,2013-11-22T00:00:00Z,High Speed Rail (Preparation) Act,Title: High Speed Rail (Preparation) Act | Summary: No summary available | Description: No description available,UK_Parliament_Bills_Enriched_Corpus,0.8,15.73
1098,2013-11-12T00:00:00Z,Partnerships (Prosecution) (Scotland) Act,Title: Partnerships (Prosecution) (Scotland) Act | Summary: No summary available | Description: No description available,UK_Parliament_Bills_Enriched_Corpus,0.3,18.58
1183,2013-10-28T00:00:00Z,Medicinal Labelling Bill [HL],Title: Medicinal Labelling Bill [HL] | Summary: No summary available | Description: No description available,UK_Parliament_Bills_Enriched_Corpus,0.8,17.79
1286,2013-07-23T00:00:00Z,Mutuals’ Redeemable Shares Bill [HL],Title: Mutuals’ Redeemable Shares Bill [HL] | Summary: No summary available | Description: No description available,UK_Parliament_Bills_Enriched_Corpus,0.9,16.46
1174,2013-07-22T00:00:00Z,Littering from Vehicles Bill [HL],Title: Littering from Vehicles Bill [HL] | Summary: No summary available | Description: No description available,UK_Parliament_Bills_Enriched_Corpus,0.8,16.46
1158,2013-07-18T00:00:00Z,Finance Act 2013,Title: Finance Act 2013 | Summary: No summary available | Description: No description available,UK_Parliament_Bills_Enriched_Corpus,0.8,15.16
1135,2013-07-18T00:00:00Z,Marriage (Same Sex Couples) Act 2013,Title: Marriage (Same Sex Couples) Act 2013 | Summary: No summary available | Description: No description available,UK_Parliament_Bills_Enriched_Corpus,1.5,14.64
1274,2013-07-18T00:00:00Z,Supply and Appropriation (Main Estimates) Act 2013,Title: Supply and Appropriation (Main Estimates) Act 2013 | Summary: No summary available | Description: No description available,UK_Parliament_Bills_Enriched_Corpus,0.8,17.65
1192,2013-05-16T00:00:00Z,Social Care Portability Bill [HL],Title: Social Care Portability Bill [HL] | Summary: No summary available | Description: No description available,UK_Parliament_Bills_Enriched_Corpus,1.8,17.2
1122,2013-04-30T00:00:00Z,BBC Trust Chairman (Election) Bill [HL],Title: BBC Trust Chairman (Election) Bill [HL] | Summary: No summary available | Description: No description available,UK_Parliament_Bills_Enriched_Corpus,1.55,16.72
989,2013-04-30T00:00:00Z,Company Remuneration Bill [HL],Title: Company Remuneration Bill [HL] | Summary: No summary available | Description: No description available,UK_Parliament_Bills_Enriched_Corpus,0.8,18.58
1007,2013-04-30T00:00:00Z,Contaminated Blood (Support for Infected and Bereaved Persons) Bill [HL],Title: Contaminated Blood (Support for Infected and Bereaved Persons) Bill [HL] | Summary: No summary available | Description: No description available,UK_Parliament_Bills_Enriched_Corpus,-0.45,17.89
1010,2013-04-30T00:00:00Z,Electric Personal Vehicles (Use on Highways) Bill [HL],Title: Electric Personal Vehicles (Use on Highways) Bill [HL] | Summary: No summary available | Description: No description available,UK_Parliament_Bills_Enriched_Corpus,0.8,17.28
1024,2013-04-30T00:00:00Z,European Parliamentary Elections Bill [HL],Title: European Parliamentary Elections Bill [HL] | Summary: No summary available | Description: No description available,UK_Parliament_Bills_Enriched_Corpus,0.8,20.15
1022,2013-04-30T00:00:00Z,Hereditary Peerages (Succession) Bill [HL],Title: Hereditary Peerages (Succession) Bill [HL] | Summary: No summary available | Description: No description available,UK_Parliament_Bills_Enriched_Corpus,0.8,19.41
1009,2013-04-30T00:00:00Z,Higher Education (Fees) Bill [HL],Title: Higher Education (Fees) Bill [HL] | Summary: No summary available | Description: No description available,UK_Parliament_Bills_Enriched_Corpus,0.8,16.46
1000,2013-04-30T00:00:00Z,Human Trafficking and Exploitation (Further Provisions and Support for Victims) Bill [HL],Title: Human Trafficking and Exploitation (Further Provisions and Support for Victims) Bill [HL] | Summary: No summary available | Description: No description available,UK_Parliament_Bills_Enriched_Corpus,-0.45,18.52
1115,2013-04-30T00:00:00Z,Independent Press Council Bill [HL],Title: Independent Press Council Bill [HL] | Summary: No summary available | Description: No description available,UK_Parliament_Bills_Enriched_Corpus,1.2,16.46
988,2013-04-30T00:00:00Z,Inheritance (Cohabitants) Bill [HL],Title: Inheritance (Cohabitants) Bill [HL] | Summary: No summary available | Description: No description available,UK_Parliament_Bills_Enriched_Corpus,1.4,18.58
1005,2013-04-30T00:00:00Z,Interception of Communications (Admissibility of evidence) Bill [HL],Title: Interception of Communications (Admissibility of evidence) Bill [HL] | Summary: No summary available | Description: No description available,UK_Parliament_Bills_Enriched_Corpus,0.8,21.63
999,2013-04-30T00:00:00Z,Marine Navigation Bill [HL],Title: Marine Navigation Bill [HL] | Summary: No summary available | Description: No description available,UK_Parliament_Bills_Enriched_Corpus,0.8,17.01
1023,2013-04-30T00:00:00Z,Membership of the House of Lords (Elections) Bill [HL],Title: Membership of the House of Lords (Elections) Bill [HL] | Summary: No summary available | Description: No description available,UK_Parliament_Bills_Enriched_Corpus,0.8,15.22
997,2013-04-30T00:00:00Z,Presumption of Death and Provisions Relating to Missing Persons Bill [HL],Title: Presumption of Death and Provisions Relating to Missing Persons Bill [HL] | Summary: No summary available | Description: No description available,UK_Parliament_Bills_Enriched_Corpus,-0.35,17.13
1021,2013-04-30T00:00:00Z,Referendum (European Union) Bill [HL],Title: Referendum (European Union) Bill [HL] | Summary: No summary available | Description: No description available,UK_Parliament_Bills_Enriched_Corpus,0.8,18.68
996,2013-04-30T00:00:00Z,Wind Turbines (Minimum Distance from Residential Premises) Bill [HL],Title: Wind Turbines (Minimum Distance from Residential Premises) Bill [HL] | Summary: No summary available | Description: No description available,UK_Parliament_Bills_Enriched_Corpus,1.05,18.17
1011,2013-04-29T00:00:00Z,Enterprise and Regulatory Reform Act,Title: Enterprise and Regulatory Reform Act | Summary: No summary available | Description: No description available,UK_Parliament_Bills_Enriched_Corpus,0.8,18.68
985,2013-04-29T00:00:00Z,Groceries Code Adjudicator Act,Title: Groceries Code Adjudicator Act | Summary: No summary available | Description: No description available,UK_Parliament_Bills_Enriched_Corpus,0.8,18.58
1090,2013-04-29T00:00:00Z,Growth and Infrastructure Act,Title: Growth and Infrastructure Act | Summary: No summary available | Description: No description available,UK_Parliament_Bills_Enriched_Corpus,1.3,16.22
1016,2013-04-29T00:00:00Z,Justice and Security Act,Title: Justice and Security Act | Summary: No summary available | Description: No description available,UK_Parliament_Bills_Enriched_Corpus,1.8,17.01
1045,2013-04-29T00:00:00Z,Marine Navigation Act,Title: Marine Navigation Act | Summary: No summary available | Description: No description available,UK_Parliament_Bills_Enriched_Corpus,0.8,17.68
1084,2013-04-29T00:00:00Z,Public Service Pensions Act,Title: Public Service Pensions Act | Summary: No summary available | Description: No description available,UK_Parliament_Bills_Enriched_Corpus,0.8,16.22
1121,2013-04-29T00:00:00Z,Succession to the Crown Act,Title: Succession to the Crown Act | Summary: No summary available | Description: No description available,UK_Parliament_Bills_Enriched_Corpus,0.8,14.99
1159,2013-04-26T00:00:00Z,Abortion Statistics Bill,Title: Abortion Statistics Bill | Summary: No summary available | Description: No description available,UK_Parliament_Bills_Enriched_Corpus,0,17.68
1025,2013-04-26T00:00:00Z,Bank of England (Appointment of Governor) Bill,Title: Bank of England (Appointment of Governor) Bill | Summary: No summary available | Description: No description available,UK_Parliament_Bills_Enriched_Corpus,0.8,16.34
1104,2013-04-26T00:00:00Z,BBC (Audit Arrangements and Publication of Invoices) Bill,Title: BBC (Audit Arrangements and Publication of Invoices) Bill | Summary: No summary available | Description: No description available,UK_Parliament_Bills_Enriched_Corpus,0.8,19.15
1152,2013-04-26T00:00:00Z,Bishops (Consecration of Women) Bill,Title: Bishops (Consecration of Women) Bill | Summary: No summary available | Description: No description available,UK_Parliament_Bills_Enriched_Corpus,1.2,17.2
1150,2013-04-26T00:00:00Z,"Blood, Organ and Bone Marrow Donation (Education) Bill","Title: Blood, Organ and Bone Marrow Donation (Education) Bill | Summary: No summary available | Description: No description available",UK_Parliament_Bills_Enriched_Corpus,1.2,17.28
1093,2013-04-26T00:00:00Z,Careers Advice in Schools for 12-16 Year Olds Bill,Title: Careers Advice in Schools for 12-16 Year Olds Bill | Summary: No summary available | Description: No description available,UK_Parliament_Bills_Enriched_Corpus,1.05,13.95
1160,2013-04-26T00:00:00Z,Co-operative Schools Bill,Title: Co-operative Schools Bill | Summary: No summary available | Description: No description available,UK_Parliament_Bills_Enriched_Corpus,1.3,16.22
1131,2013-04-26T00:00:00Z,Corporate Accountability and Safeguarding of Adults from Abuse and Neglect Bill,Title: Corporate Accountability and Safeguarding of Adults from Abuse and Neglect Bill | Summary: No summary available | Description: No description available,UK_Parliament_Bills_Enriched_Corpus,-0.15,19.27
1075,2013-04-26T00:00:00Z,Cosmetic Surgery (Minimum Standards) Bill,Title: Cosmetic Surgery (Minimum Standards) Bill | Summary: No summary available | Description: No description available,UK_Parliament_Bills_Enriched_Corpus,0.8,18.68
1097,2013-04-26T00:00:00Z,European Union Free Movement Directive 2004 (Disapplication) Bill,Title: European Union Free Movement Directive 2004 (Disapplication) Bill | Summary: No summary available | Description: No description available,UK_Parliament_Bills_Enriched_Corpus,1.3,19.77
1101,2013-04-26T00:00:00Z,Family Perinatal Support and Adoption Bill,Title: Family Perinatal Support and Adoption Bill | Summary: No summary available | Description: No description available,UK_Parliament_Bills_Enriched_Corpus,1.3,18.8
1052,2013-04-26T00:00:00Z,Financial Literacy (Curriculum) Bill,Title: Financial Literacy (Curriculum) Bill | Summary: No summary available | Description: No description available,UK_Parliament_Bills_Enriched_Corpus,0.55,20.15
1100,2013-04-26T00:00:00Z,Free School Meals (Children over the age of 16) Bill,Title: Free School Meals (Children over the age of 16) Bill | Summary: No summary available | Description: No description available,UK_Parliament_Bills_Enriched_Corpus,1.3,13.95
1144,2013-04-26T00:00:00Z,Gift Vouchers and Insolvency Bill,Title: Gift Vouchers and Insolvency Bill | Summary: No summary available | Description: No description available,UK_Parliament_Bills_Enriched_Corpus,0.5,16.46
1070,2013-04-26T00:00:00Z,Honours (Equality of Titles for Partners) Bill,Title: Honours (Equality of Titles for Partners) Bill | Summary: No summary available | Description: No description available,UK_Parliament_Bills_Enriched_Corpus,1.6,17
1138,2013-04-26T00:00:00Z,Housing Market Reform Bill,Title: Housing Market Reform Bill | Summary: No summary available | Description: No description available,UK_Parliament_Bills_Enriched_Corpus,1.05,16.22
1064,2013-04-26T00:00:00Z,Landlord Accreditation Bill,Title: Landlord Accreditation Bill | Summary: No summary available | Description: No description available,UK_Parliament_Bills_Enriched_Corpus,0.8,18.53
1147,2013-04-26T00:00:00Z,Local Authority Devolution and Powers Bill,Title: Local Authority Devolution and Powers Bill | Summary: No summary available | Description: No description available,UK_Parliament_Bills_Enriched_Corpus,0.7,18.8
1073,2013-04-26T00:00:00Z,Local Services (Planning) Bill,Title: Local Services (Planning) Bill | Summary: No summary available | Description: No description available,UK_Parliament_Bills_Enriched_Corpus,1.05,17.01
1119,2013-04-26T00:00:00Z,Lords Spiritual Bill,Title: Lords Spiritual Bill | Summary: No summary available | Description: No description available,UK_Parliament_Bills_Enriched_Corpus,0.9,16.84
1118,2013-04-26T00:00:00Z,Multinational Motor Manufacturing Companies (Duty of Care to Former Employees) Bill,Title: Multinational Motor Manufacturing Companies (Duty of Care to Former Employees) Bill | Summary: No summary available | Description: No description available,UK_Parliament_Bills_Enriched_Corpus,1.8,20.88
1154,2013-04-26T00:00:00Z,Parish and Town Council Precepts (Referendums) Bill,Title: Parish and Town Council Precepts (Referendums) Bill | Summary: No summary available | Description: No description available,UK_Parliament_Bills_Enriched_Corpus,1.2,17
1116,2013-04-26T00:00:00Z,Planning Applications (Community Right of Appeal) Bill,Title: Planning Applications (Community Right of Appeal) Bill | Summary: No summary available | Description: No description available,UK_Parliament_Bills_Enriched_Corpus,3.05,18.31
1162,2013-04-26T00:00:00Z,Planning Permission (Financial Penalties) Bill,Title: Planning Permission (Financial Penalties) Bill | Summary: No summary available | Description: No description available,UK_Parliament_Bills_Enriched_Corpus,1.85,18.68
1096,2013-04-26T00:00:00Z,Protection of Workers Bill,Title: Protection of Workers Bill | Summary: No summary available | Description: No description available,UK_Parliament_Bills_Enriched_Corpus,1.6,16.22
1046,2013-04-26T00:00:00Z,Public Debt Management Bill,Title: Public Debt Management Bill | Summary: No summary available | Description: No description available,UK_Parliament_Bills_Enriched_Corpus,0.45,16.22
1088,2013-04-26T00:00:00Z,"Relationship, Drug and Alcohol Education (Curriculum) Bill","Title: Relationship, Drug and Alcohol Education (Curriculum) Bill | Summary: No summary available | Description: No description available",UK_Parliament_Bills_Enriched_Corpus,0.45,20.27
1103,2013-04-26T00:00:00Z,Representation of the People (Members' Job Share) Bill,Title: Representation of the People (Members' Job Share) Bill | Summary: No summary available | Description: No description available,UK_Parliament_Bills_Enriched_Corpus,1.3,16.66
1145,2013-04-26T00:00:00Z,"Science, Technology and Engineering (Careers Information in Schools) Bill","Title: Science, Technology and Engineering (Careers Information in Schools) Bill | Summary: No summary available | Description: No description available",UK_Parliament_Bills_Enriched_Corpus,1.55,19.35
1036,2013-04-26T00:00:00Z,Social Care (Local Sufficiency) and Identification of Carers Bill,Title: Social Care (Local Sufficiency) and Identification of Carers Bill | Summary: No summary available | Description: No description available,UK_Parliament_Bills_Enriched_Corpus,2.8,19.35
1155,2013-04-26T00:00:00Z,Succession to Hereditary Peerages and Estates Bill,Title: Succession to Hereditary Peerages and Estates Bill | Summary: No summary available | Description: No description available,UK_Parliament_Bills_Enriched_Corpus,0.8,18.96
1102,2013-04-26T00:00:00Z,Suicide (Prevention) Bill,Title: Suicide (Prevention) Bill | Summary: No summary available | Description: No description available,UK_Parliament_Bills_Enriched_Corpus,0.3,17.68
1129,2013-04-26T00:00:00Z,Supermarket Pricing Information Bill,Title: Supermarket Pricing Information Bill | Summary: No summary available | Description: No description available,UK_Parliament_Bills_Enriched_Corpus,1.2,19.37
1043,2013-04-26T00:00:00Z,Transparency in UK Company Supply Chains (Eradication of Slavery) Bill,Title: Transparency in UK Company Supply Chains (Eradication of Slavery) Bill | Summary: No summary available | Description: No description available,UK_Parliament_Bills_Enriched_Corpus,-0.55,20.13
1156,2013-04-26T00:00:00Z,UK Elected Representatives (Disclosure of Party Membership) Bill,Title: UK Elected Representatives (Disclosure of Party Membership) Bill | Summary: No summary available | Description: No description available,UK_Parliament_Bills_Enriched_Corpus,0.8,20.39
1074,2013-04-26T00:00:00Z,United Kingdom Borders Bill,Title: United Kingdom Borders Bill | Summary: No summary available | Description: No description available,UK_Parliament_Bills_Enriched_Corpus,1.3,17.01
1143,2013-04-26T00:00:00Z,United Kingdom Membership of the European Union (Referendum) Bill,Title: United Kingdom Membership of the European Union (Referendum) Bill | Summary: No summary available | Description: No description available,UK_Parliament_Bills_Enriched_Corpus,1.3,19.94
1094,2013-04-26T00:00:00Z,Unpaid Work Orders (Pilot Scheme) Bill,Title: Unpaid Work Orders (Pilot Scheme) Bill | Summary: No summary available | Description: No description available,UK_Parliament_Bills_Enriched_Corpus,0.15,15.33
1133,2013-04-26T00:00:00Z,Voting Age (Reduction to 16) Bill,Title: Voting Age (Reduction to 16) Bill | Summary: No summary available | Description: No description available,UK_Parliament_Bills_Enriched_Corpus,0.8,15.33
1055,2013-04-26T00:00:00Z,Water Companies (Minimum Tariffs) Bill,Title: Water Companies (Minimum Tariffs) Bill | Summary: No summary available | Description: No description available,UK_Parliament_Bills_Enriched_Corpus,0.8,17.94
1054,2013-04-26T00:00:00Z,Water Companies (Social Tariffs) Bill,Title: Water Companies (Social Tariffs) Bill | Summary: No summary available | Description: No description available,UK_Parliament_Bills_Enriched_Corpus,0.8,17.2
1124,2013-04-26T00:00:00Z,Welfare Cash Card Bill,Title: Welfare Cash Card Bill | Summary: No summary available | Description: No description available,UK_Parliament_Bills_Enriched_Corpus,1.2,14.65
1108,2013-04-18T00:00:00Z,Credit Card Debt Limit Bill,Title: Credit Card Debt Limit Bill | Summary: No summary available | Description: No description available,UK_Parliament_Bills_Enriched_Corpus,0.2,14.99
1065,2013-04-18T00:00:00Z,Football (Financial Transparency) Bill,Title: Football (Financial Transparency) Bill | Summary: No summary available | Description: No description available,UK_Parliament_Bills_Enriched_Corpus,0.8,18.58
1060,2013-04-18T00:00:00Z,Homeowners’ Mortgage Interest Rates Bill,Title: Homeowners’ Mortgage Interest Rates Bill | Summary: No summary available | Description: No description available,UK_Parliament_Bills_Enriched_Corpus,0.9,17.2
1079,2013-04-18T00:00:00Z,Plastic Glasses and Bottles (Mandatory Use) Bill,Title: Plastic Glasses and Bottles (Mandatory Use) Bill | Summary: No summary available | Description: No description available,UK_Parliament_Bills_Enriched_Corpus,0.2,17
1030,2013-03-27T00:00:00Z,Antarctic Act 2013,Title: Antarctic Act 2013 | Summary: No summary available | Description: No description available,UK_Parliament_Bills_Enriched_Corpus,0.8,16
1153,2013-03-27T00:00:00Z,Jobseekers (Back to Work Schemes) Act 2013,Title: Jobseekers (Back to Work Schemes) Act 2013 | Summary: No summary available | Description: No description available,UK_Parliament_Bills_Enriched_Corpus,1.05,14.37
1028,2013-03-27T00:00:00Z,Mobile Homes Act 2013,Title: Mobile Homes Act 2013 | Summary: No summary available | Description: No description available,UK_Parliament_Bills_Enriched_Corpus,0.8,14.65
1033,2013-03-27T00:00:00Z,Presumption of Death Act 2013,Title: Presumption of Death Act 2013 | Summary: No summary available | Description: No description available,UK_Parliament_Bills_Enriched_Corpus,0.05,14.99
1149,2013-03-27T00:00:00Z,Supply and Appropriation (Anticipation and Adjustments) Act 2013,Title: Supply and Appropriation (Anticipation and Adjustments) Act 2013 | Summary: No summary available | Description: No description available,UK_Parliament_Bills_Enriched_Corpus,1.05,19.77
1126,2013-03-27T00:00:00Z,Welfare Benefits Up-rating Act 2013,Title: Welfare Benefits Up-rating Act 2013 | Summary: No summary available | Description: No description available,UK_Parliament_Bills_Enriched_Corpus,1.8,16.03
1008,2013-03-04T00:00:00Z,House of Lords (Cessation of Membership) Bill [HL],Title: House of Lords (Cessation of Membership) Bill [HL] | Summary: No summary available | Description: No description available,UK_Parliament_Bills_Enriched_Corpus,0.4,15.42
1048,2013-03-04T00:00:00Z,Human Rights Act 1998 (Repeal and Substitution) Bill,Title: Human Rights Act 1998 (Repeal and Substitution) Bill | Summary: No summary available | Description: No description available,UK_Parliament_Bills_Enriched_Corpus,0.8,16.04
994,2013-03-04T00:00:00Z,Smoke-free Private Vehicles Bill [HL],Title: Smoke-free Private Vehicles Bill [HL] | Summary: No summary available | Description: No description available,UK_Parliament_Bills_Enriched_Corpus,0.8,15.33
1107,2013-03-01T00:00:00Z,European Union (Approvals) Act 2013,Title: European Union (Approvals) Act 2013 | Summary: No summary available | Description: No description available,UK_Parliament_Bills_Enriched_Corpus,0.8,17.94
1092,2013-03-01T00:00:00Z,HGV Road User Levy Act 2013,Title: HGV Road User Levy Act 2013 | Summary: No summary available | Description: No description available,UK_Parliament_Bills_Enriched_Corpus,0.55,14.64
1038,2013-03-01T00:00:00Z,Prison (Property) Act 2013,Title: Prison (Property) Act 2013 | Summary: No summary available | Description: No description available,UK_Parliament_Bills_Enriched_Corpus,0.05,16.22
1026,2013-03-01T00:00:00Z,Scrap Metal Dealers Act 2013,Title: Scrap Metal Dealers Act 2013 | Summary: No summary available | Description: No description available,UK_Parliament_Bills_Enriched_Corpus,-0.05,14.99
1049,2013-02-27T00:00:00Z,Property Boundaries (Resolution of Disputes) Bill,Title: Property Boundaries (Resolution of Disputes) Bill | Summary: No summary available | Description: No description available,UK_Parliament_Bills_Enriched_Corpus,0.2,18.8
1056,2013-02-06T00:00:00Z,Commercial Lobbyists (Registration and Code of Conduct) Bill,Title: Commercial Lobbyists (Registration and Code of Conduct) Bill | Summary: No summary available | Description: No description available,UK_Parliament_Bills_Enriched_Corpus,0.8,17.9
1132,2013-02-05T00:00:00Z,Unduly Lenient Sentences (Right of Appeal) Bill,Title: Unduly Lenient Sentences (Right of Appeal) Bill | Summary: No summary available | Description: No description available,UK_Parliament_Bills_Enriched_Corpus,2.7,17.65
1042,2013-02-01T00:00:00Z,Disabled Persons’ Parking Badges Act 2013,Title: Disabled Persons’ Parking Badges Act 2013 | Summary: No summary available | Description: No description available,UK_Parliament_Bills_Enriched_Corpus,0.05,16.72
982,2013-02-01T00:00:00Z,Electoral Registration and Administration Act 2013,Title: Electoral Registration and Administration Act 2013 | Summary: No summary available | Description: No description available,UK_Parliament_Bills_Enriched_Corpus,0.8,20.19
1089,2013-02-01T00:00:00Z,European Union (Croatian Accession and Irish Protocol) Act 2013,Title: European Union (Croatian Accession and Irish Protocol) Act 2013 | Summary: No summary available | Description: No description available,UK_Parliament_Bills_Enriched_Corpus,0.8,19.35
1105,2013-02-01T00:00:00Z,Police (Complaints and Conduct) Act 2012,Title: Police (Complaints and Conduct) Act 2012 | Summary: No summary available | Description: No description available,UK_Parliament_Bills_Enriched_Corpus,-0.45,15.33
1037,2013-02-01T00:00:00Z,Prevention of Social Housing Fraud Act 2013,Title: Prevention of Social Housing Fraud Act 2013 | Summary: No summary available | Description: No description available,UK_Parliament_Bills_Enriched_Corpus,0.3,15.69
1086,2013-02-01T00:00:00Z,Statute Law (Repeals) Act 2013,Title: Statute Law (Repeals) Act 2013 | Summary: No summary available | Description: No description available,UK_Parliament_Bills_Enriched_Corpus,0.8,14.99
962,2013-02-01T00:00:00Z,Trusts (Capital and Income) Act 2013,Title: Trusts (Capital and Income) Act 2013 | Summary: No summary available | Description: No description available,UK_Parliament_Bills_Enriched_Corpus,0.8,15.33
993,2013-01-18T00:00:00Z,Civil Aviation Act 2012,Title: Civil Aviation Act 2012 | Summary: No summary available | Description: No description available,UK_Parliament_Bills_Enriched_Corpus,1.6,17.01
1031,2013-01-18T00:00:00Z,Prisons (Interference with Wireless Telegraphy) Act 2012,Title: Prisons (Interference with Wireless Telegraphy) Act 2012 | Summary: No summary available | Description: No description available,UK_Parliament_Bills_Enriched_Corpus,0.55,18.31
1044,2013-01-18T00:00:00Z,Small Charitable Donations Act 2012,Title: Small Charitable Donations Act 2012 | Summary: No summary available | Description: No description available,UK_Parliament_Bills_Enriched_Corpus,1.3,17.2
1080,2012-12-20T00:00:00Z,Pre-Paid Meters (Level of Debt) Bill,Title: Pre-Paid Meters (Level of Debt) Bill | Summary: No summary available | Description: No description available,UK_Parliament_Bills_Enriched_Corpus,0.45,14.37
1006,2012-12-18T00:00:00Z,Caravan Sites Bill [HL],Title: Caravan Sites Bill [HL] | Summary: No summary available | Description: No description available,UK_Parliament_Bills_Enriched_Corpus,0.8,15.43
1050,2012-11-22T00:00:00Z,Children (Access to Parents) Bill,Title: Children (Access to Parents) Bill | Summary: No summary available | Description: No description available,UK_Parliament_Bills_Enriched_Corpus,0.8,15.73
922,2012-11-08T00:00:00Z,Local Government Finance Act 2012,Title: Local Government Finance Act 2012 | Summary: No summary available | Description: No description available,UK_Parliament_Bills_Enriched_Corpus,0.3,16.46
1071,2012-11-01T00:00:00Z,Supply and Appropriation (Main Estimates) Act 2012,Title: Supply and Appropriation (Main Estimates) Act 2012 | Summary: No summary available | Description: No description available,UK_Parliament_Bills_Enriched_Corpus,0.8,17.65
1029,2012-10-29T00:00:00Z,"Family Justice (Transparency, Accountability and Cost of Living) Bill","Title: Family Justice (Transparency, Accountability and Cost of Living) Bill | Summary: No summary available | Description: No description available",UK_Parliament_Bills_Enriched_Corpus,2.6,19.94
1040,2012-10-19T00:00:00Z,Price Marking (Consumer Information) Bill,Title: Price Marking (Consumer Information) Bill | Summary: No summary available | Description: No description available,UK_Parliament_Bills_Enriched_Corpus,1.2,17.94
971,2012-07-26T00:00:00Z,Finance Act 2012,Title: Finance Act 2012 | Summary: No summary available | Description: No description available,UK_Parliament_Bills_Enriched_Corpus,0.8,15.16
873,2012-05-17T00:00:00Z,"Legal Aid, Sentencing and Punishment of Offenders Act 2012","Title: Legal Aid, Sentencing and Punishment of Offenders Act 2012 | Summary: No summary available | Description: No description available",UK_Parliament_Bills_Enriched_Corpus,1.3,16.99
564,2012-05-11T00:00:00Z,Allhallows Staining Church Act,Title: Allhallows Staining Church Act | Summary: No summary available | Description: No description available,UK_Parliament_Bills_Enriched_Corpus,0.9,16.22
961,2012-05-03T00:00:00Z,Eradication of Slavery (UK Company Supply Chains) Bill,Title: Eradication of Slavery (UK Company Supply Chains) Bill | Summary: No summary available | Description: No description available,UK_Parliament_Bills_Enriched_Corpus,-0.55,19.15
689,2012-05-02T00:00:00Z,Anonymity (Arrested Persons) Bill,Title: Anonymity (Arrested Persons) Bill | Summary: No summary available | Description: No description available,UK_Parliament_Bills_Enriched_Corpus,0.05,19.37
709,2012-05-02T00:00:00Z,Broadcasting (Public Service Content) Bill,Title: Broadcasting (Public Service Content) Bill | Summary: No summary available | Description: No description available,UK_Parliament_Bills_Enriched_Corpus,1.4,17.2
801,2012-05-02T00:00:00Z,Consumer Protection (Private Car Parks) Bill,Title: Consumer Protection (Private Car Parks) Bill | Summary: No summary available | Description: No description available,UK_Parliament_Bills_Enriched_Corpus,1.6,16.72
804,2012-05-02T00:00:00Z,Council Housing (Local Financing Pathfinders) Bill,Title: Council Housing (Local Financing Pathfinders) Bill | Summary: No summary available | Description: No description available,UK_Parliament_Bills_Enriched_Corpus,1.2,18.11
886,2012-05-02T00:00:00Z,Cycles (Protective Headgear for Children) Bill,Title: Cycles (Protective Headgear for Children) Bill | Summary: No summary available | Description: No description available,UK_Parliament_Bills_Enriched_Corpus,1.3,16.72
846,2012-05-02T00:00:00Z,Dangerous and Reckless Cycling (Offences) Bill,Title: Dangerous and Reckless Cycling (Offences) Bill | Summary: No summary available | Description: No description available,UK_Parliament_Bills_Enriched_Corpus,-0.45,18.11
687,2012-05-02T00:00:00Z,Daylight Saving Bill,Title: Daylight Saving Bill | Summary: No summary available | Description: No description available,UK_Parliament_Bills_Enriched_Corpus,1.6,16
650,2012-05-02T00:00:00Z,Defamation Bill [HL],Title: Defamation Bill [HL] | Summary: No summary available | Description: No description available,UK_Parliament_Bills_Enriched_Corpus,0.3,16.84
763,2012-05-02T00:00:00Z,Demonstrations in the Vicinity of Parliament (Removal of Authorisation Requirements) Bill [HL],Title: Demonstrations in the Vicinity of Parliament (Removal of Authorisation Requirements) Bill [HL] | Summary: No summary available | Description: No description available,UK_Parliament_Bills_Enriched_Corpus,0.55,21.08
934,2012-05-02T00:00:00Z,"Department for Business, Innovation and Skills (Relocation to Sheffield) Bill","Title: Department for Business, Innovation and Skills (Relocation to Sheffield) Bill | Summary: No summary available | Description: No description available",UK_Parliament_Bills_Enriched_Corpus,1.55,18.45
940,2012-05-02T00:00:00Z,Department for Communities and Local Government (Relocation to Liverpool) Bill,Title: Department for Communities and Local Government (Relocation to Liverpool) Bill | Summary: No summary available | Description: No description available,UK_Parliament_Bills_Enriched_Corpus,0.3,20.13
936,2012-05-02T00:00:00Z,"Department for Culture, Media and Sport (Relocation to Manchester) Bill","Title: Department for Culture, Media and Sport (Relocation to Manchester) Bill | Summary: No summary available | Description: No description available",UK_Parliament_Bills_Enriched_Corpus,1.4,18.45
937,2012-05-02T00:00:00Z,Department for Education (Relocation to Nottingham) Bill,Title: Department for Education (Relocation to Nottingham) Bill | Summary: No summary available | Description: No description available,UK_Parliament_Bills_Enriched_Corpus,0.8,19.62
933,2012-05-02T00:00:00Z,"Department for Environment, Food and Rural Affairs (Relocation to Bristol) Bill","Title: Department for Environment, Food and Rural Affairs (Relocation to Bristol) Bill | Summary: No summary available | Description: No description available",UK_Parliament_Bills_Enriched_Corpus,1.2,18.74
938,2012-05-02T00:00:00Z,Department for International Development (Relocation to Newcastle) Bill,Title: Department for International Development (Relocation to Newcastle) Bill | Summary: No summary available | Description: No description available,UK_Parliament_Bills_Enriched_Corpus,0.8,21.63
935,2012-05-02T00:00:00Z,Department for Transport (Relocation to Birmingham) Bill,Title: Department for Transport (Relocation to Birmingham) Bill | Summary: No summary available | Description: No description available,UK_Parliament_Bills_Enriched_Corpus,0.8,18.31
939,2012-05-02T00:00:00Z,Department for Work and Pensions (Relocation to Leeds) Bill,Title: Department for Work and Pensions (Relocation to Leeds) Bill | Summary: No summary available | Description: No description available,UK_Parliament_Bills_Enriched_Corpus,1.05,16.4
810,2012-05-02T00:00:00Z,Devolution (Time) Bill [HL],Title: Devolution (Time) Bill [HL] | Summary: No summary available | Description: No description available,UK_Parliament_Bills_Enriched_Corpus,0.2,16.22
976,2012-05-02T00:00:00Z,Diabetes Prevention (Soft Drinks) Bill,Title: Diabetes Prevention (Soft Drinks) Bill | Summary: No summary available | Description: No description available,UK_Parliament_Bills_Enriched_Corpus,1.65,17.2
652,2012-05-02T00:00:00Z,Dog Control Bill [HL],Title: Dog Control Bill [HL] | Summary: No summary available | Description: No description available,UK_Parliament_Bills_Enriched_Corpus,0.8,14.65
753,2012-05-02T00:00:00Z,Dog Control and Welfare Bill,Title: Dog Control and Welfare Bill | Summary: No summary available | Description: No description available,UK_Parliament_Bills_Enriched_Corpus,0.8,14.99
870,2012-05-02T00:00:00Z,Education (Special Educational Needs) Bill,Title: Education (Special Educational Needs) Bill | Summary: No summary available | Description: No description available,UK_Parliament_Bills_Enriched_Corpus,2.4,19.41
904,2012-05-02T00:00:00Z,Education and Training (Young People with Autism) Bill,Title: Education and Training (Young People with Autism) Bill | Summary: No summary available | Description: No description available,UK_Parliament_Bills_Enriched_Corpus,1.2,17.28
729,2012-05-02T00:00:00Z,Elector Registration Bill,Title: Elector Registration Bill | Summary: No summary available | Description: No description available,UK_Parliament_Bills_Enriched_Corpus,0.8,18.53
792,2012-05-02T00:00:00Z,Employment Retention Bill,Title: Employment Retention Bill | Summary: No summary available | Description: No description available,UK_Parliament_Bills_Enriched_Corpus,1.2,17.68
941,2012-05-02T00:00:00Z,English Police Forces Bill,Title: English Police Forces Bill | Summary: No summary available | Description: No description available,UK_Parliament_Bills_Enriched_Corpus,0.55,16.22
958,2012-05-02T00:00:00Z,European Convention on Human Rights (Temporary Withdrawal) Bill,Title: European Convention on Human Rights (Temporary Withdrawal) Bill | Summary: No summary available | Description: No description available,UK_Parliament_Bills_Enriched_Corpus,1.2,19.77
847,2012-05-02T00:00:00Z,European Convention on Human Rights (Withdrawal) Bill,Title: European Convention on Human Rights (Withdrawal) Bill | Summary: No summary available | Description: No description available,UK_Parliament_Bills_Enriched_Corpus,1.2,18.31
717,2012-05-02T00:00:00Z,European Union (Audit of Benefits and Costs of UK Membership) Bill,Title: European Union (Audit of Benefits and Costs of UK Membership) Bill | Summary: No summary available | Description: No description available,UK_Parliament_Bills_Enriched_Corpus,1.8,18.2
742,2012-05-02T00:00:00Z,European Union Membership (Economic Implications) Bill [HL],Title: European Union Membership (Economic Implications) Bill [HL] | Summary: No summary available | Description: No description available,UK_Parliament_Bills_Enriched_Corpus,0.55,20.93
727,2012-05-02T00:00:00Z,European Union Membership (Referendum) Bill,Title: European Union Membership (Referendum) Bill | Summary: No summary available | Description: No description available,UK_Parliament_Bills_Enriched_Corpus,0.8,20.15
901,2012-05-02T00:00:00Z,Fee Charging Debt Management Companies (Promotion of Free Debt Management Advice) Bill,Title: Fee Charging Debt Management Companies (Promotion of Free Debt Management Advice) Bill | Summary: No summary available | Description: No description available,UK_Parliament_Bills_Enriched_Corpus,0.85,18.01
963,2012-05-02T00:00:00Z,Financial Institutions (Reform) Bill,Title: Financial Institutions (Reform) Bill | Summary: No summary available | Description: No description available,UK_Parliament_Bills_Enriched_Corpus,1.05,18.58
845,2012-05-02T00:00:00Z,Human Trafficking (Further Provisions and Support for Victims) Bill [HL],Title: Human Trafficking (Further Provisions and Support for Victims) Bill [HL] | Summary: No summary available | Description: No description available,UK_Parliament_Bills_Enriched_Corpus,0.55,17.32
659,2012-05-02T00:00:00Z,Marine Navigation Aids Bill [HL],Title: Marine Navigation Aids Bill [HL] | Summary: No summary available | Description: No description available,UK_Parliament_Bills_Enriched_Corpus,0.8,16.46
716,2012-05-02T00:00:00Z,National Park Authorities Bill,Title: National Park Authorities Bill | Summary: No summary available | Description: No description available,UK_Parliament_Bills_Enriched_Corpus,0.8,17.79
823,2012-05-02T00:00:00Z,Parliament Square (Management) Bill [HL],Title: Parliament Square (Management) Bill [HL] | Summary: No summary available | Description: No description available,UK_Parliament_Bills_Enriched_Corpus,1.2,16.46
830,2012-05-02T00:00:00Z,Protection of Freedoms Act 2012,Title: Protection of Freedoms Act 2012 | Summary: No summary available | Description: No description available,UK_Parliament_Bills_Enriched_Corpus,2.6,15.73
820,2012-05-02T00:00:00Z,Remembrance Sunday (Closure of Shops) Bill [HL],Title: Remembrance Sunday (Closure of Shops) Bill [HL] | Summary: No summary available | Description: No description available,UK_Parliament_Bills_Enriched_Corpus,0.8,15.69
843,2012-05-02T00:00:00Z,Special Urban Development Zones Bill,Title: Special Urban Development Zones Bill | Summary: No summary available | Description: No description available,UK_Parliament_Bills_Enriched_Corpus,1.6,17.2
918,2012-05-02T00:00:00Z,Subterranean Development Bill [HL],Title: Subterranean Development Bill [HL] | Summary: No summary available | Description: No description available,UK_Parliament_Bills_Enriched_Corpus,0.8,19.37
974,2012-05-02T00:00:00Z,Sunday Trading (London Olympic Games and Paralympic Games) Act 2012,Title: Sunday Trading (London Olympic Games and Paralympic Games) Act 2012 | Summary: No summary available | Description: No description available,UK_Parliament_Bills_Enriched_Corpus,0.8,17.32
796,2012-05-02T00:00:00Z,Torture (Damages) Bill [HL],Title: Torture (Damages) Bill [HL] | Summary: No summary available | Description: No description available,UK_Parliament_Bills_Enriched_Corpus,-0.95,16.22
955,2012-05-02T00:00:00Z,Water Industry (Financial Assistance) Act 2012,Title: Water Industry (Financial Assistance) Act 2012 | Summary: No summary available | Description: No description available,UK_Parliament_Bills_Enriched_Corpus,1.6,18.11
751,2012-05-02T00:00:00Z,Wind Turbines (Minimum Distances from Residential Premises) Bill [HL],Title: Wind Turbines (Minimum Distances from Residential Premises) Bill [HL] | Summary: No summary available | Description: No description available,UK_Parliament_Bills_Enriched_Corpus,1.05,18.76
878,2012-05-01T00:00:00Z,"Adoption (Leave, Pay and Allowance Arrangements) Bill","Title: Adoption (Leave, Pay and Allowance Arrangements) Bill | Summary: No summary available | Description: No description available",UK_Parliament_Bills_Enriched_Corpus,0.45,17
954,2012-05-01T00:00:00Z,Airport Security (People with Disabilities) Bill,Title: Airport Security (People with Disabilities) Bill | Summary: No summary available | Description: No description available,UK_Parliament_Bills_Enriched_Corpus,0.8,19.5
854,2012-05-01T00:00:00Z,Alcohol Marketing Bill,Title: Alcohol Marketing Bill | Summary: No summary available | Description: No description available,UK_Parliament_Bills_Enriched_Corpus,0.8,17.68
722,2012-05-01T00:00:00Z,Apprehension of Burglars Bill,Title: Apprehension of Burglars Bill | Summary: No summary available | Description: No description available,UK_Parliament_Bills_Enriched_Corpus,0.05,17.01
866,2012-05-01T00:00:00Z,Autism (Quality Standards) Bill,Title: Autism (Quality Standards) Bill | Summary: No summary available | Description: No description available,UK_Parliament_Bills_Enriched_Corpus,0.8,17.79
797,2012-05-01T00:00:00Z,Bank of Ireland (UK) plc,Title: Bank of Ireland (UK) plc | Summary: No summary available | Description: No description available,UK_Parliament_Bills_Enriched_Corpus,0.8,15.73
826,2012-05-01T00:00:00Z,BBC Licence Fee Payers (Voting Rights) Bill,Title: BBC Licence Fee Payers (Voting Rights) Bill | Summary: No summary available | Description: No description available,UK_Parliament_Bills_Enriched_Corpus,0.2,16.34
887,2012-05-01T00:00:00Z,Betting Shops Bill,Title: Betting Shops Bill | Summary: No summary available | Description: No description available,UK_Parliament_Bills_Enriched_Corpus,0.8,15.16
728,2012-05-01T00:00:00Z,Broadcasting (Television Licence Fee Abolition) Bill,Title: Broadcasting (Television Licence Fee Abolition) Bill | Summary: No summary available | Description: No description available,UK_Parliament_Bills_Enriched_Corpus,0.2,19.5
739,2012-05-01T00:00:00Z,Carers (Identification and Support) Bill,Title: Carers (Identification and Support) Bill | Summary: No summary available | Description: No description available,UK_Parliament_Bills_Enriched_Corpus,1.3,18.68
822,2012-05-01T00:00:00Z,Carers and Employment Bill,Title: Carers and Employment Bill | Summary: No summary available | Description: No description available,UK_Parliament_Bills_Enriched_Corpus,0.8,16.22
787,2012-05-01T00:00:00Z,Cheques Bill,Title: Cheques Bill | Summary: No summary available | Description: No description available,UK_Parliament_Bills_Enriched_Corpus,0.8,14.9
848,2012-05-01T00:00:00Z,Common Fisheries Policy (Withdrawal) Bill,Title: Common Fisheries Policy (Withdrawal) Bill | Summary: No summary available | Description: No description available,UK_Parliament_Bills_Enriched_Corpus,0.8,18.68
771,2012-05-01T00:00:00Z,Compensation (Limitation) Bill,Title: Compensation (Limitation) Bill | Summary: No summary available | Description: No description available,UK_Parliament_Bills_Enriched_Corpus,0.3,19.37
818,2012-05-01T00:00:00Z,Consumer Protection (Postal Marketing) Bill,Title: Consumer Protection (Postal Marketing) Bill | Summary: No summary available | Description: No description available,UK_Parliament_Bills_Enriched_Corpus,1.6,18.68
895,2012-05-01T00:00:00Z,Co-Operative Housing Tenure Bill,Title: Co-Operative Housing Tenure Bill | Summary: No summary available | Description: No description available,UK_Parliament_Bills_Enriched_Corpus,1.3,17.2
776,2012-05-01T00:00:00Z,Criminal Records (Public Access) Bill,Title: Criminal Records (Public Access) Bill | Summary: No summary available | Description: No description available,UK_Parliament_Bills_Enriched_Corpus,0.05,17.2
814,2012-05-01T00:00:00Z,Dairy Farming Bill,Title: Dairy Farming Bill | Summary: No summary available | Description: No description available,UK_Parliament_Bills_Enriched_Corpus,0.8,16
700,2012-05-01T00:00:00Z,Fire Safety (Protection of Tenants) Bill,Title: Fire Safety (Protection of Tenants) Bill | Summary: No summary available | Description: No description available,UK_Parliament_Bills_Enriched_Corpus,2.15,16.72
968,2012-05-01T00:00:00Z,Food Waste Bill,Title: Food Waste Bill | Summary: No summary available | Description: No description available,UK_Parliament_Bills_Enriched_Corpus,0.45,14.31
738,2012-05-01T00:00:00Z,Foreign Prisoners (Repatriation) Bill,Title: Foreign Prisoners (Repatriation) Bill | Summary: No summary available | Description: No description available,UK_Parliament_Bills_Enriched_Corpus,-0.25,19.37
829,2012-05-01T00:00:00Z,Former Metal Mines Bill,Title: Former Metal Mines Bill | Summary: No summary available | Description: No description available,UK_Parliament_Bills_Enriched_Corpus,0.8,15.43
694,2012-05-01T00:00:00Z,Gangmasters Licensing (Extension to Construction Industry) Bill,Title: Gangmasters Licensing (Extension to Construction Industry) Bill | Summary: No summary available | Description: No description available,UK_Parliament_Bills_Enriched_Corpus,0.8,19.62
794,2012-05-01T00:00:00Z,Grandparents (Access Rights) Bill,Title: Grandparents (Access Rights) Bill | Summary: No summary available | Description: No description available,UK_Parliament_Bills_Enriched_Corpus,0.8,16.22
825,2012-05-01T00:00:00Z,High Pay Commission Bill,Title: High Pay Commission Bill | Summary: No summary available | Description: No description available,UK_Parliament_Bills_Enriched_Corpus,0.7,15.43
977,2012-05-01T00:00:00Z,Housing (Selective Licensing of Private Landlords in Exempted Areas) Bill,Title: Housing (Selective Licensing of Private Landlords in Exempted Areas) Bill | Summary: No summary available | Description: No description available,UK_Parliament_Bills_Enriched_Corpus,1.2,19.01
731,2012-05-01T00:00:00Z,Human Trafficking (Border Control) Bill,Title: Human Trafficking (Border Control) Bill | Summary: No summary available | Description: No description available,UK_Parliament_Bills_Enriched_Corpus,0.8,17.2
760,2012-05-01T00:00:00Z,"Illegally Logged Timber (Prohibition of Import, Sale or Distribution) Bill","Title: Illegally Logged Timber (Prohibition of Import, Sale or Distribution) Bill | Summary: No summary available | Description: No description available",UK_Parliament_Bills_Enriched_Corpus,-0.7,19.01
927,2012-05-01T00:00:00Z,Keeping of Primates as Pets (Prohibition) Bill,Title: Keeping of Primates as Pets (Prohibition) Bill | Summary: No summary available | Description: No description available,UK_Parliament_Bills_Enriched_Corpus,-0.2,16.34
868,2012-05-01T00:00:00Z,Kinship Carers (Parental Responsibility Agreements) Bill,Title: Kinship Carers (Parental Responsibility Agreements) Bill | Summary: No summary available | Description: No description available,UK_Parliament_Bills_Enriched_Corpus,0.8,20.89
684,2012-05-01T00:00:00Z,Lawful Industrial Action (Minor Errors) Bill,Title: Lawful Industrial Action (Minor Errors) Bill | Summary: No summary available | Description: No description available,UK_Parliament_Bills_Enriched_Corpus,0.55,18.11
860,2012-05-01T00:00:00Z,Lip-Reading Bill,Title: Lip-Reading Bill | Summary: No summary available | Description: No description available,UK_Parliament_Bills_Enriched_Corpus,0.8,15.16
749,2012-05-01T00:00:00Z,Local Referendums Bill,Title: Local Referendums Bill | Summary: No summary available | Description: No description available,UK_Parliament_Bills_Enriched_Corpus,0.8,17.68
205,2012-05-01T00:00:00Z,London Local Authorities Act,Title: London Local Authorities Act | Summary: No summary available | Description: No description available,UK_Parliament_Bills_Enriched_Corpus,0.8,17.79
773,2012-05-01T00:00:00Z,Low Hazard Workplaces (Risk Assessment Exemption) Bill,Title: Low Hazard Workplaces (Risk Assessment Exemption) Bill | Summary: No summary available | Description: No description available,UK_Parliament_Bills_Enriched_Corpus,-0.7,17.65
891,2012-05-01T00:00:00Z,Magna Carta Anniversary (Bank Holiday) Bill,Title: Magna Carta Anniversary (Bank Holiday) Bill | Summary: No summary available | Description: No description available,UK_Parliament_Bills_Enriched_Corpus,1.6,18.8
831,2012-05-01T00:00:00Z,Master’s Degrees (Minimum Standards) Bill,Title: Master’s Degrees (Minimum Standards) Bill | Summary: No summary available | Description: No description available,UK_Parliament_Bills_Enriched_Corpus,0.8,17.2
911,2012-05-01T00:00:00Z,Members of Parliament (Change of Political Party Affiliation) Bill,Title: Members of Parliament (Change of Political Party Affiliation) Bill | Summary: No summary available | Description: No description available,UK_Parliament_Bills_Enriched_Corpus,0.8,19.35
909,2012-05-01T00:00:00Z,Metal Theft (Prevention) Bill,Title: Metal Theft (Prevention) Bill | Summary: No summary available | Description: No description available,UK_Parliament_Bills_Enriched_Corpus,0.55,16.22
903,2012-05-01T00:00:00Z,National Curriculum (Emergency Life Support Skills) Bill,Title: National Curriculum (Emergency Life Support Skills) Bill | Summary: No summary available | Description: No description available,UK_Parliament_Bills_Enriched_Corpus,0.3,18.96
793,2012-05-01T00:00:00Z,Onshore Wind Turbines (Proximity of Habitation) Bill,Title: Onshore Wind Turbines (Proximity of Habitation) Bill | Summary: No summary available | Description: No description available,UK_Parliament_Bills_Enriched_Corpus,0.8,18.31
924,2012-05-01T00:00:00Z,Park Homes (Site Owner Licensing) Bill,Title: Park Homes (Site Owner Licensing) Bill | Summary: No summary available | Description: No description available,UK_Parliament_Bills_Enriched_Corpus,0.8,15.33
919,2012-05-01T00:00:00Z,Passive Flue Gas Systems (Strategy) Bill,Title: Passive Flue Gas Systems (Strategy) Bill | Summary: No summary available | Description: No description available,UK_Parliament_Bills_Enriched_Corpus,0.05,16.03
785,2012-05-01T00:00:00Z,Planning (Developer Bonds) Bill,Title: Planning (Developer Bonds) Bill | Summary: No summary available | Description: No description available,UK_Parliament_Bills_Enriched_Corpus,0.8,17.01
861,2012-05-01T00:00:00Z,Planning (Grade 1 Agricultural Land Protection) Bill,Title: Planning (Grade 1 Agricultural Land Protection) Bill | Summary: No summary available | Description: No description available,UK_Parliament_Bills_Enriched_Corpus,1.85,17.65
691,2012-05-01T00:00:00Z,Planning (Opencast Mining Separation Zones) Bill,Title: Planning (Opencast Mining Separation Zones) Bill | Summary: No summary available | Description: No description available,UK_Parliament_Bills_Enriched_Corpus,0.65,18.11
965,2012-05-01T00:00:00Z,Planning Applications (Appeals by Town and Parish Councils) Bill,Title: Planning Applications (Appeals by Town and Parish Councils) Bill | Summary: No summary available | Description: No description available,UK_Parliament_Bills_Enriched_Corpus,1.05,16.99
833,2012-05-01T00:00:00Z,Prevention of Terrorism Bill,Title: Prevention of Terrorism Bill | Summary: No summary available | Description: No description available,UK_Parliament_Bills_Enriched_Corpus,0.3,17.79
871,2012-05-01T00:00:00Z,Private Landlords (Register and Duties) Bill,Title: Private Landlords (Register and Duties) Bill | Summary: No summary available | Description: No description available,UK_Parliament_Bills_Enriched_Corpus,0.8,16.72
964,2012-05-01T00:00:00Z,"Private Pensions (Charges, Disclosure and Accountability) Bill","Title: Private Pensions (Charges, Disclosure and Accountability) Bill | Summary: No summary available | Description: No description available",UK_Parliament_Bills_Enriched_Corpus,1.6,19.62
851,2012-05-01T00:00:00Z,Protection of Bowling Greens (Development Control) Bill,Title: Protection of Bowling Greens (Development Control) Bill | Summary: No summary available | Description: No description available,UK_Parliament_Bills_Enriched_Corpus,1.6,17.65
894,2012-05-01T00:00:00Z,Provision of Hydration and Nutrition for the Terminally Ill Bill,Title: Provision of Hydration and Nutrition for the Terminally Ill Bill | Summary: No summary available | Description: No description available,UK_Parliament_Bills_Enriched_Corpus,-0.3,17.89
714,2012-05-01T00:00:00Z,Public Bodies (Disposal of Assets) Bill,Title: Public Bodies (Disposal of Assets) Bill | Summary: No summary available | Description: No description available,UK_Parliament_Bills_Enriched_Corpus,0.9,16.72
696,2012-05-01T00:00:00Z,Public Bodies (Sustainable Food) Bill,Title: Public Bodies (Sustainable Food) Bill | Summary: No summary available | Description: No description available,UK_Parliament_Bills_Enriched_Corpus,2.2,17.2
920,2012-05-01T00:00:00Z,"Public Festivals, Holidays and Commemorations Bill","Title: Public Festivals, Holidays and Commemorations Bill | Summary: No summary available | Description: No description available",UK_Parliament_Bills_Enriched_Corpus,0.8,19.5
949,2012-05-01T00:00:00Z,Public Sector Bonuses Bill,Title: Public Sector Bonuses Bill | Summary: No summary available | Description: No description available,UK_Parliament_Bills_Enriched_Corpus,1.6,17.01
948,2012-05-01T00:00:00Z,Public Sector Salaries Bill,Title: Public Sector Salaries Bill | Summary: No summary available | Description: No description available,UK_Parliament_Bills_Enriched_Corpus,0.8,17.01
953,2012-05-01T00:00:00Z,Recall of Elected Representatives (No. 2) Bill,Title: Recall of Elected Representatives (No. 2) Bill | Summary: No summary available | Description: No description available,UK_Parliament_Bills_Enriched_Corpus,0.8,14.14
655,2012-05-01T00:00:00Z,Re-Export Controls Bill [HL],Title: Re-Export Controls Bill [HL] | Summary: No summary available | Description: No description available,UK_Parliament_Bills_Enriched_Corpus,0.8,14.99
712,2012-05-01T00:00:00Z,Referendums Bill,Title: Referendums Bill | Summary: No summary available | Description: No description available,UK_Parliament_Bills_Enriched_Corpus,0.8,17.62
915,2012-05-01T00:00:00Z,Registration of Commercial Lobbying Interests Bill,Title: Registration of Commercial Lobbying Interests Bill | Summary: No summary available | Description: No description available,UK_Parliament_Bills_Enriched_Corpus,1.3,18.8
715,2012-05-01T00:00:00Z,Regulatory Authorities (Level of Charges) Bill,Title: Regulatory Authorities (Level of Charges) Bill | Summary: No summary available | Description: No description available,UK_Parliament_Bills_Enriched_Corpus,0.95,19.5
718,2012-05-01T00:00:00Z,Residential Roads (Adoption by Local Authorities) Bill,Title: Residential Roads (Adoption by Local Authorities) Bill | Summary: No summary available | Description: No description available,UK_Parliament_Bills_Enriched_Corpus,0.8,18.96
834,2012-05-01T00:00:00Z,Resource Extraction (Transparency and Reporting) Bill,Title: Resource Extraction (Transparency and Reporting) Bill | Summary: No summary available | Description: No description available,UK_Parliament_Bills_Enriched_Corpus,0.8,18.8
721,2012-05-01T00:00:00Z,Return of Asylum Seekers (Applications from Certain Countries) Bill,Title: Return of Asylum Seekers (Applications from Certain Countries) Bill | Summary: No summary available | Description: No description available,UK_Parliament_Bills_Enriched_Corpus,1.6,18.17
725,2012-05-01T00:00:00Z,Rights Bill,Title: Rights Bill | Summary: No summary available | Description: No description available,UK_Parliament_Bills_Enriched_Corpus,0.8,14.9
864,2012-05-01T00:00:00Z,Road Safety Bill,Title: Road Safety Bill | Summary: No summary available | Description: No description available,UK_Parliament_Bills_Enriched_Corpus,1.6,15.16
910,2012-05-01T00:00:00Z,Road Safety (No. 2) Bill,Title: Road Safety (No. 2) Bill | Summary: No summary available | Description: No description available,UK_Parliament_Bills_Enriched_Corpus,1.6,11.13
959,2012-05-01T00:00:00Z,Road Safety (No. 3) Bill,Title: Road Safety (No. 3) Bill | Summary: No summary available | Description: No description available,UK_Parliament_Bills_Enriched_Corpus,1.6,11.13
764,2012-05-01T00:00:00Z,Royal Commission (London) Bill,Title: Royal Commission (London) Bill | Summary: No summary available | Description: No description available,UK_Parliament_Bills_Enriched_Corpus,0.8,17.01
803,2012-05-01T00:00:00Z,Safe Standing (Football Stadia) Bill,Title: Safe Standing (Football Stadia) Bill | Summary: No summary available | Description: No description available,UK_Parliament_Bills_Enriched_Corpus,1.55,16.46
745,2012-05-01T00:00:00Z,Safety of Medicines Bill,Title: Safety of Medicines Bill | Summary: No summary available | Description: No description available,UK_Parliament_Bills_Enriched_Corpus,1.6,16.22
779,2012-05-01T00:00:00Z,Sale of Park Homes Bill,Title: Sale of Park Homes Bill | Summary: No summary available | Description: No description available,UK_Parliament_Bills_Enriched_Corpus,0.8,13.51
702,2012-05-01T00:00:00Z,Secured Lending Reform Bill,Title: Secured Lending Reform Bill | Summary: No summary available | Description: No description available,UK_Parliament_Bills_Enriched_Corpus,1.85,16.22
774,2012-05-01T00:00:00Z,Self-Employment (Risk Assessment Exemption) Bill,Title: Self-Employment (Risk Assessment Exemption) Bill | Summary: No summary available | Description: No description available,UK_Parliament_Bills_Enriched_Corpus,-0.2,17.42
726,2012-05-01T00:00:00Z,Sentencing (Reform) Bill,Title: Sentencing (Reform) Bill | Summary: No summary available | Description: No description available,UK_Parliament_Bills_Enriched_Corpus,0.8,16.84
756,2012-05-01T00:00:00Z,Sex and Relationships Education Bill,Title: Sex and Relationships Education Bill | Summary: No summary available | Description: No description available,UK_Parliament_Bills_Enriched_Corpus,1.15,17.94
859,2012-05-01T00:00:00Z,Sex Education (Required Content) Bill,Title: Sex Education (Required Content) Bill | Summary: No summary available | Description: No description available,UK_Parliament_Bills_Enriched_Corpus,1.5,17.94
737,2012-05-01T00:00:00Z,Shared Parenting Orders Bill,Title: Shared Parenting Orders Bill | Summary: No summary available | Description: No description available,UK_Parliament_Bills_Enriched_Corpus,1.6,16.22
972,2012-05-01T00:00:00Z,Small Business Administration Bill,Title: Small Business Administration Bill | Summary: No summary available | Description: No description available,UK_Parliament_Bills_Enriched_Corpus,0.8,17.79
875,2012-05-01T00:00:00Z,Smoking in Private Vehicles Bill,Title: Smoking in Private Vehicles Bill | Summary: No summary available | Description: No description available,UK_Parliament_Bills_Enriched_Corpus,0.8,16.46
733,2012-05-01T00:00:00Z,Snow Clearance Bill,Title: Snow Clearance Bill | Summary: No summary available | Description: No description available,UK_Parliament_Bills_Enriched_Corpus,1.2,15.16
811,2012-05-01T00:00:00Z,St George's Day and St David's Day Bill,Title: St George's Day and St David's Day Bill | Summary: No summary available | Description: No description available,UK_Parliament_Bills_Enriched_Corpus,0.8,14.18
816,2012-05-01T00:00:00Z,Succession to the Crown Bill,Title: Succession to the Crown Bill | Summary: No summary available | Description: No description available,UK_Parliament_Bills_Enriched_Corpus,0.8,14.99
790,2012-05-01T00:00:00Z,Support and Protection for Elderly People and Adults at Risk of Abuse Bill,Title: Support and Protection for Elderly People and Adults at Risk of Abuse Bill | Summary: No summary available | Description: No description available,UK_Parliament_Bills_Enriched_Corpus,0.35,16.88
975,2012-05-01T00:00:00Z,"Surrogate Parents (Leave, Pay and Allowance Arrangements) Bill","Title: Surrogate Parents (Leave, Pay and Allowance Arrangements) Bill | Summary: No summary available | Description: No description available",UK_Parliament_Bills_Enriched_Corpus,0.45,17.28
685,2012-05-01T00:00:00Z,Sustainable Livestock Bill,Title: Sustainable Livestock Bill | Summary: No summary available | Description: No description available,UK_Parliament_Bills_Enriched_Corpus,1.8,17.68
812,2012-05-01T00:00:00Z,Television and Radio Advertising (Credit and Debt Management Services) Bill,Title: Television and Radio Advertising (Credit and Debt Management Services) Bill | Summary: No summary available | Description: No description available,UK_Parliament_Bills_Enriched_Corpus,0.85,20.13
839,2012-05-01T00:00:00Z,Tied Public Houses (Code of Practice) Bill,Title: Tied Public Houses (Code of Practice) Bill | Summary: No summary available | Description: No description available,UK_Parliament_Bills_Enriched_Corpus,1.2,15.03
621,2012-05-01T00:00:00Z,Transport for London (Supplemental Toll Provisions) Bill [HL],Title: Transport for London (Supplemental Toll Provisions) Bill [HL] | Summary: No summary available | Description: No description available,UK_Parliament_Bills_Enriched_Corpus,0.2,17.28
908,2012-05-01T00:00:00Z,Travellers (Unauthorised Encampments) Bill,Title: Travellers (Unauthorised Encampments) Bill | Summary: No summary available | Description: No description available,UK_Parliament_Bills_Enriched_Corpus,0.8,20.15
896,2012-05-01T00:00:00Z,United Kingdom Bioethanol Industry Bill,Title: United Kingdom Bioethanol Industry Bill | Summary: No summary available | Description: No description available,UK_Parliament_Bills_Enriched_Corpus,1.3,18.68
708,2012-05-01T00:00:00Z,United Kingdom Parliamentary Sovereignty Bill,Title: United Kingdom Parliamentary Sovereignty Bill | Summary: No summary available | Description: No description available,UK_Parliament_Bills_Enriched_Corpus,1.3,20.15
969,2012-05-01T00:00:00Z,Use of Powered Wheelchairs (Weight and Age Limit) Bill,Title: Use of Powered Wheelchairs (Weight and Age Limit) Bill | Summary: No summary available | Description: No description available,UK_Parliament_Bills_Enriched_Corpus,0.55,14.63
921,2012-05-01T00:00:00Z,Victims of Crime (Code of Practice) Bill,Title: Victims of Crime (Code of Practice) Bill | Summary: No summary available | Description: No description available,UK_Parliament_Bills_Enriched_Corpus,-0.3,14.37
780,2012-05-01T00:00:00Z,Volunteering Bill,Title: Volunteering Bill | Summary: No summary available | Description: No description available,UK_Parliament_Bills_Enriched_Corpus,0.8,17.62
800,2012-05-01T00:00:00Z,Waste Recycling (End Use Register) Bill,Title: Waste Recycling (End Use Register) Bill | Summary: No summary available | Description: No description available,UK_Parliament_Bills_Enriched_Corpus,0.05,16.72
836,2012-03-28T00:00:00Z,Appropriation Act 2011,Title: Appropriation Act 2011 | Summary: No summary available | Description: No description available,UK_Parliament_Bills_Enriched_Corpus,0.4,17.68
625,2012-03-28T00:00:00Z,Appropriation Act 2010,Title: Appropriation Act 2010 | Summary: No summary available | Description: No description available,UK_Parliament_Bills_Enriched_Corpus,0.4,17.68
641,2012-03-28T00:00:00Z,Appropriation (No. 2) Act 2010,Title: Appropriation (No. 2) Act 2010 | Summary: No summary available | Description: No description available,UK_Parliament_Bills_Enriched_Corpus,0.4,13.34
743,2012-03-28T00:00:00Z,Appropriation (No. 3) Act 2010,Title: Appropriation (No. 3) Act 2010 | Summary: No summary available | Description: No description available,UK_Parliament_Bills_Enriched_Corpus,0.4,13.34
806,2012-03-28T00:00:00Z,Consolidated Fund Act 2010,Title: Consolidated Fund Act 2010 | Summary: No summary available | Description: No description available,UK_Parliament_Bills_Enriched_Corpus,0.8,17.01
853,2012-03-27T00:00:00Z,Finance Act 2011,Title: Finance Act 2011 | Summary: No summary available | Description: No description available,UK_Parliament_Bills_Enriched_Corpus,0.8,15.16
683,2012-03-27T00:00:00Z,Finance (No. 2) Act 2010,Title: Finance (No. 2) Act 2010 | Summary: No summary available | Description: No description available,UK_Parliament_Bills_Enriched_Corpus,0.8,11.13
761,2012-03-27T00:00:00Z,Finance (No. 3) Act 2010,Title: Finance (No. 3) Act 2010 | Summary: No summary available | Description: No description available,UK_Parliament_Bills_Enriched_Corpus,0.8,11.13
862,2012-03-09T00:00:00Z,Consumer Insurance (Disclosure and Representations) Act 2012,Title: Consumer Insurance (Disclosure and Representations) Act 2012 | Summary: No summary available | Description: No description available,UK_Parliament_Bills_Enriched_Corpus,0.8,19.62
736,2012-03-09T00:00:00Z,Live Music Act 2012,Title: Live Music Act 2012 | Summary: No summary available | Description: No description available,UK_Parliament_Bills_Enriched_Corpus,1.4,14.65
686,2012-03-09T00:00:00Z,Public Services (Social Value) Act 2012,Title: Public Services (Social Value) Act 2012 | Summary: No summary available | Description: No description available,UK_Parliament_Bills_Enriched_Corpus,0.8,16.72
960,2012-03-09T00:00:00Z,Supply and Appropriation (Anticipation and Adjustments) Act 2012,Title: Supply and Appropriation (Anticipation and Adjustments) Act 2012 | Summary: No summary available | Description: No description available,UK_Parliament_Bills_Enriched_Corpus,1.05,19.77
671,2012-03-09T00:00:00Z,Welfare Reform Act 2012,Title: Welfare Reform Act 2012 | Summary: No summary available | Description: No description available,UK_Parliament_Bills_Enriched_Corpus,1.05,15.43
807,2012-02-16T00:00:00Z,Loans to Ireland Act 2010,Title: Loans to Ireland Act 2010 | Summary: No summary available | Description: No description available,UK_Parliament_Bills_Enriched_Corpus,0.8,14.99
858,2012-02-03T00:00:00Z,Planning (Green Belt Protection) Bill,Title: Planning (Green Belt Protection) Bill | Summary: No summary available | Description: No description available,UK_Parliament_Bills_Enriched_Corpus,1.85,15.73
877,2012-02-01T00:00:00Z,Sovereign Grant Act 2011,Title: Sovereign Grant Act 2011 | Summary: No summary available | Description: No description available,UK_Parliament_Bills_Enriched_Corpus,1.3,14.65
884,2012-01-12T00:00:00Z,National Debt Cap Bill,Title: National Debt Cap Bill | Summary: No summary available | Description: No description available,UK_Parliament_Bills_Enriched_Corpus,0.05,15.43
872,2012-01-11T00:00:00Z,Remembrance Day (Bank Holiday) Bill,Title: Remembrance Day (Bank Holiday) Bill | Summary: No summary available | Description: No description available,UK_Parliament_Bills_Enriched_Corpus,1.6,16.46
786,2012-01-10T00:00:00Z,Public Bodies Act 2011,Title: Public Bodies Act 2011 | Summary: No summary available | Description: No description available,UK_Parliament_Bills_Enriched_Corpus,0.8,15.43
837,2011-12-16T00:00:00Z,Charities Act 2011,Title: Charities Act 2011 | Summary: No summary available | Description: No description available,UK_Parliament_Bills_Enriched_Corpus,0.8,16
865,2011-12-15T00:00:00Z,Terrorism Prevention and Investigation Measures Act 2011,Title: Terrorism Prevention and Investigation Measures Act 2011 | Summary: No summary available | Description: No description available,UK_Parliament_Bills_Enriched_Corpus,0.3,19.62
747,2011-12-08T00:00:00Z,Fixed-Term Parliaments Act 2011,Title: Fixed-Term Parliaments Act 2011 | Summary: No summary available | Description: No description available,UK_Parliament_Bills_Enriched_Corpus,0.8,14.99
912,2011-11-28T00:00:00Z,University of Wales:Trinity Saint David Bill,Title: University of Wales:Trinity Saint David Bill | Summary: No summary available | Description: No description available,UK_Parliament_Bills_Enriched_Corpus,1.9,17.65
821,2011-11-17T00:00:00Z,Education Act 2011,Title: Education Act 2011 | Summary: No summary available | Description: No description available,UK_Parliament_Bills_Enriched_Corpus,0.8,16.84
808,2011-11-17T00:00:00Z,Localism Act 2011,Title: Localism Act 2011 | Summary: No summary available | Description: No description available,UK_Parliament_Bills_Enriched_Corpus,0.8,16
863,2011-11-10T00:00:00Z,Dangerous Driving (Maximum Sentence) Bill,Title: Dangerous Driving (Maximum Sentence) Bill | Summary: No summary available | Description: No description available,UK_Parliament_Bills_Enriched_Corpus,0.3,17.94
791,2011-11-10T00:00:00Z,European Union Act 2011,Title: European Union Act 2011 | Summary: No summary available | Description: No description available,UK_Parliament_Bills_Enriched_Corpus,0.8,17.01
649,2011-11-10T00:00:00Z,Local Government Act 2010,Title: Local Government Act 2010 | Summary: No summary available | Description: No description available,UK_Parliament_Bills_Enriched_Corpus,0.3,16.22
748,2011-11-10T00:00:00Z,Parliamentary Voting System and Constituencies Act 2011,Title: Parliamentary Voting System and Constituencies Act 2011 | Summary: No summary available | Description: No description available,UK_Parliament_Bills_Enriched_Corpus,0.8,19.62
815,2011-11-10T00:00:00Z,Pensions Act 2011,Title: Pensions Act 2011 | Summary: No summary available | Description: No description available,UK_Parliament_Bills_Enriched_Corpus,0.8,15.16
754,2011-11-10T00:00:00Z,Police Reform and Social Responsibility Act 2011,Title: Police Reform and Social Responsibility Act 2011 | Summary: No summary available | Description: No description available,UK_Parliament_Bills_Enriched_Corpus,0.8,18.31
767,2011-11-10T00:00:00Z,Police Terms and Conditions of Service (Redundancy) Bill,Title: Police Terms and Conditions of Service (Redundancy) Bill | Summary: No summary available | Description: No description available,UK_Parliament_Bills_Enriched_Corpus,0.55,17.28
765,2011-11-10T00:00:00Z,Postal Services Act 2011,Title: Postal Services Act 2011 | Summary: No summary available | Description: No description available,UK_Parliament_Bills_Enriched_Corpus,0.8,16.22
692,2011-11-04T00:00:00Z,Coinage (Measurement) Act 2011,Title: Coinage (Measurement) Act 2011 | Summary: No summary available | Description: No description available,UK_Parliament_Bills_Enriched_Corpus,0.8,16.22
665,2011-10-27T00:00:00Z,Equitable Life (Payments) Act 2010,Title: Equitable Life (Payments) Act 2010 | Summary: No summary available | Description: No description available,UK_Parliament_Bills_Enriched_Corpus,1.6,16.46
206,2011-10-21T00:00:00Z,Bournemouth Borough Council 2010,Title: Bournemouth Borough Council 2010 | Summary: No summary available | Description: No description available,UK_Parliament_Bills_Enriched_Corpus,1.2,17.01
209,2011-10-21T00:00:00Z,Manchester City Council 2010,Title: Manchester City Council 2010 | Summary: No summary available | Description: No description available,UK_Parliament_Bills_Enriched_Corpus,1.2,17.01
688,2011-10-20T00:00:00Z,Estates of Deceased Persons (Forfeiture Rule and Law of Succession) Act 2011,Title: Estates of Deceased Persons (Forfeiture Rule and Law of Succession) Act 2011 | Summary: No summary available | Description: No description available,UK_Parliament_Bills_Enriched_Corpus,-1,16.47
660,2011-10-20T00:00:00Z,Identity Documents Act 2010,Title: Identity Documents Act 2010 | Summary: No summary available | Description: No description available,UK_Parliament_Bills_Enriched_Corpus,0.8,17.79
669,2011-10-20T00:00:00Z,National Insurance Contributions Act 2011,Title: National Insurance Contributions Act 2011 | Summary: No summary available | Description: No description available,UK_Parliament_Bills_Enriched_Corpus,0.8,18.68
879,2011-10-20T00:00:00Z,Police (Detention and Bail) Act 2011,Title: Police (Detention and Bail) Act 2011 | Summary: No summary available | Description: No description available,UK_Parliament_Bills_Enriched_Corpus,0.05,15.33
695,2011-10-20T00:00:00Z,Sports Grounds Safety Authority Act 2011,Title: Sports Grounds Safety Authority Act 2011 | Summary: No summary available | Description: No description available,UK_Parliament_Bills_Enriched_Corpus,2.1,16.03
740,2011-10-20T00:00:00Z,Superannuation Act 2010,Title: Superannuation Act 2010 | Summary: No summary available | Description: No description available,UK_Parliament_Bills_Enriched_Corpus,0.8,17.68
882,2011-10-20T00:00:00Z,Supply and Appropriation (Main Estimates) Act 2011,Title: Supply and Appropriation (Main Estimates) Act 2011 | Summary: No summary available | Description: No description available,UK_Parliament_Bills_Enriched_Corpus,0.8,17.65
741,2011-10-20T00:00:00Z,Terrorist Asset-Freezing etc. Act 2010,Title: Terrorist Asset-Freezing etc. Act 2010 | Summary: No summary available | Description: No description available,UK_Parliament_Bills_Enriched_Corpus,-0.2,14.8
707,2011-06-23T00:00:00Z,Drugs (Roadside Testing) Bill,Title: Drugs (Roadside Testing) Bill | Summary: No summary available | Description: No description available,UK_Parliament_Bills_Enriched_Corpus,0.8,15.43
710,2011-06-17T00:00:00Z,Training Wage Bill,Title: Training Wage Bill | Summary: No summary available | Description: No description available,UK_Parliament_Bills_Enriched_Corpus,0.8,15.16
463,2011-05-11T00:00:00Z,Finance Act 2009,Title: Finance Act 2009 | Summary: No summary available | Description: No description available,UK_Parliament_Bills_Enriched_Corpus,0.8,15.16
768,2011-04-07T00:00:00Z,Further and Higher Education (Access) Bill,Title: Further and Higher Education (Access) Bill | Summary: No summary available | Description: No description available,UK_Parliament_Bills_Enriched_Corpus,0.8,17.42
703,2011-03-29T00:00:00Z,Protection of Local Services (Planning) Bill,Title: Protection of Local Services (Planning) Bill | Summary: No summary available | Description: No description available,UK_Parliament_Bills_Enriched_Corpus,1.85,17.42
563,2011-02-04T00:00:00Z,Kent County Council (Filming on Highways),Title: Kent County Council (Filming on Highways) | Summary: No summary available | Description: No description available,UK_Parliament_Bills_Enriched_Corpus,1.2,16.03
624,2011-01-24T00:00:00Z,Remembrance Sunday (Closure of Shops) Bill,Title: Remembrance Sunday (Closure of Shops) Bill | Summary: No summary available | Description: No description available,UK_Parliament_Bills_Enriched_Corpus,0.8,16.03
377,2010-11-03T00:00:00Z,Child Poverty Act 2010,Title: Child Poverty Act 2010 | Summary: No summary available | Description: No description available,UK_Parliament_Bills_Enriched_Corpus,0.65,15.43
455,2010-11-02T00:00:00Z,Appropriation Act 2009,Title: Appropriation Act 2009 | Summary: No summary available | Description: No description available,UK_Parliament_Bills_Enriched_Corpus,0.4,17.68
573,2010-10-26T00:00:00Z,Anti-Slavery Day Act 2010,Title: Anti-Slavery Day Act 2010 | Summary: No summary available | Description: No description available,UK_Parliament_Bills_Enriched_Corpus,0.8,15.73
587,2010-10-26T00:00:00Z,Damages (Asbestos-Related Conditions) (No. 2) Bill,Title: Damages (Asbestos-Related Conditions) (No. 2) Bill | Summary: No summary available | Description: No description available,UK_Parliament_Bills_Enriched_Corpus,0.05,14.8
569,2010-10-26T00:00:00Z,Local Authorities (Overview and Scrutiny) Bill,Title: Local Authorities (Overview and Scrutiny) Bill | Summary: No summary available | Description: No description available,UK_Parliament_Bills_Enriched_Corpus,0.2,18.8
600,2010-10-26T00:00:00Z,Veterans' Welfare Bill,Title: Veterans' Welfare Bill | Summary: No summary available | Description: No description available,UK_Parliament_Bills_Enriched_Corpus,0.8,16.84
381,2010-09-15T00:00:00Z,Equality Act 2010,Title: Equality Act 2010 | Summary: No summary available | Description: No description available,UK_Parliament_Bills_Enriched_Corpus,1.6,16.84
546,2010-08-17T00:00:00Z,Bribery Act 2010,Title: Bribery Act 2010 | Summary: No summary available | Description: No description available,UK_Parliament_Bills_Enriched_Corpus,0.3,16
548,2010-08-17T00:00:00Z,Crime and Security Act 2010,Title: Crime and Security Act 2010 | Summary: No summary available | Description: No description available,UK_Parliament_Bills_Enriched_Corpus,0.05,15.73
565,2010-08-17T00:00:00Z,Fiscal Responsibility Act 2010,Title: Fiscal Responsibility Act 2010 | Summary: No summary available | Description: No description available,UK_Parliament_Bills_Enriched_Corpus,0.8,18.58
542,2010-08-17T00:00:00Z,Personal Care at Home Act 2010,Title: Personal Care at Home Act 2010 | Summary: No summary available | Description: No description available,UK_Parliament_Bills_Enriched_Corpus,1.8,14.64
609,2010-08-17T00:00:00Z,Terrorist Asset-Freezing (Temporary Provisions) Act 2010,Title: Terrorist Asset-Freezing (Temporary Provisions) Act 2010 | Summary: No summary available | Description: No description available,UK_Parliament_Bills_Enriched_Corpus,-0.2,18.96
534,2010-08-16T00:00:00Z,Flood Water Management Act 2010,Title: Flood Water Management Act 2010 | Summary: No summary available | Description: No description available,UK_Parliament_Bills_Enriched_Corpus,1.2,15.73
531,2010-08-03T00:00:00Z,"Children, Schools and Families Act 2010","Title: Children, Schools and Families Act 2010 | Summary: No summary available | Description: No description available",UK_Parliament_Bills_Enriched_Corpus,0.8,15.33
512,2010-07-26T00:00:00Z,Constitutional Reform and Governance Act 2010,Title: Constitutional Reform and Governance Act 2010 | Summary: No summary available | Description: No description available,UK_Parliament_Bills_Enriched_Corpus,1.85,18.11
636,2010-06-29T00:00:00Z,Finance Act 2010,Title: Finance Act 2010 | Summary: No summary available | Description: No description available,UK_Parliament_Bills_Enriched_Corpus,0.8,15.16
571,2010-04-19T00:00:00Z,Grocery Market Ombudsman Bill,Title: Grocery Market Ombudsman Bill | Summary: No summary available | Description: No description available,UK_Parliament_Bills_Enriched_Corpus,0.8,17.79
557,2010-04-14T00:00:00Z,Constitutional Reform Bill [HL],Title: Constitutional Reform Bill [HL] | Summary: No summary available | Description: No description available,UK_Parliament_Bills_Enriched_Corpus,1.85,17.79
554,2010-04-13T00:00:00Z,Co-operative and Community Benefit Societies and Credit Unions Act 2010,Title: Co-operative and Community Benefit Societies and Credit Unions Act 2010 | Summary: No summary available | Description: No description available,UK_Parliament_Bills_Enriched_Corpus,3.05,19.81
570,2010-04-13T00:00:00Z,Debt Relief (Developing Countries) Act 2010,Title: Debt Relief (Developing Countries) Act 2010 | Summary: No summary available | Description: No description available,UK_Parliament_Bills_Enriched_Corpus,0.55,16.72
589,2010-04-13T00:00:00Z,Land Use (Gardens Protection Etc.) Bill,Title: Land Use (Gardens Protection Etc.) Bill | Summary: No summary available | Description: No description available,UK_Parliament_Bills_Enriched_Corpus,1.6,14.1
577,2010-04-13T00:00:00Z,Lisbon Treaty (Referendum) Bill,Title: Lisbon Treaty (Referendum) Bill | Summary: No summary available | Description: No description available,UK_Parliament_Bills_Enriched_Corpus,0.8,17.79
551,2010-04-13T00:00:00Z,Live Music Bill [HL],Title: Live Music Bill [HL] | Summary: No summary available | Description: No description available,UK_Parliament_Bills_Enriched_Corpus,1.4,14.65
583,2010-04-13T00:00:00Z,Local Government (Infrastructure Requirement Plans) Bill,Title: Local Government (Infrastructure Requirement Plans) Bill | Summary: No summary available | Description: No description available,UK_Parliament_Bills_Enriched_Corpus,0.3,18.8
620,2010-04-13T00:00:00Z,Major Capital Contracts (Skills Training Requirements) Bill,Title: Major Capital Contracts (Skills Training Requirements) Bill | Summary: No summary available | Description: No description available,UK_Parliament_Bills_Enriched_Corpus,1.2,17.65
584,2010-04-13T00:00:00Z,Marine Accident Investigation Branch (Reports) Bill,Title: Marine Accident Investigation Branch (Reports) Bill | Summary: No summary available | Description: No description available,UK_Parliament_Bills_Enriched_Corpus,0.3,18.8
550,2010-04-13T00:00:00Z,Marriage (Wales) Act 2010,Title: Marriage (Wales) Act 2010 | Summary: No summary available | Description: No description available,UK_Parliament_Bills_Enriched_Corpus,1.4,14.65
568,2010-04-13T00:00:00Z,Mortgage Repossessions (Protection of Tenants etc) Act 2010,Title: Mortgage Repossessions (Protection of Tenants etc) Act 2010 | Summary: No summary available | Description: No description available,UK_Parliament_Bills_Enriched_Corpus,1.2,19.15
547,2010-04-13T00:00:00Z,Northern Ireland Assembly Members Act 2010,Title: Northern Ireland Assembly Members Act 2010 | Summary: No summary available | Description: No description available,UK_Parliament_Bills_Enriched_Corpus,1.05,17.42
601,2010-04-13T00:00:00Z,Pedicabs Bill,Title: Pedicabs Bill | Summary: No summary available | Description: No description available,UK_Parliament_Bills_Enriched_Corpus,0.8,16.71
555,2010-04-13T00:00:00Z,Powers of Entry etc. Bill [HL],Title: Powers of Entry etc. Bill [HL] | Summary: No summary available | Description: No description available,UK_Parliament_Bills_Enriched_Corpus,0.8,13.41
623,2010-04-13T00:00:00Z,Representation of the People (Undue Influence) Bill,Title: Representation of the People (Undue Influence) Bill | Summary: No summary available | Description: No description available,UK_Parliament_Bills_Enriched_Corpus,0,18.31
585,2010-04-13T00:00:00Z,School Transport Bill,Title: School Transport Bill | Summary: No summary available | Description: No description available,UK_Parliament_Bills_Enriched_Corpus,0.8,15.16
591,2010-04-13T00:00:00Z,Sheltered Accommodation (Residents) Bill,Title: Sheltered Accommodation (Residents) Bill | Summary: No summary available | Description: No description available,UK_Parliament_Bills_Enriched_Corpus,1.2,19.37
633,2010-04-13T00:00:00Z,Sustainability of Livestock Farming and Food Production (Strategy) Bill,Title: Sustainability of Livestock Farming and Food Production (Strategy) Bill | Summary: No summary available | Description: No description available,UK_Parliament_Bills_Enriched_Corpus,2.3,19.35
595,2010-04-13T00:00:00Z,Torture (Damages) Bill,Title: Torture (Damages) Bill | Summary: No summary available | Description: No description available,UK_Parliament_Bills_Enriched_Corpus,-0.95,16.84
567,2010-04-13T00:00:00Z,Video Recording Act 2010,Title: Video Recording Act 2010 | Summary: No summary available | Description: No description available,UK_Parliament_Bills_Enriched_Corpus,0.8,17.01
598,2010-04-13T00:00:00Z,Video Recordings (Exemption from Classification) Bill,Title: Video Recordings (Exemption from Classification) Bill | Summary: No summary available | Description: No description available,UK_Parliament_Bills_Enriched_Corpus,0.55,20.19
575,2010-04-13T00:00:00Z,Warsaw Convention (Carrier Liability) Bill,Title: Warsaw Convention (Carrier Liability) Bill | Summary: No summary available | Description: No description available,UK_Parliament_Bills_Enriched_Corpus,0.7,20.15
604,2010-04-12T00:00:00Z,Ambulance Response Times (Local Reporting) Bill,Title: Ambulance Response Times (Local Reporting) Bill | Summary: No summary available | Description: No description available,UK_Parliament_Bills_Enriched_Corpus,0.8,17.42
596,2010-04-12T00:00:00Z,Armenian Genocide Remembrance Day Bill,Title: Armenian Genocide Remembrance Day Bill | Summary: No summary available | Description: No description available,UK_Parliament_Bills_Enriched_Corpus,-0.2,18.68
580,2010-04-12T00:00:00Z,Care Homes and Sheltered Accommodation (Domestic Pets) Bill,Title: Care Homes and Sheltered Accommodation (Domestic Pets) Bill | Summary: No summary available | Description: No description available,UK_Parliament_Bills_Enriched_Corpus,1.95,17.28
613,2010-04-12T00:00:00Z,Department for Work and Pensions (Electronic File retention) Bill,Title: Department for Work and Pensions (Electronic File retention) Bill | Summary: No summary available | Description: No description available,UK_Parliament_Bills_Enriched_Corpus,1.45,17.58
582,2010-04-12T00:00:00Z,Development on Flood Plains (Environment Agency Powers) Bill,Title: Development on Flood Plains (Environment Agency Powers) Bill | Summary: No summary available | Description: No description available,UK_Parliament_Bills_Enriched_Corpus,0.8,18.53
588,2010-04-12T00:00:00Z,Employers' Liability Insurance Bureau Bill,Title: Employers' Liability Insurance Bureau Bill | Summary: No summary available | Description: No description available,UK_Parliament_Bills_Enriched_Corpus,0.3,20.15
634,2010-04-12T00:00:00Z,Fire Safety (Schools) Bill,Title: Fire Safety (Schools) Bill | Summary: No summary available | Description: No description available,UK_Parliament_Bills_Enriched_Corpus,1.35,15.43
592,2010-04-12T00:00:00Z,Human Rights Act 1998 (Meaning of Public Authority) Bill,Title: Human Rights Act 1998 (Meaning of Public Authority) Bill | Summary: No summary available | Description: No description available,UK_Parliament_Bills_Enriched_Corpus,1.3,16.4
594,2010-04-12T00:00:00Z,Illegally Logged Timber (Prohibition of Sale) Bill,Title: Illegally Logged Timber (Prohibition of Sale) Bill | Summary: No summary available | Description: No description available,UK_Parliament_Bills_Enriched_Corpus,-0.7,17.65
617,2010-04-09T00:00:00Z,Bilingual Juries (Wales) Bill,Title: Bilingual Juries (Wales) Bill | Summary: No summary available | Description: No description available,UK_Parliament_Bills_Enriched_Corpus,0.8,16.22
552,2010-04-09T00:00:00Z,Children's Rights Bill [HL],Title: Children's Rights Bill [HL] | Summary: No summary available | Description: No description available,UK_Parliament_Bills_Enriched_Corpus,0.8,14.65
638,2010-04-08T00:00:00Z,Control of Dogs Bill,Title: Control of Dogs Bill | Summary: No summary available | Description: No description available,UK_Parliament_Bills_Enriched_Corpus,0.8,14.65
559,2010-04-08T00:00:00Z,Damages (Asbestos-related Conditions) Bill [HL],Title: Damages (Asbestos-related Conditions) Bill [HL] | Summary: No summary available | Description: No description available,UK_Parliament_Bills_Enriched_Corpus,0.05,18.8
629,2010-04-08T00:00:00Z,Dementia Strategy Bill,Title: Dementia Strategy Bill | Summary: No summary available | Description: No description available,UK_Parliament_Bills_Enriched_Corpus,0.3,18.53
611,2010-04-08T00:00:00Z,Environmental Protection (Fly-Tipping Reporting) Bill,Title: Environmental Protection (Fly-Tipping Reporting) Bill | Summary: No summary available | Description: No description available,UK_Parliament_Bills_Enriched_Corpus,1.6,19.5
626,2010-04-08T00:00:00Z,"Illegally Logged Timber (Prohibition of Retail, Wholesale and Distribution) Bill","Title: Illegally Logged Timber (Prohibition of Retail, Wholesale and Distribution) Bill | Summary: No summary available | Description: No description available",UK_Parliament_Bills_Enriched_Corpus,-0.7,19.57
640,2010-04-08T00:00:00Z,Nuclear Fuel Cycle (Non-Proliferation and Public Liability) Bill,Title: Nuclear Fuel Cycle (Non-Proliferation and Public Liability) Bill | Summary: No summary available | Description: No description available,UK_Parliament_Bills_Enriched_Corpus,-0.1,20.53
630,2010-04-08T00:00:00Z,Organ and Tissue Donation (Mandated Choice) Bill,Title: Organ and Tissue Donation (Mandated Choice) Bill | Summary: No summary available | Description: No description available,UK_Parliament_Bills_Enriched_Corpus,2,17
561,2010-04-08T00:00:00Z,Patient Transport Bill [HL],Title: Patient Transport Bill [HL] | Summary: No summary available | Description: No description available,UK_Parliament_Bills_Enriched_Corpus,1.3,15.43
618,2010-04-08T00:00:00Z,Registration of Births and Deaths (Welsh Language) Bill,Title: Registration of Births and Deaths (Welsh Language) Bill | Summary: No summary available | Description: No description available,UK_Parliament_Bills_Enriched_Corpus,0.8,15.42
614,2010-04-08T00:00:00Z,Rental Accommodation (Thermal Insulation Standards) Bill,Title: Rental Accommodation (Thermal Insulation Standards) Bill | Summary: No summary available | Description: No description available,UK_Parliament_Bills_Enriched_Corpus,1.2,20.19
576,2010-04-08T00:00:00Z,Safety and Conservation (Byelaws) Bill,Title: Safety and Conservation (Byelaws) Bill | Summary: No summary available | Description: No description available,UK_Parliament_Bills_Enriched_Corpus,2.4,17.2
612,2010-04-08T00:00:00Z,Water Tariffs Bill,Title: Water Tariffs Bill | Summary: No summary available | Description: No description available,UK_Parliament_Bills_Enriched_Corpus,0.8,16
639,2010-04-07T00:00:00Z,Waste Recovery and Disposal Facilities (Public Consultation) Bill,Title: Waste Recovery and Disposal Facilities (Public Consultation) Bill | Summary: No summary available | Description: No description available,UK_Parliament_Bills_Enriched_Corpus,-0.1,19.77
545,2010-03-29T00:00:00Z,Cluster Munitions (Prohibitions) Act 2010,Title: Cluster Munitions (Prohibitions) Act 2010 | Summary: No summary available | Description: No description available,UK_Parliament_Bills_Enriched_Corpus,0.8,17.94
356,2010-03-18T00:00:00Z,Beverley Freemen,Title: Beverley Freemen | Summary: No summary available | Description: No description available,UK_Parliament_Bills_Enriched_Corpus,0.8,17.62
361,2010-01-18T00:00:00Z,Local Democracy,Title: Local Democracy | Summary: No summary available | Description: No description available,UK_Parliament_Bills_Enriched_Corpus,1.2,18.53
380,2010-01-18T00:00:00Z,Policing and Crime,Title: Policing and Crime | Summary: No summary available | Description: No description available,UK_Parliament_Bills_Enriched_Corpus,0.05,16
360,2010-01-07T00:00:00Z,Marine and Coastal Access,Title: Marine and Coastal Access | Summary: No summary available | Description: No description available,UK_Parliament_Bills_Enriched_Corpus,0.8,16.22
444,2009-11-20T00:00:00Z,"Apprenticeships, Skills, Children and Learning","Title: Apprenticeships, Skills, Children and Learning | Summary: No summary available | Description: No description available",UK_Parliament_Bills_Enriched_Corpus,1.6,17.2
400,2009-11-20T00:00:00Z,Autism,Title: Autism | Summary: No summary available | Description: No description available,UK_Parliament_Bills_Enriched_Corpus,0.8,17.61
372,2009-11-20T00:00:00Z,Coroners and Justice,Title: Coroners and Justice | Summary: No summary available | Description: No description available,UK_Parliament_Bills_Enriched_Corpus,1.8,16.84
450,2009-11-20T00:00:00Z,Driving Instruction (Suspension and Exemption Powers),Title: Driving Instruction (Suspension and Exemption Powers) | Summary: No summary available | Description: No description available,UK_Parliament_Bills_Enriched_Corpus,0.45,18.8
426,2009-11-20T00:00:00Z,Holocaust (Return of Cultural Objects),Title: Holocaust (Return of Cultural Objects) | Summary: No summary available | Description: No description available,UK_Parliament_Bills_Enriched_Corpus,-0.2,17.94
420,2009-11-20T00:00:00Z,Law Commission,Title: Law Commission | Summary: No summary available | Description: No description available,UK_Parliament_Bills_Enriched_Corpus,0.8,16.71
467,2009-11-20T00:00:00Z,Perpetuities and Accumulations,Title: Perpetuities and Accumulations | Summary: No summary available | Description: No description available,UK_Parliament_Bills_Enriched_Corpus,0.8,20.21
386,2009-11-20T00:00:00Z,Welfare Reform,Title: Welfare Reform | Summary: No summary available | Description: No description available,UK_Parliament_Bills_Enriched_Corpus,1.05,16.71
522,2009-11-18T00:00:00Z,Closed Circuit Television (Monitoring and Promotion) Bill,Title: Closed Circuit Television (Monitoring and Promotion) Bill | Summary: No summary available | Description: No description available,UK_Parliament_Bills_Enriched_Corpus,1.3,18.96
480,2009-11-18T00:00:00Z,Goalpost Safety Bill,Title: Goalpost Safety Bill | Summary: No summary available | Description: No description available,UK_Parliament_Bills_Enriched_Corpus,1.6,16
454,2009-11-18T00:00:00Z,Industry and Exports (Financial Support) Act,Title: Industry and Exports (Financial Support) Act | Summary: No summary available | Description: No description available,UK_Parliament_Bills_Enriched_Corpus,1.3,17.42
411,2009-11-18T00:00:00Z,Organ Donation (Presumed Consent) Bill,Title: Organ Donation (Presumed Consent) Bill | Summary: No summary available | Description: No description available,UK_Parliament_Bills_Enriched_Corpus,2.4,17.2
508,2009-11-18T00:00:00Z,Protection of Elderly People (Unsolicited Mail) Bill,Title: Protection of Elderly People (Unsolicited Mail) Bill | Summary: No summary available | Description: No description available,UK_Parliament_Bills_Enriched_Corpus,1.6,18.96
523,2009-11-18T00:00:00Z,Rentcharges (Notification) Bill,Title: Rentcharges (Notification) Bill | Summary: No summary available | Description: No description available,UK_Parliament_Bills_Enriched_Corpus,0.8,19.37
461,2009-11-18T00:00:00Z,Short Selling and Bank Accounts Bill,Title: Short Selling and Bank Accounts Bill | Summary: No summary available | Description: No description available,UK_Parliament_Bills_Enriched_Corpus,0.8,14.64
503,2009-11-13T00:00:00Z,Care Homes (Domestic Pets) Bill,Title: Care Homes (Domestic Pets) Bill | Summary: No summary available | Description: No description available,UK_Parliament_Bills_Enriched_Corpus,1.55,14.99
368,2009-11-13T00:00:00Z,Cohabitation Bill [HL],Title: Cohabitation Bill [HL] | Summary: No summary available | Description: No description available,UK_Parliament_Bills_Enriched_Corpus,0.8,17.68
394,2009-11-13T00:00:00Z,Community Amateur Sports Clubs (Support) Bill [HL],Title: Community Amateur Sports Clubs (Support) Bill [HL] | Summary: No summary available | Description: No description available,UK_Parliament_Bills_Enriched_Corpus,1.9,17
465,2009-11-13T00:00:00Z,Constitutional Renewal Bill [HL],Title: Constitutional Renewal Bill [HL] | Summary: No summary available | Description: No description available,UK_Parliament_Bills_Enriched_Corpus,1.7,18.58
404,2009-11-13T00:00:00Z,Co-operative and Community Benefit Societies and Credit Unions Bill,Title: Co-operative and Community Benefit Societies and Credit Unions Bill | Summary: No summary available | Description: No description available,UK_Parliament_Bills_Enriched_Corpus,3.05,20.13
424,2009-11-13T00:00:00Z,Damages (Asbestos-Related Conditions) Bill,Title: Damages (Asbestos-Related Conditions) Bill | Summary: No summary available | Description: No description available,UK_Parliament_Bills_Enriched_Corpus,0.05,19.41
366,2009-11-13T00:00:00Z,Equal Pay and Flexible Working Bill [HL],Title: Equal Pay and Flexible Working Bill [HL] | Summary: No summary available | Description: No description available,UK_Parliament_Bills_Enriched_Corpus,1.55,15.69
449,2009-11-13T00:00:00Z,Postal Services Bill [HL],Title: Postal Services Bill [HL] | Summary: No summary available | Description: No description available,UK_Parliament_Bills_Enriched_Corpus,0.8,16.22
443,2009-11-13T00:00:00Z,Sports Grounds Safety Authority Bill [HL],Title: Sports Grounds Safety Authority Bill [HL] | Summary: No summary available | Description: No description available,UK_Parliament_Bills_Enriched_Corpus,2.1,16.03
395,2009-11-12T00:00:00Z,"Borders, Citizenship and Immigration Act 2009","Title: Borders, Citizenship and Immigration Act 2009 | Summary: No summary available | Description: No description available",UK_Parliament_Bills_Enriched_Corpus,0.8,18.11
504,2009-11-12T00:00:00Z,Government of Cornwall Bill,Title: Government of Cornwall Bill | Summary: No summary available | Description: No description available,UK_Parliament_Bills_Enriched_Corpus,0.3,16.22
527,2009-11-12T00:00:00Z,Local Planning Authorities (Protection of Local Services) Bill,Title: Local Planning Authorities (Protection of Local Services) Bill | Summary: No summary available | Description: No description available,UK_Parliament_Bills_Enriched_Corpus,1.85,19.15
530,2009-11-12T00:00:00Z,Mobile Network Roaming Capabilities Bill,Title: Mobile Network Roaming Capabilities Bill | Summary: No summary available | Description: No description available,UK_Parliament_Bills_Enriched_Corpus,1.05,18.68
528,2009-11-12T00:00:00Z,Queen's Diamond Jubilee Bill,Title: Queen's Diamond Jubilee Bill | Summary: No summary available | Description: No description available,UK_Parliament_Bills_Enriched_Corpus,0.8,16.22
526,2009-11-11T00:00:00Z,Installation of Letter Box Guards (Protection from Dogs) Bill,Title: Installation of Letter Box Guards (Protection from Dogs) Bill | Summary: No summary available | Description: No description available,UK_Parliament_Bills_Enriched_Corpus,1.6,16.4
374,2009-11-09T00:00:00Z,Companies’ Remuneration Reports Bill [HL],Title: Companies’ Remuneration Reports Bill [HL] | Summary: No summary available | Description: No description available,UK_Parliament_Bills_Enriched_Corpus,0.8,18.68
427,2009-11-09T00:00:00Z,Crown Employment (Nationality) Bill,Title: Crown Employment (Nationality) Bill | Summary: No summary available | Description: No description available,UK_Parliament_Bills_Enriched_Corpus,0.8,18.58
422,2009-11-09T00:00:00Z,Employers’ Liability Insurance Bureau Bill,Title: Employers’ Liability Insurance Bureau Bill | Summary: No summary available | Description: No description available,UK_Parliament_Bills_Enriched_Corpus,0.3,20.15
441,2009-11-09T00:00:00Z,Home Repossession (Protection) Bill,Title: Home Repossession (Protection) Bill | Summary: No summary available | Description: No description available,UK_Parliament_Bills_Enriched_Corpus,1.6,17.79
430,2009-11-09T00:00:00Z,Human Rights Act 1998 (Meaning Of Public Authority) Bill,Title: Human Rights Act 1998 (Meaning Of Public Authority) Bill | Summary: No summary available | Description: No description available,UK_Parliament_Bills_Enriched_Corpus,1.3,16.4
429,2009-11-09T00:00:00Z,Illegally Logged Timber (Prohibition Of Sale) Bill,Title: Illegally Logged Timber (Prohibition Of Sale) Bill | Summary: No summary available | Description: No description available,UK_Parliament_Bills_Enriched_Corpus,-0.7,17.65
425,2009-11-09T00:00:00Z,Land Use (Gardens Protection Etc) Bill,Title: Land Use (Gardens Protection Etc) Bill | Summary: No summary available | Description: No description available,UK_Parliament_Bills_Enriched_Corpus,1.6,17.42
428,2009-11-09T00:00:00Z,Torture (Damages) (No. 2) Bill,Title: Torture (Damages) (No. 2) Bill | Summary: No summary available | Description: No description available,UK_Parliament_Bills_Enriched_Corpus,-0.95,12.61
510,2009-11-03T00:00:00Z,Media Owners (Residency Requirement) Bill,Title: Media Owners (Residency Requirement) Bill | Summary: No summary available | Description: No description available,UK_Parliament_Bills_Enriched_Corpus,0.8,19.41
475,2009-11-03T00:00:00Z,Prevention of Excessive Charges Bill,Title: Prevention of Excessive Charges Bill | Summary: No summary available | Description: No description available,UK_Parliament_Bills_Enriched_Corpus,0.25,17.2
457,2009-11-03T00:00:00Z,Theft from Shops (Use of Penalty Notices for Disorder) Bill,Title: Theft from Shops (Use of Penalty Notices for Disorder) Bill | Summary: No summary available | Description: No description available,UK_Parliament_Bills_Enriched_Corpus,-1.2,16.2
418,2009-10-29T00:00:00Z,Forces Widows Pensions (Equality of Treatment) Bill,Title: Forces Widows Pensions (Equality of Treatment) Bill | Summary: No summary available | Description: No description available,UK_Parliament_Bills_Enriched_Corpus,1.35,17.65
490,2009-10-29T00:00:00Z,Fuel Poverty (No.2) Bill,Title: Fuel Poverty (No.2) Bill | Summary: No summary available | Description: No description available,UK_Parliament_Bills_Enriched_Corpus,0.05,15.73
407,2009-10-29T00:00:00Z,Leaseholders Rights Bill,Title: Leaseholders Rights Bill | Summary: No summary available | Description: No description available,UK_Parliament_Bills_Enriched_Corpus,0.8,16.84
507,2009-10-29T00:00:00Z,Personal Responsibility Bill,Title: Personal Responsibility Bill | Summary: No summary available | Description: No description available,UK_Parliament_Bills_Enriched_Corpus,0.8,20.21
402,2009-10-29T00:00:00Z,Small Business Rate Relief (Automatic Payment) Bill,Title: Small Business Rate Relief (Automatic Payment) Bill | Summary: No summary available | Description: No description available,UK_Parliament_Bills_Enriched_Corpus,1.2,17
417,2009-10-29T00:00:00Z,Special Educational Needs and Disability (Support) Bill,Title: Special Educational Needs and Disability (Support) Bill | Summary: No summary available | Description: No description available,UK_Parliament_Bills_Enriched_Corpus,2.1,19.62
505,2009-10-28T00:00:00Z,Criminal Injuries Compensation Scheme (Review) Bill,Title: Criminal Injuries Compensation Scheme (Review) Bill | Summary: No summary available | Description: No description available,UK_Parliament_Bills_Enriched_Corpus,-0.05,18.8
440,2009-10-28T00:00:00Z,Protection of Garden Land (Development Control) Bill,Title: Protection of Garden Land (Development Control) Bill | Summary: No summary available | Description: No description available,UK_Parliament_Bills_Enriched_Corpus,2.2,17.65
501,2009-10-27T00:00:00Z,Appropriation (No. 2) Act 2009,Title: Appropriation (No. 2) Act 2009 | Summary: No summary available | Description: No description available,UK_Parliament_Bills_Enriched_Corpus,0.4,13.34
448,2009-10-26T00:00:00Z,Airport Expansion (Parliamentary Approval) Bill,Title: Airport Expansion (Parliamentary Approval) Bill | Summary: No summary available | Description: No description available,UK_Parliament_Bills_Enriched_Corpus,1.8,20.15
399,2009-10-26T00:00:00Z,Fuel Poverty Bill,Title: Fuel Poverty Bill | Summary: No summary available | Description: No description available,UK_Parliament_Bills_Enriched_Corpus,0.05,16.84
489,2009-10-26T00:00:00Z,Road Signs (Tourist Destinations and Facilities) Bill,Title: Road Signs (Tourist Destinations and Facilities) Bill | Summary: No summary available | Description: No description available,UK_Parliament_Bills_Enriched_Corpus,0.8,17.65
403,2009-10-26T00:00:00Z,Royal Marriages and Succession to the Crown (Prevention of Discrimination) Bill,Title: Royal Marriages and Succession to the Crown (Prevention of Discrimination) Bill | Summary: No summary available | Description: No description available,UK_Parliament_Bills_Enriched_Corpus,0.55,18.74
438,2009-10-26T00:00:00Z,Safety Of Medicines (Evaluation) Bill,Title: Safety Of Medicines (Evaluation) Bill | Summary: No summary available | Description: No description available,UK_Parliament_Bills_Enriched_Corpus,1.6,18.68
476,2009-10-26T00:00:00Z,Sale of Mobile Homes (Interview) Bill,Title: Sale of Mobile Homes (Interview) Bill | Summary: No summary available | Description: No description available,UK_Parliament_Bills_Enriched_Corpus,0.8,15.33
481,2009-10-26T00:00:00Z,School Bus (Safety) Bill,Title: School Bus (Safety) Bill | Summary: No summary available | Description: No description available,UK_Parliament_Bills_Enriched_Corpus,1.6,14.65
519,2009-10-23T00:00:00Z,Cervical Cancer (Minimum Age for Screening) Bill,Title: Cervical Cancer (Minimum Age for Screening) Bill | Summary: No summary available | Description: No description available,UK_Parliament_Bills_Enriched_Corpus,0.05,17
488,2009-10-23T00:00:00Z,Citizens' Convention (Accountability and Ethics) Bill,Title: Citizens' Convention (Accountability and Ethics) Bill | Summary: No summary available | Description: No description available,UK_Parliament_Bills_Enriched_Corpus,2.4,20.19
511,2009-10-23T00:00:00Z,Common Land and Repeal of Inclosure Acts Bill,Title: Common Land and Repeal of Inclosure Acts Bill | Summary: No summary available | Description: No description available,UK_Parliament_Bills_Enriched_Corpus,0.8,15.42
472,2009-10-23T00:00:00Z,Insolvency (Provision of Information to Employment Agencies) Bill,Title: Insolvency (Provision of Information to Employment Agencies) Bill | Summary: No summary available | Description: No description available,UK_Parliament_Bills_Enriched_Corpus,0.4,20.39
496,2009-10-23T00:00:00Z,Local Employment Bill,Title: Local Employment Bill | Summary: No summary available | Description: No description available,UK_Parliament_Bills_Enriched_Corpus,0.8,16.84
487,2009-10-23T00:00:00Z,Maximum Wage Bill,Title: Maximum Wage Bill | Summary: No summary available | Description: No description available,UK_Parliament_Bills_Enriched_Corpus,0.8,16
509,2009-10-23T00:00:00Z,Parliament (Disclosure of Information) Bill,Title: Parliament (Disclosure of Information) Bill | Summary: No summary available | Description: No description available,UK_Parliament_Bills_Enriched_Corpus,1.2,18.68
502,2009-10-23T00:00:00Z,Parliamentary Commissions of Inquiry Bill,Title: Parliamentary Commissions of Inquiry Bill | Summary: No summary available | Description: No description available,UK_Parliament_Bills_Enriched_Corpus,0.8,19.41
517,2009-10-23T00:00:00Z,Parliamentary Elections (Recall and Primaries) Bill,Title: Parliamentary Elections (Recall and Primaries) Bill | Summary: No summary available | Description: No description available,UK_Parliament_Bills_Enriched_Corpus,0.8,19.5
516,2009-10-23T00:00:00Z,Public Transport (Reward Scheme and Concessionary Fares) Bill,Title: Public Transport (Reward Scheme and Concessionary Fares) Bill | Summary: No summary available | Description: No description available,UK_Parliament_Bills_Enriched_Corpus,1.45,17.28
409,2009-10-20T00:00:00Z,Children in Care (Custody) Bill,Title: Children in Care (Custody) Bill | Summary: No summary available | Description: No description available,UK_Parliament_Bills_Enriched_Corpus,1.4,15.73
483,2009-10-20T00:00:00Z,Commission for the Compact Bill,Title: Commission for the Compact Bill | Summary: No summary available | Description: No description available,UK_Parliament_Bills_Enriched_Corpus,1.2,15.73
477,2009-10-20T00:00:00Z,Developing Country Debt (Restriction of Recovery) Bill,Title: Developing Country Debt (Restriction of Recovery) Bill | Summary: No summary available | Description: No description available,UK_Parliament_Bills_Enriched_Corpus,-0.45,18.31
367,2009-10-20T00:00:00Z,Disabled Persons (Independent Living) Bill [HL],Title: Disabled Persons (Independent Living) Bill [HL] | Summary: No summary available | Description: No description available,UK_Parliament_Bills_Enriched_Corpus,0.05,18.11
462,2009-10-20T00:00:00Z,Pension Credit and Personal Expense Allowance (Duty of Consultation and Review) Bill,Title: Pension Credit and Personal Expense Allowance (Duty of Consultation and Review) Bill | Summary: No summary available | Description: No description available,UK_Parliament_Bills_Enriched_Corpus,1.2,19.03
478,2009-10-20T00:00:00Z,Surface Water and Highway Drainage Charges (Exemption) Bill,Title: Surface Water and Highway Drainage Charges (Exemption) Bill | Summary: No summary available | Description: No description available,UK_Parliament_Bills_Enriched_Corpus,0.3,17.28
453,2009-10-20T00:00:00Z,Teaching of British History in Schools Bill,Title: Teaching of British History in Schools Bill | Summary: No summary available | Description: No description available,UK_Parliament_Bills_Enriched_Corpus,0.8,15.69
207,2009-10-16T00:00:00Z,Broads Authority Act 2009,Title: Broads Authority Act 2009 | Summary: No summary available | Description: No description available,UK_Parliament_Bills_Enriched_Corpus,1.3,16.22
358,2009-10-16T00:00:00Z,Business Rate Supplements Act 2009,Title: Business Rate Supplements Act 2009 | Summary: No summary available | Description: No description available,UK_Parliament_Bills_Enriched_Corpus,0.8,15.73
383,2009-10-16T00:00:00Z,Geneva Conventions and United Nations Personnel (Protocols) Act,Title: Geneva Conventions and United Nations Personnel (Protocols) Act | Summary: No summary available | Description: No description available,UK_Parliament_Bills_Enriched_Corpus,1.3,19.77
495,2009-10-16T00:00:00Z,Parliamentary Standards,Title: Parliamentary Standards | Summary: No summary available | Description: No description available,UK_Parliament_Bills_Enriched_Corpus,0.8,19.43
336,2009-10-16T00:00:00Z,Political Parties and Elections,Title: Political Parties and Elections | Summary: No summary available | Description: No description available,UK_Parliament_Bills_Enriched_Corpus,0.8,18.58
359,2009-10-16T00:00:00Z,Saving Gateway Accounts Act,Title: Saving Gateway Accounts Act | Summary: No summary available | Description: No description available,UK_Parliament_Bills_Enriched_Corpus,1.6,16.22
410,2009-10-14T00:00:00Z,Palliative Care Bill,Title: Palliative Care Bill | Summary: No summary available | Description: No description available,UK_Parliament_Bills_Enriched_Corpus,1.7,16.84
408,2009-10-14T00:00:00Z,Protection of Children (Encrypted Material) Bill,Title: Protection of Children (Encrypted Material) Bill | Summary: No summary available | Description: No description available,UK_Parliament_Bills_Enriched_Corpus,1.6,18.8
458,2009-10-12T00:00:00Z,Protection of Shareholders Bill,Title: Protection of Shareholders Bill | Summary: No summary available | Description: No description available,UK_Parliament_Bills_Enriched_Corpus,1.6,17.01
456,2009-09-08T00:00:00Z,Bankers' Pensions (Limits) Bill,Title: Bankers' Pensions (Limits) Bill | Summary: No summary available | Description: No description available,UK_Parliament_Bills_Enriched_Corpus,0.55,16.22
493,2009-09-08T00:00:00Z,Programming of Bills (Suspension) Bill,Title: Programming of Bills (Suspension) Bill | Summary: No summary available | Description: No description available,UK_Parliament_Bills_Enriched_Corpus,0.3,16.46
474,2009-09-08T00:00:00Z,Protection of Children (Publicity) Bill,Title: Protection of Children (Publicity) Bill | Summary: No summary available | Description: No description available,UK_Parliament_Bills_Enriched_Corpus,2,17.94
140,2009-07-14T00:00:00Z,Crossrail Act 2008,Title: Crossrail Act 2008 | Summary: No summary available | Description: No description available,UK_Parliament_Bills_Enriched_Corpus,0.8,15.16
464,2009-07-07T00:00:00Z,Cohabitation (No. 2) Bill,Title: Cohabitation (No. 2) Bill | Summary: No summary available | Description: No description available,UK_Parliament_Bills_Enriched_Corpus,0.8,14.08
413,2009-06-25T00:00:00Z,Presumption of Death Bill,Title: Presumption of Death Bill | Summary: No summary available | Description: No description available,UK_Parliament_Bills_Enriched_Corpus,0.05,15.43
406,2009-06-25T00:00:00Z,Scottish Banknotes (Acceptability in United Kingdom) Bill,Title: Scottish Banknotes (Acceptability in United Kingdom) Bill | Summary: No summary available | Description: No description available,UK_Parliament_Bills_Enriched_Corpus,1.3,19.62
433,2009-06-25T00:00:00Z,Sovereignty Of Parliament (European Communities) Bill,Title: Sovereignty Of Parliament (European Communities) Bill | Summary: No summary available | Description: No description available,UK_Parliament_Bills_Enriched_Corpus,0.8,20.19
442,2009-06-23T00:00:00Z,Exercise of Reasonable Discretion Bill,Title: Exercise of Reasonable Discretion Bill | Summary: No summary available | Description: No description available,UK_Parliament_Bills_Enriched_Corpus,1.9,18.68
69,2009-06-11T00:00:00Z,Building Societies (Funding) and Mutual Societies (Transfers) Act 2007,Title: Building Societies (Funding) and Mutual Societies (Transfers) Act 2007 | Summary: No summary available | Description: No description available,UK_Parliament_Bills_Enriched_Corpus,1.5,19.35
447,2009-06-03T00:00:00Z,Northern Ireland Act,Title: Northern Ireland Act | Summary: No summary available | Description: No description available,UK_Parliament_Bills_Enriched_Corpus,0.8,16.84
303,2009-04-30T00:00:00Z,Finance Act 2008,Title: Finance Act 2008 | Summary: No summary available | Description: No description available,UK_Parliament_Bills_Enriched_Corpus,0.8,15.16
371,2009-03-12T00:00:00Z,Consolidated Fund Act 2008,Title: Consolidated Fund Act 2008 | Summary: No summary available | Description: No description available,UK_Parliament_Bills_Enriched_Corpus,0.8,17.01
194,2009-02-25T00:00:00Z,Children and Young Persons Act 2008,Title: Children and Young Persons Act 2008 | Summary: No summary available | Description: No description available,UK_Parliament_Bills_Enriched_Corpus,1.2,14.64
221,2009-02-25T00:00:00Z,Consolidated Fund Act 2007,Title: Consolidated Fund Act 2007 | Summary: No summary available | Description: No description available,UK_Parliament_Bills_Enriched_Corpus,0.8,17.01
291,2009-02-25T00:00:00Z,Appropriation Act 2008,Title: Appropriation Act 2008 | Summary: No summary available | Description: No description available,UK_Parliament_Bills_Enriched_Corpus,0.4,17.68
341,2009-02-25T00:00:00Z,Appropriation (No. 3) Act 2008,Title: Appropriation (No. 3) Act 2008 | Summary: No summary available | Description: No description available,UK_Parliament_Bills_Enriched_Corpus,0.4,13.34
270,2009-02-25T00:00:00Z,Counter-Terrorism Act 2008,Title: Counter-Terrorism Act 2008 | Summary: No summary available | Description: No description available,UK_Parliament_Bills_Enriched_Corpus,0.8,17.01
137,2009-02-25T00:00:00Z,Criminal Justice and Immigration Act 2008,Title: Criminal Justice and Immigration Act 2008 | Summary: No summary available | Description: No description available,UK_Parliament_Bills_Enriched_Corpus,1.05,17.42
187,2009-02-25T00:00:00Z,Dormant Bank and Building Society Accounts Act 2008,Title: Dormant Bank and Building Society Accounts Act 2008 | Summary: No summary available | Description: No description available,UK_Parliament_Bills_Enriched_Corpus,0.9,16.66
202,2009-02-25T00:00:00Z,Education and Skills Act 2008,Title: Education and Skills Act 2008 | Summary: No summary available | Description: No description available,UK_Parliament_Bills_Enriched_Corpus,0.8,15.73
243,2009-02-25T00:00:00Z,Employment Act 2008,Title: Employment Act 2008 | Summary: No summary available | Description: No description available,UK_Parliament_Bills_Enriched_Corpus,0.8,16
196,2009-02-25T00:00:00Z,Housing and Regeneration Act 2008,Title: Housing and Regeneration Act 2008 | Summary: No summary available | Description: No description available,UK_Parliament_Bills_Enriched_Corpus,0.8,17.2
191,2009-02-25T00:00:00Z,Human Fertilisation and Embryology Act 2008,Title: Human Fertilisation and Embryology Act 2008 | Summary: No summary available | Description: No description available,UK_Parliament_Bills_Enriched_Corpus,0.8,19.5
183,2009-02-25T00:00:00Z,Local Transport Act 2008,Title: Local Transport Act 2008 | Summary: No summary available | Description: No description available,UK_Parliament_Bills_Enriched_Corpus,0.8,15.43
193,2009-02-25T00:00:00Z,National Insurance Contributions Act 2008,Title: National Insurance Contributions Act 2008 | Summary: No summary available | Description: No description available,UK_Parliament_Bills_Enriched_Corpus,0.8,18.68
220,2009-02-25T00:00:00Z,Pensions Act 2008,Title: Pensions Act 2008 | Summary: No summary available | Description: No description available,UK_Parliament_Bills_Enriched_Corpus,0.8,15.16
190,2009-02-25T00:00:00Z,Sale of Student Loans Act 2008,Title: Sale of Student Loans Act 2008 | Summary: No summary available | Description: No description available,UK_Parliament_Bills_Enriched_Corpus,0.8,13.95
223,2009-02-25T00:00:00Z,Special Educational Needs (Information) Act 2008,Title: Special Educational Needs (Information) Act 2008 | Summary: No summary available | Description: No description available,UK_Parliament_Bills_Enriched_Corpus,2.8,18.8
287,2009-02-25T00:00:00Z,Statute Law (Repeals) Act 2008,Title: Statute Law (Repeals) Act 2008 | Summary: No summary available | Description: No description available,UK_Parliament_Bills_Enriched_Corpus,0.8,14.99
327,2009-02-24T00:00:00Z,Criminal Evidence (Witness Anonymity) Act 2008,Title: Criminal Evidence (Witness Anonymity) Act 2008 | Summary: No summary available | Description: No description available,UK_Parliament_Bills_Enriched_Corpus,-0.2,19.5
188,2009-02-24T00:00:00Z,European Communities (Finance) Act 2008,Title: European Communities (Finance) Act 2008 | Summary: No summary available | Description: No description available,UK_Parliament_Bills_Enriched_Corpus,0.8,18.68
198,2009-02-23T00:00:00Z,Alcohol Labelling Bill [HL],Title: Alcohol Labelling Bill [HL] | Summary: No summary available | Description: No description available,UK_Parliament_Bills_Enriched_Corpus,0.8,17.01
189,2009-02-23T00:00:00Z,Channel Tunnel Rail Link (Supplementary Provisions) Act 2008,Title: Channel Tunnel Rail Link (Supplementary Provisions) Act 2008 | Summary: No summary available | Description: No description available,UK_Parliament_Bills_Enriched_Corpus,0.8,17.9
121,2009-02-23T00:00:00Z,Child Maintenance and Other Payments Act 2008,Title: Child Maintenance and Other Payments Act 2008 | Summary: No summary available | Description: No description available,UK_Parliament_Bills_Enriched_Corpus,1.4,15.69
295,2009-02-23T00:00:00Z,Immigration (Discharged Gurkhas) Bill [HL],Title: Immigration (Discharged Gurkhas) Bill [HL] | Summary: No summary available | Description: No description available,UK_Parliament_Bills_Enriched_Corpus,0.8,17.2
299,2009-02-23T00:00:00Z,Iraq War Inquiry Bill [HL],Title: Iraq War Inquiry Bill [HL] | Summary: No summary available | Description: No description available,UK_Parliament_Bills_Enriched_Corpus,0.3,15.73
201,2009-02-23T00:00:00Z,Kidney Transplant Bill [HL],Title: Kidney Transplant Bill [HL] | Summary: No summary available | Description: No description available,UK_Parliament_Bills_Enriched_Corpus,0.8,15.43
200,2009-02-23T00:00:00Z,Planning Act 2008,Title: Planning Act 2008 | Summary: No summary available | Description: No description available,UK_Parliament_Bills_Enriched_Corpus,1.05,15.16
192,2009-02-23T00:00:00Z,Regulatory Enforcement and Sanctions Act 2008,Title: Regulatory Enforcement and Sanctions Act 2008 | Summary: No summary available | Description: No description available,UK_Parliament_Bills_Enriched_Corpus,0.05,18.11
265,2009-02-23T00:00:00Z,Retail Development Bill [HL],Title: Retail Development Bill [HL] | Summary: No summary available | Description: No description available,UK_Parliament_Bills_Enriched_Corpus,0.8,17.01
274,2009-02-23T00:00:00Z,Safety Deposit Current Accounts Bill [HL],Title: Safety Deposit Current Accounts Bill [HL] | Summary: No summary available | Description: No description available,UK_Parliament_Bills_Enriched_Corpus,1.6,16.72
292,2009-02-23T00:00:00Z,Sunday Trading (Horticulture) Bill [HL],Title: Sunday Trading (Horticulture) Bill [HL] | Summary: No summary available | Description: No description available,UK_Parliament_Bills_Enriched_Corpus,0.8,17.2
316,2008-12-15T00:00:00Z,Members of Parliament (Pay and Responsibilities) Bill,Title: Members of Parliament (Pay and Responsibilities) Bill | Summary: No summary available | Description: No description available,UK_Parliament_Bills_Enriched_Corpus,0.7,18.31
313,2008-12-02T00:00:00Z,Adults with Autism Bill,Title: Adults with Autism Bill | Summary: No summary available | Description: No description available,UK_Parliament_Bills_Enriched_Corpus,0.8,16.22
306,2008-11-27T00:00:00Z,Borough Freedom (No. 2) Bill [HL],Title: Borough Freedom (No. 2) Bill [HL] | Summary: No summary available | Description: No description available,UK_Parliament_Bills_Enriched_Corpus,1.55,11.33
217,2008-11-27T00:00:00Z,London Local Authorities (Shopping Bags) Bill,Title: London Local Authorities (Shopping Bags) Bill | Summary: No summary available | Description: No description available,UK_Parliament_Bills_Enriched_Corpus,1.2,17.42
213,2008-11-27T00:00:00Z,Northern Bank Bill,Title: Northern Bank Bill | Summary: No summary available | Description: No description available,UK_Parliament_Bills_Enriched_Corpus,0.8,15.16
353,2008-11-27T00:00:00Z,Road Traffic (Accident Compensation) Bill,Title: Road Traffic (Accident Compensation) Bill | Summary: No summary available | Description: No description available,UK_Parliament_Bills_Enriched_Corpus,0.3,17.94
354,2008-11-26T00:00:00Z,Children (Protection of Privacy) Bill,Title: Children (Protection of Privacy) Bill | Summary: No summary available | Description: No description available,UK_Parliament_Bills_Enriched_Corpus,1.6,17.2
164,2008-11-26T00:00:00Z,Corporate Manslaughter and Corporate Homicide Act 2007,Title: Corporate Manslaughter and Corporate Homicide Act 2007 | Summary: No summary available | Description: No description available,UK_Parliament_Bills_Enriched_Corpus,-0.7,18.31
210,2008-11-26T00:00:00Z,Transport for London Act 2008,Title: Transport for London Act 2008 | Summary: No summary available | Description: No description available,UK_Parliament_Bills_Enriched_Corpus,0.8,14.99
352,2008-11-20T00:00:00Z,Interest Rates (Maximum Limit) Bill,Title: Interest Rates (Maximum Limit) Bill | Summary: No summary available | Description: No description available,UK_Parliament_Bills_Enriched_Corpus,1.05,17.2
351,2008-11-20T00:00:00Z,Police (Justice Commissioners) Bill,Title: Police (Justice Commissioners) Bill | Summary: No summary available | Description: No description available,UK_Parliament_Bills_Enriched_Corpus,1.55,17.79
350,2008-11-20T00:00:00Z,Remembrance Day Bank Holiday Bill,Title: Remembrance Day Bank Holiday Bill | Summary: No summary available | Description: No description available,UK_Parliament_Bills_Enriched_Corpus,1.6,16.46
347,2008-11-07T00:00:00Z,Food Labelling Bill,Title: Food Labelling Bill | Summary: No summary available | Description: No description available,UK_Parliament_Bills_Enriched_Corpus,1.2,16
345,2008-11-07T00:00:00Z,Gamma-Butyrolactone (Prohibition) Bill,Title: Gamma-Butyrolactone (Prohibition) Bill | Summary: No summary available | Description: No description available,UK_Parliament_Bills_Enriched_Corpus,-0.2,20.94
253,2008-10-30T00:00:00Z,Citizens' Convention Bill,Title: Citizens' Convention Bill | Summary: No summary available | Description: No description available,UK_Parliament_Bills_Enriched_Corpus,1.2,17.68
284,2008-10-30T00:00:00Z,Copyright in Sound Recordings and Performers' Rights (Term Extension) Bill,Title: Copyright in Sound Recordings and Performers' Rights (Term Extension) Bill | Summary: No summary available | Description: No description available,UK_Parliament_Bills_Enriched_Corpus,0.8,17.32
283,2008-10-30T00:00:00Z,Criminal Justice (Raves) Bill,Title: Criminal Justice (Raves) Bill | Summary: No summary available | Description: No description available,UK_Parliament_Bills_Enriched_Corpus,1.05,16.22
244,2008-10-30T00:00:00Z,Drugs (Reclassification) Bill,Title: Drugs (Reclassification) Bill | Summary: No summary available | Description: No description available,UK_Parliament_Bills_Enriched_Corpus,0.8,18.53
239,2008-10-30T00:00:00Z,Environmental Protection (Airports) Bill,Title: Environmental Protection (Airports) Bill | Summary: No summary available | Description: No description available,UK_Parliament_Bills_Enriched_Corpus,1.6,19.37
254,2008-10-30T00:00:00Z,Expenses of Public Servants (Publication) Bill,Title: Expenses of Public Servants (Publication) Bill | Summary: No summary available | Description: No description available,UK_Parliament_Bills_Enriched_Corpus,0.55,18.11
234,2008-10-30T00:00:00Z,Fixed Term Parliaments Bill,Title: Fixed Term Parliaments Bill | Summary: No summary available | Description: No description available,UK_Parliament_Bills_Enriched_Corpus,0.8,15.43
228,2008-10-30T00:00:00Z,Food Products (Marketing to Children) Bill,Title: Food Products (Marketing to Children) Bill | Summary: No summary available | Description: No description available,UK_Parliament_Bills_Enriched_Corpus,1.2,16.03
264,2008-10-30T00:00:00Z,Football Spectators and Sports Grounds Bill,Title: Football Spectators and Sports Grounds Bill | Summary: No summary available | Description: No description available,UK_Parliament_Bills_Enriched_Corpus,0.8,15.33
235,2008-10-30T00:00:00Z,Forces Widows' Pensions (Equality of Treatment) Bill,Title: Forces Widows' Pensions (Equality of Treatment) Bill | Summary: No summary available | Description: No description available,UK_Parliament_Bills_Enriched_Corpus,1.35,17.65
241,2008-10-30T00:00:00Z,Foreign Nationals (Statistics) Bill,Title: Foreign Nationals (Statistics) Bill | Summary: No summary available | Description: No description available,UK_Parliament_Bills_Enriched_Corpus,0.55,17.79
256,2008-10-30T00:00:00Z,Human Rights Act 1998 (Meaning of Public Function) Bill,Title: Human Rights Act 1998 (Meaning of Public Function) Bill | Summary: No summary available | Description: No description available,UK_Parliament_Bills_Enriched_Corpus,0.8,15.22
305,2008-10-30T00:00:00Z,Illegally Logged Timber (Prohibition of Sale and Distribution) Bill,Title: Illegally Logged Timber (Prohibition of Sale and Distribution) Bill | Summary: No summary available | Description: No description available,UK_Parliament_Bills_Enriched_Corpus,-0.7,18.76
300,2008-10-30T00:00:00Z,Iraq War Inquiry (No. 2) Bill,Title: Iraq War Inquiry (No. 2) Bill | Summary: No summary available | Description: No description available,UK_Parliament_Bills_Enriched_Corpus,0.3,12.02
296,2008-10-30T00:00:00Z,Land Use (Garden Protection) Bill,Title: Land Use (Garden Protection) Bill | Summary: No summary available | Description: No description available,UK_Parliament_Bills_Enriched_Corpus,2.2,15.73
279,2008-10-30T00:00:00Z,Race Relations (Election Candidates) Bill,Title: Race Relations (Election Candidates) Bill | Summary: No summary available | Description: No description available,UK_Parliament_Bills_Enriched_Corpus,0.8,17.94
342,2008-10-30T00:00:00Z,Rape (Defences) Bill,Title: Rape (Defences) Bill | Summary: No summary available | Description: No description available,UK_Parliament_Bills_Enriched_Corpus,-0.2,16
249,2008-10-30T00:00:00Z,Road Traffic (Congestion Reduction) Bill,Title: Road Traffic (Congestion Reduction) Bill | Summary: No summary available | Description: No description available,UK_Parliament_Bills_Enriched_Corpus,0.3,17.2
258,2008-10-30T00:00:00Z,Runaway and Missing Children Bill,Title: Runaway and Missing Children Bill | Summary: No summary available | Description: No description available,UK_Parliament_Bills_Enriched_Corpus,-0.45,16.46
331,2008-10-30T00:00:00Z,Safety of Medicines (Evaluation) Bill,Title: Safety of Medicines (Evaluation) Bill | Summary: No summary available | Description: No description available,UK_Parliament_Bills_Enriched_Corpus,1.6,18.68
273,2008-10-30T00:00:00Z,Sale of Wine (Measures) Bill,Title: Sale of Wine (Measures) Bill | Summary: No summary available | Description: No description available,UK_Parliament_Bills_Enriched_Corpus,0.8,14.25
285,2008-10-30T00:00:00Z,Small Print Bill,Title: Small Print Bill | Summary: No summary available | Description: No description available,UK_Parliament_Bills_Enriched_Corpus,0.8,14.31
247,2008-10-30T00:00:00Z,Sovereignty of Parliament (European Communities) Bill,Title: Sovereignty of Parliament (European Communities) Bill | Summary: No summary available | Description: No description available,UK_Parliament_Bills_Enriched_Corpus,0.8,20.19
338,2008-10-30T00:00:00Z,Theft from Shops (Penalties) Bill,Title: Theft from Shops (Penalties) Bill | Summary: No summary available | Description: No description available,UK_Parliament_Bills_Enriched_Corpus,0.3,14.99
257,2008-10-30T00:00:00Z,Umbilical Cord Blood (Donation) Bill,Title: Umbilical Cord Blood (Donation) Bill | Summary: No summary available | Description: No description available,UK_Parliament_Bills_Enriched_Corpus,1.6,17.2
278,2008-10-30T00:00:00Z,Union Flag Bill,Title: Union Flag Bill | Summary: No summary available | Description: No description available,UK_Parliament_Bills_Enriched_Corpus,0.8,15.16
343,2008-10-28T00:00:00Z,Driving Instructors Convicted of Sexual Offences (suspension) Bill,Title: Driving Instructors Convicted of Sexual Offences (suspension) Bill | Summary: No summary available | Description: No description available,UK_Parliament_Bills_Enriched_Corpus,0.3,19.77
233,2008-10-28T00:00:00Z,Voting Age (Reduction) Bill,Title: Voting Age (Reduction) Bill | Summary: No summary available | Description: No description available,UK_Parliament_Bills_Enriched_Corpus,0.8,16.22
289,2008-10-22T00:00:00Z,Autumn Bank Holiday Bill,Title: Autumn Bank Holiday Bill | Summary: No summary available | Description: No description available,UK_Parliament_Bills_Enriched_Corpus,1.6,16.22
320,2008-10-20T00:00:00Z,Local Authorities (Social Equality Audits) Bill,Title: Local Authorities (Social Equality Audits) Bill | Summary: No summary available | Description: No description available,UK_Parliament_Bills_Enriched_Corpus,1.6,19.5
297,2008-10-20T00:00:00Z,Local Authority Powers (Election Campaigns) Bill,Title: Local Authority Powers (Election Campaigns) Bill | Summary: No summary available | Description: No description available,UK_Parliament_Bills_Enriched_Corpus,1.3,18.8
317,2008-10-16T00:00:00Z,Bank Holiday (Contribution of Polish Citizens) Bill,Title: Bank Holiday (Contribution of Polish Citizens) Bill | Summary: No summary available | Description: No description available,UK_Parliament_Bills_Enriched_Corpus,2.1,18.31
325,2008-10-16T00:00:00Z,British Overseas Territories and Crown Dependencies Bill,Title: British Overseas Territories and Crown Dependencies Bill | Summary: No summary available | Description: No description available,UK_Parliament_Bills_Enriched_Corpus,0.8,18.96
330,2008-10-16T00:00:00Z,Cannabis Seeds (Prohibition) Bill,Title: Cannabis Seeds (Prohibition) Bill | Summary: No summary available | Description: No description available,UK_Parliament_Bills_Enriched_Corpus,-0.2,17.79
314,2008-10-16T00:00:00Z,"Committee on the Grant of Honours, Decorations and Medals Bill","Title: Committee on the Grant of Honours, Decorations and Medals Bill | Summary: No summary available | Description: No description available",UK_Parliament_Bills_Enriched_Corpus,1.3,16.76
319,2008-10-16T00:00:00Z,DNA Database (Removal of Samples) Bill,Title: DNA Database (Removal of Samples) Bill | Summary: No summary available | Description: No description available,UK_Parliament_Bills_Enriched_Corpus,0.55,18.11
261,2008-10-16T00:00:00Z,Education (Children with Autism) Bill,Title: Education (Children with Autism) Bill | Summary: No summary available | Description: No description available,UK_Parliament_Bills_Enriched_Corpus,0.8,17.94
310,2008-10-16T00:00:00Z,Immigration (Discharged Gurkhas) (No. 2) Bill,Title: Immigration (Discharged Gurkhas) (No. 2) Bill | Summary: No summary available | Description: No description available,UK_Parliament_Bills_Enriched_Corpus,0.8,13.41
312,2008-10-16T00:00:00Z,Management of Dementia in Care Homes Bill,Title: Management of Dementia in Care Homes Bill | Summary: No summary available | Description: No description available,UK_Parliament_Bills_Enriched_Corpus,1.7,16.34
334,2008-10-16T00:00:00Z,Press Complaints Commission (Breaches of Code of Practice) Bill,Title: Press Complaints Commission (Breaches of Code of Practice) Bill | Summary: No summary available | Description: No description available,UK_Parliament_Bills_Enriched_Corpus,0.2,15.81
322,2008-10-16T00:00:00Z,Protection of Bats and Newts Bill,Title: Protection of Bats and Newts Bill | Summary: No summary available | Description: No description available,UK_Parliament_Bills_Enriched_Corpus,1.6,14.64
308,2008-10-16T00:00:00Z,Right to Roam (Mobile Phones) Bill,Title: Right to Roam (Mobile Phones) Bill | Summary: No summary available | Description: No description available,UK_Parliament_Bills_Enriched_Corpus,1.6,13.95
321,2008-10-16T00:00:00Z,Sex Encounter Establishments (Licensing) Bill,Title: Sex Encounter Establishments (Licensing) Bill | Summary: No summary available | Description: No description available,UK_Parliament_Bills_Enriched_Corpus,0.65,18.68
340,2008-10-16T00:00:00Z,Trading of Primates as Pets (Prohibition) Bill,Title: Trading of Primates as Pets (Prohibition) Bill | Summary: No summary available | Description: No description available,UK_Parliament_Bills_Enriched_Corpus,-0.2,16.34
323,2008-10-16T00:00:00Z,Vehicle Safety (Loads) Bill,Title: Vehicle Safety (Loads) Bill | Summary: No summary available | Description: No description available,UK_Parliament_Bills_Enriched_Corpus,1.6,16.22
224,2008-08-13T00:00:00Z,Temporary and Agency Workers (Equal Treatment) Bill,Title: Temporary and Agency Workers (Equal Treatment) Bill | Summary: No summary available | Description: No description available,UK_Parliament_Bills_Enriched_Corpus,0.55,18.31
208,2008-08-12T00:00:00Z,LONDON LOCAL AUTHORITIES AND TRANSPORT FOR LONDON ACT 2008,Title: LONDON LOCAL AUTHORITIES AND TRANSPORT FOR LONDON ACT 2008 | Summary: No summary available | Description: No description available,UK_Parliament_Bills_Enriched_Corpus,0.8,16.99
214,2008-07-30T00:00:00Z,St. Austell Market Act 2008,Title: St. Austell Market Act 2008 | Summary: No summary available | Description: No description available,UK_Parliament_Bills_Enriched_Corpus,0.8,11.87
255,2008-06-23T00:00:00Z,Road Traffic (Prohibition of Anti-Detection Devices) Bill,Title: Road Traffic (Prohibition of Anti-Detection Devices) Bill | Summary: No summary available | Description: No description available,UK_Parliament_Bills_Enriched_Corpus,-0.2,18.53
229,2008-06-20T00:00:00Z,Environmental Protection (Transfers at Sea) Bill,Title: Environmental Protection (Transfers at Sea) Bill | Summary: No summary available | Description: No description available,UK_Parliament_Bills_Enriched_Corpus,1.6,18.11
307,2008-06-20T00:00:00Z,Road Traffic (Safety) Bill,Title: Road Traffic (Safety) Bill | Summary: No summary available | Description: No description available,UK_Parliament_Bills_Enriched_Corpus,1.6,15.43
260,2008-06-06T00:00:00Z,Planning (Location of Hazardous Sites) Bill,Title: Planning (Location of Hazardous Sites) Bill | Summary: No summary available | Description: No description available,UK_Parliament_Bills_Enriched_Corpus,0.3,16.72
226,2008-05-07T00:00:00Z,Private Equity (Transfer of Undertakings and Protection of Employment) Bill,Title: Private Equity (Transfer of Undertakings and Protection of Employment) Bill | Summary: No summary available | Description: No description available,UK_Parliament_Bills_Enriched_Corpus,2.6,19.01
282,2008-05-02T00:00:00Z,Allotments (Planning) Bill,Title: Allotments (Planning) Bill | Summary: No summary available | Description: No description available,UK_Parliament_Bills_Enriched_Corpus,1.05,16.84
237,2008-04-25T00:00:00Z,Borough Freedom Bill,Title: Borough Freedom Bill | Summary: No summary available | Description: No description available,UK_Parliament_Bills_Enriched_Corpus,1.55,16
225,2008-04-03T00:00:00Z,British Board of Film Classification (Accountability to Parliament and Appeals) Bill,Title: British Board of Film Classification (Accountability to Parliament and Appeals) Bill | Summary: No summary available | Description: No description available,UK_Parliament_Bills_Enriched_Corpus,1.6,19.81
238,2008-02-26T00:00:00Z,Sound Recordings (Copyright Term Extension) Bill,Title: Sound Recordings (Copyright Term Extension) Bill | Summary: No summary available | Description: No description available,UK_Parliament_Bills_Enriched_Corpus,0.8,17.42
275,2008-02-05T00:00:00Z,National Trust (Northern Ireland) Bill,Title: National Trust (Northern Ireland) Bill | Summary: No summary available | Description: No description available,UK_Parliament_Bills_Enriched_Corpus,1.3,17.2
83,2008-01-11T00:00:00Z,Palliative Care (No.2) Bill,Title: Palliative Care (No.2) Bill | Summary: No summary available | Description: No description available,UK_Parliament_Bills_Enriched_Corpus,1.7,15.73
146,2008-01-10T00:00:00Z,Pensions Act 2007,Title: Pensions Act 2007 | Summary: No summary available | Description: No description available,UK_Parliament_Bills_Enriched_Corpus,0.8,15.16
33,2007-11-02T00:00:00Z,"Consumers, Estate Agents and Redress Act 2007","Title: Consumers, Estate Agents and Redress Act 2007 | Summary: No summary available | Description: No description available",UK_Parliament_Bills_Enriched_Corpus,1.6,16.34
74,2007-11-02T00:00:00Z,Disabled Children (Family Support) Bill,Title: Disabled Children (Family Support) Bill | Summary: No summary available | Description: No description available,UK_Parliament_Bills_Enriched_Corpus,0.55,17.94
174,2007-11-02T00:00:00Z,Grandparents (Rights of Access) Bill,Title: Grandparents (Rights of Access) Bill | Summary: No summary available | Description: No description available,UK_Parliament_Bills_Enriched_Corpus,0.8,15.73
47,2007-11-02T00:00:00Z,Legal Services Act,Title: Legal Services Act | Summary: No summary available | Description: No description available,UK_Parliament_Bills_Enriched_Corpus,1.05,16.84
70,2007-11-02T00:00:00Z,Northern Ireland (St Andrews Agreement) Act 2007,Title: Northern Ireland (St Andrews Agreement) Act 2007 | Summary: No summary available | Description: No description available,UK_Parliament_Bills_Enriched_Corpus,1.3,17
79,2007-11-02T00:00:00Z,Serious Crime Act 2007,Title: Serious Crime Act 2007 | Summary: No summary available | Description: No description available,UK_Parliament_Bills_Enriched_Corpus,0.05,15.43
95,2007-11-02T00:00:00Z,Streetscape and Highways Design Bill,Title: Streetscape and Highways Design Bill | Summary: No summary available | Description: No description available,UK_Parliament_Bills_Enriched_Corpus,0.8,16.46
97,2007-11-02T00:00:00Z,Sustainable Communities Act 2007,Title: Sustainable Communities Act 2007 | Summary: No summary available | Description: No description available,UK_Parliament_Bills_Enriched_Corpus,1.8,18.58
28,2007-11-01T00:00:00Z,Age-Related Macular Degeneration Bill,Title: Age-Related Macular Degeneration Bill | Summary: No summary available | Description: No description available,UK_Parliament_Bills_Enriched_Corpus,0.8,19.41
145,2007-11-01T00:00:00Z,Cystic Fibrosis (Exemption from Prescription Charges) Bill,Title: Cystic Fibrosis (Exemption from Prescription Charges) Bill | Summary: No summary available | Description: No description available,UK_Parliament_Bills_Enriched_Corpus,0.55,18.31
173,2007-11-01T00:00:00Z,Packaging (Reduction) Bill,Title: Packaging (Reduction) Bill | Summary: No summary available | Description: No description available,UK_Parliament_Bills_Enriched_Corpus,0.8,17.68
152,2007-11-01T00:00:00Z,Post-16 Education and Training Bill,Title: Post-16 Education and Training Bill | Summary: No summary available | Description: No description available,UK_Parliament_Bills_Enriched_Corpus,0.8,16.03
158,2007-11-01T00:00:00Z,Provision of Palliative Care Bill,Title: Provision of Palliative Care Bill | Summary: No summary available | Description: No description available,UK_Parliament_Bills_Enriched_Corpus,1.7,17.2
59,2007-11-01T00:00:00Z,Retail Packaging (Recycling) Bill,Title: Retail Packaging (Recycling) Bill | Summary: No summary available | Description: No description available,UK_Parliament_Bills_Enriched_Corpus,0.8,18.58
102,2007-11-01T00:00:00Z,Temporary and Agency Workers (Prevention of Less Favourable Treatment) Bill,Title: Temporary and Agency Workers (Prevention of Less Favourable Treatment) Bill | Summary: No summary available | Description: No description available,UK_Parliament_Bills_Enriched_Corpus,0.8,19.57
103,2007-11-01T00:00:00Z,Termination of Pregnancy Bill,Title: Termination of Pregnancy Bill | Summary: No summary available | Description: No description available,UK_Parliament_Bills_Enriched_Corpus,0,17.79
107,2007-11-01T00:00:00Z,Trade Union Rights and Freedoms Bill,Title: Trade Union Rights and Freedoms Bill | Summary: No summary available | Description: No description available,UK_Parliament_Bills_Enriched_Corpus,1.8,14.64
77,2007-10-31T00:00:00Z,Scottish Parliament Elections Bill,Title: Scottish Parliament Elections Bill | Summary: No summary available | Description: No description available,UK_Parliament_Bills_Enriched_Corpus,0.8,17.79
115,2007-10-31T00:00:00Z,UK Borders Act,Title: UK Borders Act | Summary: No summary available | Description: No description available,UK_Parliament_Bills_Enriched_Corpus,0.8,16
34,2007-10-30T00:00:00Z,Corruption Bill [HL],Title: Corruption Bill [HL] | Summary: No summary available | Description: No description available,UK_Parliament_Bills_Enriched_Corpus,0.05,16
53,2007-10-30T00:00:00Z,Rating (Empty Properties) Act 2007,Title: Rating (Empty Properties) Act 2007 | Summary: No summary available | Description: No description available,UK_Parliament_Bills_Enriched_Corpus,0.55,16.46
93,2007-10-30T00:00:00Z,Statistics and Registration Service Act 2007,Title: Statistics and Registration Service Act 2007 | Summary: No summary available | Description: No description available,UK_Parliament_Bills_Enriched_Corpus,0.8,17.42
100,2007-10-30T00:00:00Z,Television Advertising (Food) Bill [HL],Title: Television Advertising (Food) Bill [HL] | Summary: No summary available | Description: No description available,UK_Parliament_Bills_Enriched_Corpus,1.2,17.94
127,2007-10-30T00:00:00Z,Victims of Overseas Terrorism Bill [HL],Title: Victims of Overseas Terrorism Bill [HL] | Summary: No summary available | Description: No description available,UK_Parliament_Bills_Enriched_Corpus,-0.7,17.42
129,2007-10-30T00:00:00Z,Waging War (Parliament's Role and Responsibilty) Bill,Title: Waging War (Parliament's Role and Responsibilty) Bill | Summary: No summary available | Description: No description available,UK_Parliament_Bills_Enriched_Corpus,0.3,17.65
141,2007-10-30T00:00:00Z,Wild Birds (Protection) Bill,Title: Wild Birds (Protection) Bill | Summary: No summary available | Description: No description available,UK_Parliament_Bills_Enriched_Corpus,1.35,15.43
27,2007-10-27T00:00:00Z,Access To Inland Waterways Bill,Title: Access To Inland Waterways Bill | Summary: No summary available | Description: No description available,UK_Parliament_Bills_Enriched_Corpus,0.8,16.46
56,2007-10-27T00:00:00Z,Alcohol (Harm Reduction) Bill,Title: Alcohol (Harm Reduction) Bill | Summary: No summary available | Description: No description available,UK_Parliament_Bills_Enriched_Corpus,0.05,17.01
76,2007-10-27T00:00:00Z,Carers (Identification Support) Bill,Title: Carers (Identification Support) Bill | Summary: No summary available | Description: No description available,UK_Parliament_Bills_Enriched_Corpus,1.3,19.37
120,2007-10-27T00:00:00Z,Catholics (Prevention of Discrimination) Bill,Title: Catholics (Prevention of Discrimination) Bill | Summary: No summary available | Description: No description available,UK_Parliament_Bills_Enriched_Corpus,0.55,18.68
122,2007-10-27T00:00:00Z,Childcare Provision (Wales) Bill,Title: Childcare Provision (Wales) Bill | Summary: No summary available | Description: No description available,UK_Parliament_Bills_Enriched_Corpus,0.8,16.22
124,2007-10-27T00:00:00Z,Cluster Munitions (Prohibition of Development and Aquisition) Bill,Title: Cluster Munitions (Prohibition of Development and Aquisition) Bill | Summary: No summary available | Description: No description available,UK_Parliament_Bills_Enriched_Corpus,-0.2,20.39
31,2007-10-27T00:00:00Z,Cluster Munitions (Prohibition) Bill [HL],Title: Cluster Munitions (Prohibition) Bill [HL] | Summary: No summary available | Description: No description available,UK_Parliament_Bills_Enriched_Corpus,-0.2,17.94
32,2007-10-27T00:00:00Z,Concessionary Bus Travel Act 2007,Title: Concessionary Bus Travel Act 2007 | Summary: No summary available | Description: No description available,UK_Parliament_Bills_Enriched_Corpus,0.8,17.2
126,2007-10-27T00:00:00Z,Appropriation Act 2007,Title: Appropriation Act 2007 | Summary: No summary available | Description: No description available,UK_Parliament_Bills_Enriched_Corpus,0.4,17.68
38,2007-10-27T00:00:00Z,European Union (Information etc) Bill [HL],Title: European Union (Information etc) Bill [HL] | Summary: No summary available | Description: No description available,UK_Parliament_Bills_Enriched_Corpus,1.2,20.19
163,2007-10-27T00:00:00Z,Finance Act 2007,Title: Finance Act 2007 | Summary: No summary available | Description: No description available,UK_Parliament_Bills_Enriched_Corpus,0.8,15.16
39,2007-10-27T00:00:00Z,Forced Marriage (Civil Protection) Act 2007,Title: Forced Marriage (Civil Protection) Act 2007 | Summary: No summary available | Description: No description available,UK_Parliament_Bills_Enriched_Corpus,2.5,16.03
94,2007-10-27T00:00:00Z,Fraud (Trials Without a Jury) Bill,Title: Fraud (Trials Without a Jury) Bill | Summary: No summary available | Description: No description available,UK_Parliament_Bills_Enriched_Corpus,0.05,15.33
40,2007-10-27T00:00:00Z,Further Education and Training Act 2007,Title: Further Education and Training Act 2007 | Summary: No summary available | Description: No description available,UK_Parliament_Bills_Enriched_Corpus,0.8,16.72
104,2007-10-27T00:00:00Z,Greater London Authority Act 2007,Title: Greater London Authority Act 2007 | Summary: No summary available | Description: No description available,UK_Parliament_Bills_Enriched_Corpus,1.8,17.2
160,2007-10-27T00:00:00Z,Investment Exchanges and Clearing Houses Act 2006,Title: Investment Exchanges and Clearing Houses Act 2006 | Summary: No summary available | Description: No description available,UK_Parliament_Bills_Enriched_Corpus,0.8,17
161,2007-10-27T00:00:00Z,Justice and Security (Northern Ireland) Act 2007,Title: Justice and Security (Northern Ireland) Act 2007 | Summary: No summary available | Description: No description available,UK_Parliament_Bills_Enriched_Corpus,1.8,17.65
73,2007-10-27T00:00:00Z,Offender Management Act 2007,Title: Offender Management Act 2007 | Summary: No summary available | Description: No description available,UK_Parliament_Bills_Enriched_Corpus,0.45,17.01
150,2007-10-27T00:00:00Z,Planning-Gain Supplement (Preparations) Act 2007,Title: Planning-Gain Supplement (Preparations) Act 2007 | Summary: No summary available | Description: No description available,UK_Parliament_Bills_Enriched_Corpus,0.8,17.42
172,2007-10-26T00:00:00Z,Access to Pension Protection Fund Benefits Bill,Title: Access to Pension Protection Fund Benefits Bill | Summary: No summary available | Description: No description available,UK_Parliament_Bills_Enriched_Corpus,2.6,17
171,2007-10-26T00:00:00Z,Bicycles (Children's Safety Helmets) Bill,Title: Bicycles (Children's Safety Helmets) Bill | Summary: No summary available | Description: No description available,UK_Parliament_Bills_Enriched_Corpus,1.6,17.2
113,2007-10-26T00:00:00Z,Housing Association (Rights and Representation of Residents) Bill,Title: Housing Association (Rights and Representation of Residents) Bill | Summary: No summary available | Description: No description available,UK_Parliament_Bills_Enriched_Corpus,0.8,19.77
156,2007-10-26T00:00:00Z,Protection of Adults in Care (Prevention of Harm and Exploitation) Bill,Title: Protection of Adults in Care (Prevention of Harm and Exploitation) Bill | Summary: No summary available | Description: No description available,UK_Parliament_Bills_Enriched_Corpus,1.1,17.13
72,2007-10-26T00:00:00Z,Rural Tranquility Bill,Title: Rural Tranquility Bill | Summary: No summary available | Description: No description available,UK_Parliament_Bills_Enriched_Corpus,1.3,17.68
131,2007-10-25T00:00:00Z,Copyright (Miscellaneous Provisions) Bill,Title: Copyright (Miscellaneous Provisions) Bill | Summary: No summary available | Description: No description available,UK_Parliament_Bills_Enriched_Corpus,0.8,20.15
136,2007-10-25T00:00:00Z,Criminal Damage Graffiti Bill,Title: Criminal Damage Graffiti Bill | Summary: No summary available | Description: No description available,UK_Parliament_Bills_Enriched_Corpus,-0.7,17.79
41,2007-10-25T00:00:00Z,Government Spending (Website) Bill [HL],Title: Government Spending (Website) Bill [HL] | Summary: No summary available | Description: No description available,UK_Parliament_Bills_Enriched_Corpus,0.3,16.46
30,2007-10-24T00:00:00Z,Bailiffs (Licensing) Bill [HL],Title: Bailiffs (Licensing) Bill [HL] | Summary: No summary available | Description: No description available,UK_Parliament_Bills_Enriched_Corpus,0.8,16.22
130,2007-10-24T00:00:00Z,Constitutional Reform Bill,Title: Constitutional Reform Bill | Summary: No summary available | Description: No description available,UK_Parliament_Bills_Enriched_Corpus,1.85,18.53
135,2007-10-24T00:00:00Z,Council Housing (Direct Investment) Bill,Title: Council Housing (Direct Investment) Bill | Summary: No summary available | Description: No description available,UK_Parliament_Bills_Enriched_Corpus,1.2,17.2
82,2007-10-24T00:00:00Z,Electric Shock Training Devices Bill,Title: Electric Shock Training Devices Bill | Summary: No summary available | Description: No description available,UK_Parliament_Bills_Enriched_Corpus,0.05,17.2
85,2007-10-24T00:00:00Z,Employment Assistance (Wales) Bill,Title: Employment Assistance (Wales) Bill | Summary: No summary available | Description: No description available,UK_Parliament_Bills_Enriched_Corpus,1.6,17.01
110,2007-10-24T00:00:00Z,"Historic Counties, Towns and Villages (Traffic Signs and Mapping) Bill","Title: Historic Counties, Towns and Villages (Traffic Signs and Mapping) Bill | Summary: No summary available | Description: No description available",UK_Parliament_Bills_Enriched_Corpus,1.2,16.76
111,2007-10-24T00:00:00Z,House of Commons (Participation) Bill,Title: House of Commons (Participation) Bill | Summary: No summary available | Description: No description available,UK_Parliament_Bills_Enriched_Corpus,1.4,17.2
116,2007-10-24T00:00:00Z,Infrastructure Audit (Housing Development) Bill,Title: Infrastructure Audit (Housing Development) Bill | Summary: No summary available | Description: No description available,UK_Parliament_Bills_Enriched_Corpus,0.8,19.41
61,2007-10-24T00:00:00Z,Members of Parliament (Employment Disqualification) Bill,Title: Members of Parliament (Employment Disqualification) Bill | Summary: No summary available | Description: No description available,UK_Parliament_Bills_Enriched_Corpus,0,20.19
147,2007-10-24T00:00:00Z,Pensions (Unclaimed Assets) Bill,Title: Pensions (Unclaimed Assets) Bill | Summary: No summary available | Description: No description available,UK_Parliament_Bills_Enriched_Corpus,1.3,16.22
75,2007-10-24T00:00:00Z,Safeguarding Runaway and Missing Children Bill,Title: Safeguarding Runaway and Missing Children Bill | Summary: No summary available | Description: No description available,UK_Parliament_Bills_Enriched_Corpus,-0.45,17.42
125,2007-10-22T00:00:00Z,Consolidated Fund Act 2006,Title: Consolidated Fund Act 2006 | Summary: No summary available | Description: No description available,UK_Parliament_Bills_Enriched_Corpus,0.8,17.01
128,2007-10-22T00:00:00Z,Appropriation (No.2) Act 2007,Title: Appropriation (No.2) Act 2007 | Summary: No summary available | Description: No description available,UK_Parliament_Bills_Enriched_Corpus,0.4,16.46
132,2007-10-22T00:00:00Z,Copyright Term for Performers and Producers Bill,Title: Copyright Term for Performers and Producers Bill | Summary: No summary available | Description: No description available,UK_Parliament_Bills_Enriched_Corpus,0.8,17
71,2007-10-22T00:00:00Z,Disability Benefits (Single Assessment) Bill,Title: Disability Benefits (Single Assessment) Bill | Summary: No summary available | Description: No description available,UK_Parliament_Bills_Enriched_Corpus,1,20.15
80,2007-10-22T00:00:00Z,Drugs (Reclassification and Roadside Testing) Bill,Title: Drugs (Reclassification and Roadside Testing) Bill | Summary: No summary available | Description: No description available,UK_Parliament_Bills_Enriched_Corpus,0.8,18.11
60,2007-10-22T00:00:00Z,Media (Transparency and Disclosure) Bill,Title: Media (Transparency and Disclosure) Bill | Summary: No summary available | Description: No description available,UK_Parliament_Bills_Enriched_Corpus,0.8,18.68
64,2007-10-22T00:00:00Z,Milk (Pricing) Bill,Title: Milk (Pricing) Bill | Summary: No summary available | Description: No description available,UK_Parliament_Bills_Enriched_Corpus,0.8,15.16
81,2007-10-22T00:00:00Z,Palliative Care Bill [HL],Title: Palliative Care Bill [HL] | Summary: No summary available | Description: No description available,UK_Parliament_Bills_Enriched_Corpus,1.7,16.22
149,2007-10-22T00:00:00Z,Planning (Consultation) Bill,Title: Planning (Consultation) Bill | Summary: No summary available | Description: No description available,UK_Parliament_Bills_Enriched_Corpus,1.05,17.68
153,2007-10-22T00:00:00Z,Prenuptial Agreements Title Bill,Title: Prenuptial Agreements Title Bill | Summary: No summary available | Description: No description available,UK_Parliament_Bills_Enriched_Corpus,0.8,17.79
155,2007-10-22T00:00:00Z,Proof of Age Scheme (Purchase of Restricted Goods) Bill,Title: Proof of Age Scheme (Purchase of Restricted Goods) Bill | Summary: No summary available | Description: No description available,UK_Parliament_Bills_Enriched_Corpus,1.05,14.63
101,2007-10-21T00:00:00Z,Gangmasters (Licensing) Act 2004 Bill,Title: Gangmasters (Licensing) Act 2004 Bill | Summary: No summary available | Description: No description available,UK_Parliament_Bills_Enriched_Corpus,0.8,16.46
44,2007-10-21T00:00:00Z,Interception of Communications (Admissability of Evidence) Bill [HL],Title: Interception of Communications (Admissability of Evidence) Bill [HL] | Summary: No summary available | Description: No description available,UK_Parliament_Bills_Enriched_Corpus,0.8,21.63
117,2007-10-21T00:00:00Z,Intergovernmental Contracts (Provision of Information) Bill,Title: Intergovernmental Contracts (Provision of Information) Bill | Summary: No summary available | Description: No description available,UK_Parliament_Bills_Enriched_Corpus,1.2,20.89
46,2007-10-19T00:00:00Z,Leasehold Information Bill [HL],Title: Leasehold Information Bill [HL] | Summary: No summary available | Description: No description available,UK_Parliament_Bills_Enriched_Corpus,1.2,17.01
157,2007-10-19T00:00:00Z,Protection of Listed Vehicles Bill,Title: Protection of Listed Vehicles Bill | Summary: No summary available | Description: No description available,UK_Parliament_Bills_Enriched_Corpus,1.6,17.2
159,2007-10-19T00:00:00Z,Public Demonstrations (Repeals) Bill [HL],Title: Public Demonstrations (Repeals) Bill [HL] | Summary: No summary available | Description: No description available,UK_Parliament_Bills_Enriched_Corpus,0.8,17.2
37,2007-10-13T00:00:00Z,European Union (Implications of Withdrawal) Bill [HL],Title: European Union (Implications of Withdrawal) Bill [HL] | Summary: No summary available | Description: No description available,UK_Parliament_Bills_Enriched_Corpus,0.8,18.96
63,2007-10-13T00:00:00Z,Royal Commission (Slavery) Bill [HL],Title: Royal Commission (Slavery) Bill [HL] | Summary: No summary available | Description: No description available,UK_Parliament_Bills_Enriched_Corpus,0.05,17.2
